[     607ms] [LOG] %s [0.045] [MP-MTPROTO] constructor @ http://localhost:8080/src/lib/logger.ts:106
[     608ms] [LOG] %s [0.046] [MP-MTPROTO] set webWorker @ http://localhost:8080/src/lib/logger.ts:106
[     608ms] [WARNING] %s [0.047] [MP-MTPROTO] attaching send port @ http://localhost:8080/src/lib/logger.ts:126
[     609ms] [WARNING] %s [0.047] [MP-MTPROTO] created lock lock-44538084-MTPROTO-885788694 @ http://localhost:8080/src/lib/logger.ts:126
[     610ms] [WARNING] %s [0.048] [MP-CRYPTO] attaching send port @ http://localhost:8080/src/lib/logger.ts:126
[     610ms] [WARNING] %s [0.049] [MP-CRYPTO] created lock lock-44538084-CRYPTO-980276752 @ http://localhost:8080/src/lib/logger.ts:126
[     612ms] [WARNING] computations created outside a `createRoot` or `render` will never be disposed @ http://localhost:8080/node_modules/.vite/deps/solid-js.js?v=0f585f33:711
[     613ms] [WARNING] computations created outside a `createRoot` or `render` will never be disposed @ http://localhost:8080/node_modules/.vite/deps/solid-js.js?v=0f585f33:711
[     615ms] [LOG] %s [0.053] [IDB-tweb-common] constructor @ http://localhost:8080/src/lib/logger.ts:106
[     617ms] [WARNING] computations created outside a `createRoot` or `render` will never be disposed @ http://localhost:8080/node_modules/.vite/deps/solid-js.js?v=0f585f33:711
[     617ms] [WARNING] computations created outside a `createRoot` or `render` will never be disposed @ http://localhost:8080/node_modules/.vite/deps/solid-js.js?v=0f585f33:711
[     618ms] [WARNING] computations created outside a `createRoot` or `render` will never be disposed @ http://localhost:8080/node_modules/.vite/deps/solid-js.js?v=0f585f33:711
[     622ms] [LOG] %s [0.060] [MP-MTPROTO] SW registered ServiceWorkerRegistration @ http://localhost:8080/src/lib/logger.ts:106
[     622ms] [WARNING] %s [0.061] [MP-SERVICE] attaching send port @ http://localhost:8080/src/lib/logger.ts:126
[     622ms] [WARNING] %s [0.061] [MP-SERVICE] created lock lock-44538084-SERVICE-1571382451 @ http://localhost:8080/src/lib/logger.ts:126
[     639ms] [LOG] Supported image mime types Set(5) @ http://localhost:8080/src/index.ts:73
[     640ms] [LOG] %s [0.078] [MP-MTPROTO] Passing environment: {CAN_USE_TRANSFERABLES: true, IS_APPLE_MX: false, IS_CALL_SUPPORTED: true, IS_CANVAS_FILTER_SUPPORTED: true, IS_EMOJI_SUPPORTED: true} @ http://localhost:8080/src/lib/logger.ts:106
[     642ms] [LOG] %s [0.080] [MP-MTPROTO] got hello from service worker @ http://localhost:8080/src/lib/logger.ts:106
[     642ms] [WARNING] %s [0.081] [MP-MTPROTO] got service worker port @ http://localhost:8080/src/lib/logger.ts:126
[     958ms] [WARNING] %s [0.396] [MP-CRYPTO] attaching send port @ http://localhost:8080/src/lib/logger.ts:126
[     958ms] [WARNING] %s [0.396] [MP-CRYPTO] created lock lock-44538084-CRYPTO-1793676138 @ http://localhost:8080/src/lib/logger.ts:126
[     958ms] [WARNING] %s [0.397] [MP-CRYPTO] attaching send port @ http://localhost:8080/src/lib/logger.ts:126
[     958ms] [WARNING] %s [0.397] [MP-CRYPTO] created lock lock-44538084-CRYPTO-1584925345 @ http://localhost:8080/src/lib/logger.ts:126
[     958ms] [WARNING] %s [0.397] [MP-CRYPTO] attaching send port @ http://localhost:8080/src/lib/logger.ts:126
[     958ms] [WARNING] %s [0.397] [MP-CRYPTO] created lock lock-44538084-CRYPTO-65916252 @ http://localhost:8080/src/lib/logger.ts:126
[     958ms] [LOG] Workers URLs crypto [http://localhost:8080/src/lib/crypto/crypto.worker.ts?worker_file=&type=module, blob:http://localhost:8080/bf61af5e-b1c0-4a61-a963-cc7f53f3d7f5, blob:http://localhost:8080/2c8bda20-5472-425f-b176-cfce7a5192e5, blob:http://localhost:8080/9f343728-e773-4a73-a532-5205791b253e] @ http://localhost:8080/src/lib/apiManagerProxy.ts:635
[     959ms] [WARNING] %s [0.397] [MP-MTPROTO] mtproto worker received service message port @ http://localhost:8080/src/lib/logger.ts:126
[    3617ms] [ERROR] %s [3.055] [IDB-tweb-common] Error creating/accessing IndexedDB database {type: IDB_CREATE_TIMEOUT, stack: Error
    at makeError (http://localhost:8080/src/… http://localhost:8080/src/lib/files/idb.ts:60:21} @ http://localhost:8080/src/lib/logger.ts:126
[    3617ms] [ERROR] %s [3.056] [AS-tweb-common-session] get error {type: IDB_CREATE_TIMEOUT, stack: Error
    at makeError (http://localhost:8080/src/… http://localhost:8080/src/lib/files/idb.ts:60:21} [settings] session @ http://localhost:8080/src/lib/logger.ts:126
[    3955ms] [LOG] loadStateForAllAccounts time 2 @ http://localhost:8080/src/lib/appManagers/utils/state/loadState.ts:402
[    3956ms] [LOG] Elapsed time since unlocked: 2.97021484375 ms allStates loaded @ http://localhost:8080/src/index.ts:342
[    3957ms] [LOG] Elapsed time since unlocked: 3.633056640625 ms singleInstance started @ http://localhost:8080/src/index.ts:346
[    3958ms] [LOG] Elapsed time since unlocked: 5.258056640625 ms sent all states (1) @ http://localhost:8080/src/index.ts:353
[    3974ms] [LOG] Elapsed time since unlocked: 21.13720703125 ms await I18n.getCacheLangPack() @ http://localhost:8080/src/index.ts:363
[    3990ms] [LOG] Elapsed time since unlocked: 36.84716796875 ms sent all states (2) @ http://localhost:8080/src/index.ts:374
[    3990ms] [LOG] %s [3.429] [THEME] [setTheme] start, fast=true, coordinates=undefined, animations=true @ http://localhost:8080/src/lib/logger.ts:106
[    3991ms] [LOG] %s [3.429] [THEME] [setTheme] set colors, silent=true @ http://localhost:8080/src/lib/logger.ts:106
[    3994ms] [LOG] %s [3.432] [THEME] [setTheme] end @ http://localhost:8080/src/lib/logger.ts:106
[    3994ms] [LOG] got state, time: 3377.5 @ http://localhost:8080/src/index.ts:402
[    3994ms] [LOG] Elapsed time since unlocked: 41.196044921875 ms IMAGE_MIME_TYPES_SUPPORTED_PROMISE @ http://localhost:8080/src/index.ts:404
[    3996ms] [LOG] Will mount auth page: authStateSignQr 1781573053.205 @ http://localhost:8080/src/index.ts:439
[    4003ms] [LOG] %s [3.442] [PUSH-API] unsubscribing @ http://localhost:8080/src/lib/logger.ts:106
[    4005ms] [LOG] %s [3.443] [PUSH-API] no subscription to unsubscribe from @ http://localhost:8080/src/lib/logger.ts:106
[   10617ms] ReferenceError: Cannot access 'transaction' before initialization
    at http://localhost:8080/src/lib/files/idb.ts:253:47
[  193261ms] [LOG] %s [192.699] [NC] onItemAdded {type: global-search-focus, onPop: , noHistory: true} [Object] @ http://localhost:8080/src/lib/logger.ts:106
[  193269ms] [LOG] %s [192.707] [NOTIFICATIONS] start @ http://localhost:8080/src/lib/logger.ts:106
[  193272ms] [LOG] %s [192.710] [IM] selectTab 0 undefined @ http://localhost:8080/src/lib/logger.ts:106
[  193272ms] [WARNING] %s [192.711] [CHAT] constructor @ http://localhost:8080/src/lib/logger.ts:126
[  193281ms] [LOG] %s [192.719] [IM] hashchange   {} @ http://localhost:8080/src/lib/logger.ts:106
[  193282ms] [LOG] %s [192.721] [IM] setBackground false undefined @ http://localhost:8080/src/lib/logger.ts:106
[  193388ms] [LOG] [HEAVY-ANIMATION]: start @ http://localhost:8080/src/hooks/useHeavyAnimationCheck.ts:17
[  193389ms] [LOG] [HEAVY-ANIMATION]: attach promise, length: 1 undefined @ http://localhost:8080/src/hooks/useHeavyAnimationCheck.ts:20
[  193393ms] [LOG] [HEAVY-ANIMATION]: promise end, length: 0 4.300000000745058 @ http://localhost:8080/src/hooks/useHeavyAnimationCheck.ts:29
[  193393ms] [LOG] [HEAVY-ANIMATION]: end @ http://localhost:8080/src/hooks/useHeavyAnimationCheck.ts:45
[  193395ms] TypeError: Cannot read properties of undefined (reading 'classList')
    at selectTarget (http://localhost:8080/src/components/horizontalMenu.ts:42:13)
[  193460ms] [WARNING] %s [192.898] [MP-RLOTTIE] attaching send port @ http://localhost:8080/src/lib/logger.ts:126
[  193460ms] [WARNING] %s [192.898] [MP-RLOTTIE] created lock lock-44538084-RLOTTIE-1729464636 @ http://localhost:8080/src/lib/logger.ts:126
[  193489ms] [WARNING] %s [192.927] [MP-RLOTTIE] attaching send port @ http://localhost:8080/src/lib/logger.ts:126
[  193489ms] [WARNING] %s [192.927] [MP-RLOTTIE] created lock lock-44538084-RLOTTIE-1846843460 @ http://localhost:8080/src/lib/logger.ts:126
[  193489ms] [WARNING] %s [192.928] [MP-RLOTTIE] attaching send port @ http://localhost:8080/src/lib/logger.ts:126
[  193489ms] [WARNING] %s [192.928] [MP-RLOTTIE] created lock lock-44538084-RLOTTIE-543670293 @ http://localhost:8080/src/lib/logger.ts:126
[  193489ms] [WARNING] %s [192.928] [MP-RLOTTIE] attaching send port @ http://localhost:8080/src/lib/logger.ts:126
[  193489ms] [WARNING] %s [192.928] [MP-RLOTTIE] created lock lock-44538084-RLOTTIE-266837706 @ http://localhost:8080/src/lib/logger.ts:126
[  193489ms] [LOG] Workers URLs rlottie [http://localhost:8080/src/lib/rlottie/rlottie.worker.ts?worker_file=&type=module, blob:http://localhost:8080/14f24a97-5f2e-4673-ab87-3884e48a823b, blob:http://localhost:8080/3d37456a-7ec7-4754-bfaa-49d1a007a38e, blob:http://localhost:8080/b2d100bc-e16f-4eb2-9b24-6458ea3e3b69] @ http://localhost:8080/src/lib/apiManagerProxy.ts:635
[  194021ms] [LOG] %s [193.459] [CS] connecting false @ http://localhost:8080/src/lib/logger.ts:106
[  194021ms] [LOG] %s [193.460] [CS] setState false @ http://localhost:8080/src/lib/logger.ts:106
[  194879ms] [LOG] %s [194.318] [CS] setState: isShown: false @ http://localhost:8080/src/lib/logger.ts:106
[  195507ms] [LOG] %s [194.946] [SWIPE-HANDLER] reset @ http://localhost:8080/src/lib/logger.ts:106
[  195507ms] [LOG] %s [194.946] [SWIPE-HANDLER] reset @ http://localhost:8080/src/lib/logger.ts:106
[  196446ms] [LOG] %s [195.884] [CS] connecting false @ http://localhost:8080/src/lib/logger.ts:106
[  196446ms] [LOG] %s [195.884] [CS] setState false @ http://localhost:8080/src/lib/logger.ts:106
[  196478ms] [LOG] %s [195.917] [SWIPE-HANDLER] reset @ http://localhost:8080/src/lib/logger.ts:106
[  196478ms] [LOG] %s [195.917] [SWIPE-HANDLER] reset @ http://localhost:8080/src/lib/logger.ts:106
[  196667ms] [LOG] %s [196.105] [NC] onItemAdded {type: menu, onPop: } [Object, Object] @ http://localhost:8080/src/lib/logger.ts:106
[  196668ms] [WARNING] %s [196.106] [NC] onItemDeleted {type: menu, onPop: } @ http://localhost:8080/src/lib/logger.ts:126
[  196668ms] [LOG] %s [196.106] [NC] onItemAdded {type: menu, onPop: } [Object, Object] @ http://localhost:8080/src/lib/logger.ts:106
[  196671ms] [LOG] %s [196.109] [NC] onItemAdded: push @ http://localhost:8080/src/lib/logger.ts:106
[  196671ms] [WARNING] %s [196.109] [NC] push @ http://localhost:8080/src/lib/logger.ts:126
[  196672ms] [LOG] %s [196.110] [NC] [navigate] NavigateEvent NavigationHistoryEntry @ http://localhost:8080/src/lib/logger.ts:106
[  196673ms] [LOG] %s [196.111] [NC] [navigate] push-like intercepted @ http://localhost:8080/src/lib/logger.ts:106
[  196702ms] TypeError: Cannot read properties of null (reading 'insertBefore')
    at ContextMenuController.open (http://localhost:8080/src/helpers/overlayClickHandler.ts:70:32)
    at ContextMenuController.openBtnMenu (http://localhost:8080/src/helpers/contextMenuController.ts:101:9)
    at open (http://localhost:8080/src/components/buttonMenuToggle.ts:29:27)
[  196673ms] [LOG] %s [196.112] [NC] onItemDeleted: back @ http://localhost:8080/src/lib/logger.ts:106
[  196704ms] [LOG] %s [196.142] [NC] [navigate] NavigateEvent NavigationHistoryEntry @ http://localhost:8080/src/lib/logger.ts:106
[  196704ms] [LOG] %s [196.142] [NC] [navigate] ignoring event traverse @ http://localhost:8080/src/lib/logger.ts:106
[  196704ms] [LOG] %s [196.143] [NC] onItemAdded: push @ http://localhost:8080/src/lib/logger.ts:106
[  196704ms] [WARNING] %s [196.143] [NC] push @ http://localhost:8080/src/lib/logger.ts:126
[  196705ms] [LOG] %s [196.143] [NC] [navigate] NavigateEvent NavigationHistoryEntry @ http://localhost:8080/src/lib/logger.ts:106
[  196705ms] [LOG] %s [196.143] [NC] [navigate] push-like intercepted @ http://localhost:8080/src/lib/logger.ts:106
[  197064ms] [LOG] %s [196.502] [CS] setState: isShown: false @ http://localhost:8080/src/lib/logger.ts:106
[  198817ms] [LOG] %s [198.256] [CS] connecting false @ http://localhost:8080/src/lib/logger.ts:106
[  198817ms] [LOG] %s [198.256] [CS] setState false @ http://localhost:8080/src/lib/logger.ts:106
[  199039ms] [LOG] %s [198.478] [CS] connecting false @ http://localhost:8080/src/lib/logger.ts:106
[  199039ms] [LOG] %s [198.478] [CS] setState false @ http://localhost:8080/src/lib/logger.ts:106
[  199318ms] [LOG] %s [198.757] [CS] connecting false @ http://localhost:8080/src/lib/logger.ts:106
[  199318ms] [LOG] %s [198.757] [CS] setState false @ http://localhost:8080/src/lib/logger.ts:106
[  199624ms] [LOG] %s [199.063] [CS] connecting false @ http://localhost:8080/src/lib/logger.ts:106
[  199624ms] [LOG] %s [199.063] [CS] setState false @ http://localhost:8080/src/lib/logger.ts:106
[  199761ms] [LOG] %s [199.199] [NOTIFICATIONS] cancel msg_1_-1677025029_4296398521 undefined @ http://localhost:8080/src/lib/logger.ts:106
[  199937ms] [LOG] %s [199.376] [CS] connecting false @ http://localhost:8080/src/lib/logger.ts:106
[  199937ms] [LOG] %s [199.376] [CS] setState false @ http://localhost:8080/src/lib/logger.ts:106
[  200070ms] [LOG] %s [199.508] [CS] connecting false @ http://localhost:8080/src/lib/logger.ts:106
[  200070ms] [LOG] %s [199.508] [CS] setState false @ http://localhost:8080/src/lib/logger.ts:106
[  200479ms] [LOG] %s [199.917] [CS] setState: isShown: false @ http://localhost:8080/src/lib/logger.ts:106
[  200610ms] [WARNING] %s [200.048] [MP-MTPROTO] [STUCK] manager pending 6265ms (id=594.414535966835) @ http://localhost:8080/src/lib/logger.ts:126
[  200610ms] [WARNING] %s [200.048] [MP-MTPROTO] [STUCK] manager pending 6260ms (id=612.414535966835) @ http://localhost:8080/src/lib/logger.ts:126
[  200610ms] [WARNING] %s [200.048] [MP-MTPROTO] [STUCK] manager pending 6259ms (id=616.414535966835) @ http://localhost:8080/src/lib/logger.ts:126
[  200610ms] [WARNING] %s [200.048] [MP-MTPROTO] [STUCK] manager pending 6258ms (id=622.414535966835) @ http://localhost:8080/src/lib/logger.ts:126
[  200610ms] [WARNING] %s [200.048] [MP-MTPROTO] [STUCK] manager pending 6256ms (id=630.414535966835) @ http://localhost:8080/src/lib/logger.ts:126
[  200610ms] [WARNING] %s [200.048] [MP-MTPROTO] [STUCK] manager pending 6244ms (id=700.414535966835) @ http://localhost:8080/src/lib/logger.ts:126
[  201953ms] [LOG] %s [201.392] [SWIPE-HANDLER] reset @ http://localhost:8080/src/lib/logger.ts:106
[  201953ms] [LOG] %s [201.392] [SWIPE-HANDLER] reset @ http://localhost:8080/src/lib/logger.ts:106
[  201954ms] [WARNING] %s [201.393] [NC] onItemDeleted {type: menu, onPop: } @ http://localhost:8080/src/lib/logger.ts:126
[  201960ms] [LOG] %s [201.398] [NC] onItemDeleted: back @ http://localhost:8080/src/lib/logger.ts:106
[  201961ms] [LOG] %s [201.399] [NC] [navigate] NavigateEvent NavigationHistoryEntry @ http://localhost:8080/src/lib/logger.ts:106
[  201961ms] [LOG] %s [201.400] [NC] [navigate] ignoring event traverse @ http://localhost:8080/src/lib/logger.ts:106
[  202731ms] [LOG] %s [202.170] [NC] onItemAdded {type: left, onPop: } [Object, Object] @ http://localhost:8080/src/lib/logger.ts:106
[  202738ms] [LOG] [HEAVY-ANIMATION]: start @ http://localhost:8080/src/hooks/useHeavyAnimationCheck.ts:17
[  202738ms] [LOG] [HEAVY-ANIMATION]: attach promise, length: 1 500 @ http://localhost:8080/src/hooks/useHeavyAnimationCheck.ts:20
[  202738ms] [LOG] %s [202.177] [NC] onItemAdded: push @ http://localhost:8080/src/lib/logger.ts:106
[  202738ms] [WARNING] %s [202.177] [NC] push @ http://localhost:8080/src/lib/logger.ts:126
[  202739ms] [LOG] %s [202.177] [NC] [navigate] NavigateEvent NavigationHistoryEntry @ http://localhost:8080/src/lib/logger.ts:106
[  202739ms] [LOG] %s [202.177] [NC] [navigate] push-like intercepted @ http://localhost:8080/src/lib/logger.ts:106
[  203191ms] [LOG] %s [202.630] [CS] connecting false @ http://localhost:8080/src/lib/logger.ts:106
[  203191ms] [LOG] %s [202.630] [CS] setState false @ http://localhost:8080/src/lib/logger.ts:106
[  203239ms] [LOG] [HEAVY-ANIMATION]: promise end, length: 0 501.20000000018626 @ http://localhost:8080/src/hooks/useHeavyAnimationCheck.ts:29
[  203240ms] [LOG] [HEAVY-ANIMATION]: end @ http://localhost:8080/src/hooks/useHeavyAnimationCheck.ts:45
[  204026ms] [LOG] %s [203.464] [CS] setState: isShown: false @ http://localhost:8080/src/lib/logger.ts:106
[  205775ms] [LOG] %s [205.214] [SWIPE-HANDLER] reset @ http://localhost:8080/src/lib/logger.ts:106
[  205775ms] [LOG] %s [205.214] [SWIPE-HANDLER] reset @ http://localhost:8080/src/lib/logger.ts:106
[  205775ms] [LOG] %s [205.214] [SWIPE-HANDLER] reset @ http://localhost:8080/src/lib/logger.ts:106
[  205776ms] [WARNING] %s [205.214] [NC] onItemDeleted {type: left, onPop: } @ http://localhost:8080/src/lib/logger.ts:126
[  205780ms] [LOG] [HEAVY-ANIMATION]: start @ http://localhost:8080/src/hooks/useHeavyAnimationCheck.ts:17
[  205781ms] [LOG] [HEAVY-ANIMATION]: attach promise, length: 1 500 @ http://localhost:8080/src/hooks/useHeavyAnimationCheck.ts:20
[  205781ms] [LOG] %s [205.220] [NC] popstate, navigation: {type: left, onPop: , removed: true} [Object] @ http://localhost:8080/src/lib/logger.ts:106
[  205785ms] [LOG] %s [205.224] [NC] onItemDeleted: back @ http://localhost:8080/src/lib/logger.ts:106
[  205787ms] [LOG] %s [205.225] [NC] [navigate] NavigateEvent NavigationHistoryEntry @ http://localhost:8080/src/lib/logger.ts:106
[  205787ms] [LOG] %s [205.226] [NC] [navigate] ignoring event traverse @ http://localhost:8080/src/lib/logger.ts:106
[  205902ms] [LOG] %s [205.341] [CS] connecting false @ http://localhost:8080/src/lib/logger.ts:106
[  205903ms] [LOG] %s [205.341] [CS] setState false @ http://localhost:8080/src/lib/logger.ts:106
[  206038ms] [LOG] [HEAVY-ANIMATION]: promise end, length: 0 257.40000000037253 @ http://localhost:8080/src/hooks/useHeavyAnimationCheck.ts:29
[  206038ms] [LOG] [HEAVY-ANIMATION]: end @ http://localhost:8080/src/hooks/useHeavyAnimationCheck.ts:45
[  206058ms] [LOG] %s [205.496] [SWIPE-HANDLER] remove listeners @ http://localhost:8080/src/lib/logger.ts:106
[  206058ms] [LOG] %s [205.496] [SWIPE-HANDLER] reset @ http://localhost:8080/src/lib/logger.ts:106
[  206305ms] [LOG] %s [205.744] [CS] setState: isShown: false @ http://localhost:8080/src/lib/logger.ts:106
[  206602ms] [LOG] %s [206.039] [bluff-spoiler] Initializing reconnection interval @ http://localhost:8080/src/lib/logger.ts:106
[  206611ms] [LOG] %s [206.049] [bluff-spoiler] Initializing the worker simulation @ http://localhost:8080/src/lib/logger.ts:106
[  206618ms] [LOG] %s [206.056] [bluff-spoiler] Destroying mask resources @ http://localhost:8080/src/lib/logger.ts:106
[  207649ms] [LOG] %s [207.088] [DIALOGS] dialogs click list @ http://localhost:8080/src/lib/logger.ts:106
[  207657ms] [LOG] %s [207.094] [CHAT] [setLoaded] change top false @ http://localhost:8080/src/lib/logger.ts:106
[  207676ms] [WARNING] computations created outside a `createRoot` or `render` will never be disposed @ http://localhost:8080/node_modules/.vite/deps/solid-js.js?v=0f585f33:711
[  207677ms] [WARNING] computations created outside a `createRoot` or `render` will never be disposed @ http://localhost:8080/node_modules/.vite/deps/solid-js.js?v=0f585f33:711
[  207677ms] [WARNING] computations created outside a `createRoot` or `render` will never be disposed @ http://localhost:8080/node_modules/.vite/deps/solid-js.js?v=0f585f33:711
[  207677ms] [WARNING] computations created outside a `createRoot` or `render` will never be disposed @ http://localhost:8080/node_modules/.vite/deps/solid-js.js?v=0f585f33:711
[  207679ms] [WARNING] %s [207.118] [CHAT] [setPeer] start @ http://localhost:8080/src/lib/logger.ts:126
[  207680ms] [WARNING] %s [207.119] [CHAT] [207.118] start noForwards @ http://localhost:8080/src/lib/logger.ts:126
[  207680ms] [WARNING] %s [207.119] [CHAT] [207.119] start isRestricted @ http://localhost:8080/src/lib/logger.ts:126
[  207680ms] [WARNING] %s [207.119] [CHAT] [207.119] start isLikeGroup @ http://localhost:8080/src/lib/logger.ts:126
[  207680ms] [WARNING] %s [207.119] [CHAT] [207.119] start isRealGroup @ http://localhost:8080/src/lib/logger.ts:126
[  207681ms] [WARNING] %s [207.119] [CHAT] [207.119] start isMegagroup @ http://localhost:8080/src/lib/logger.ts:126
[  207681ms] [WARNING] %s [207.119] [CHAT] [207.119] start isBroadcast @ http://localhost:8080/src/lib/logger.ts:126
[  207681ms] [WARNING] %s [207.119] [CHAT] [207.119] start isChannel @ http://localhost:8080/src/lib/logger.ts:126
[  207681ms] [WARNING] %s [207.119] [CHAT] [207.119] start isBot @ http://localhost:8080/src/lib/logger.ts:126
[  207681ms] [WARNING] %s [207.119] [CHAT] [207.119] start isAnonymousSending @ http://localhost:8080/src/lib/logger.ts:126
[  207681ms] [WARNING] %s [207.119] [CHAT] [207.119] start isPremiumRequired @ http://localhost:8080/src/lib/logger.ts:126
[  207681ms] [WARNING] %s [207.120] [CHAT] [207.120] start starsAmount @ http://localhost:8080/src/lib/logger.ts:126
[  207681ms] [WARNING] %s [207.120] [CHAT] [207.120] start canManageDirectMessages @ http://localhost:8080/src/lib/logger.ts:126
[  207681ms] [WARNING] %s [207.120] [CHAT] [207.120] end isPremiumRequired 0.39999999944120646 @ http://localhost:8080/src/lib/logger.ts:126
[  207686ms] [WARNING] %s [207.125] [CHAT] [207.125] end noForwards 6.2000000001862645 @ http://localhost:8080/src/lib/logger.ts:126
[  207686ms] [WARNING] %s [207.125] [CHAT] [207.125] end isRestricted 6 @ http://localhost:8080/src/lib/logger.ts:126
[  207686ms] [WARNING] %s [207.125] [CHAT] [207.125] end isRealGroup 5.8999999994412065 @ http://localhost:8080/src/lib/logger.ts:126
[  207686ms] [WARNING] %s [207.125] [CHAT] [207.125] end isMegagroup 5.900000000372529 @ http://localhost:8080/src/lib/logger.ts:126
[  207686ms] [WARNING] %s [207.125] [CHAT] [207.125] end isBroadcast 5.7999999998137355 @ http://localhost:8080/src/lib/logger.ts:126
[  207687ms] [WARNING] %s [207.125] [CHAT] [207.125] end isChannel 5.7999999998137355 @ http://localhost:8080/src/lib/logger.ts:126
[  207687ms] [WARNING] %s [207.125] [CHAT] [207.125] end isBot 5.7999999998137355 @ http://localhost:8080/src/lib/logger.ts:126
[  207687ms] [WARNING] %s [207.125] [CHAT] [207.125] end isAnonymousSending 5.7000000001862645 @ http://localhost:8080/src/lib/logger.ts:126
[  207687ms] [WARNING] %s [207.125] [CHAT] [207.125] end starsAmount 5.6000000005587935 @ http://localhost:8080/src/lib/logger.ts:126
[  207687ms] [WARNING] %s [207.125] [CHAT] [207.125] end canManageDirectMessages 5.599999999627471 @ http://localhost:8080/src/lib/logger.ts:126
[  207687ms] [WARNING] %s [207.125] [CHAT] [207.125] end isLikeGroup 6.2999999998137355 @ http://localhost:8080/src/lib/logger.ts:126
[  207691ms] [LOG] %s [207.129] [CHAT] [setPeer] setPeer peerId: -2096687198 Proxy(Object) -2096687198_4295011975 -2096687198_4295015385 @ http://localhost:8080/src/lib/logger.ts:106
[  207691ms] [LOG] %s [207.130] [CHAT] cleanup @ http://localhost:8080/src/lib/logger.ts:106
[  207692ms] [LOG] %s [207.130] [CHAT] [BATCH-PROCESSOR-1] clear @ http://localhost:8080/src/lib/logger.ts:106
[  207693ms] [LOG] %s [207.132] [CHAT] i vin brehnya {cached: false, result: Promise} -2096687198_4295011975 20 20 @ http://localhost:8080/src/lib/logger.ts:106
[  207694ms] [WARNING] %s [207.132] [CHAT] [setPeer] got history @ http://localhost:8080/src/lib/logger.ts:126
[  207698ms] [LOG] %s [207.136] [CHAT] [handleBackgrounds] updating undefined undefined undefined @ http://localhost:8080/src/lib/logger.ts:106
[  207698ms] [WARNING] %s [207.137] [CHAT] [207.137] start topbar @ http://localhost:8080/src/lib/logger.ts:126
[  207699ms] [WARNING] %s [207.137] [CHAT] [207.137] start bubbles @ http://localhost:8080/src/lib/logger.ts:126
[  207699ms] [WARNING] %s [207.137] [CHAT] [207.137] start input @ http://localhost:8080/src/lib/logger.ts:126
[  207699ms] [WARNING] %s [207.137] [CHAT] [207.137] start sharedMedia @ http://localhost:8080/src/lib/logger.ts:126
[  207699ms] [WARNING] %s [207.137] [CHAT] [207.137] start backgrounds @ http://localhost:8080/src/lib/logger.ts:126
[  207699ms] [WARNING] %s [207.138] [CHAT] [207.138] end backgrounds 0.2999999998137355 @ http://localhost:8080/src/lib/logger.ts:126
[  207704ms] [WARNING] %s [207.143] [CHAT] [207.142] end bubbles 5.400000000372529 @ http://localhost:8080/src/lib/logger.ts:126
[  207704ms] [WARNING] %s [207.143] [CHAT] [207.143] end topbar 5.7999999998137355 @ http://localhost:8080/src/lib/logger.ts:126
[  207705ms] [WARNING] %s [207.143] [CHAT] [207.143] end input 6.099999999627471 @ http://localhost:8080/src/lib/logger.ts:126
[  207741ms] [LOG] %s [207.179] [SWIPE-HANDLER] reset @ http://localhost:8080/src/lib/logger.ts:106
[  207741ms] [LOG] %s [207.179] [SWIPE-HANDLER] reset @ http://localhost:8080/src/lib/logger.ts:106
[  207813ms] [WARNING] %s [207.252] [CHAT] [207.252] end sharedMedia 114.5 @ http://localhost:8080/src/lib/logger.ts:126
[  207814ms] [LOG] %s [207.252] [SEARCH-SUPER] load true -2096687198 {} @ http://localhost:8080/src/lib/logger.ts:106
[  207824ms] [WARNING] %s [207.263] [NC] replace @ http://localhost:8080/src/lib/logger.ts:126
[  207825ms] [LOG] %s [207.263] [NC] [navigate] NavigateEvent NavigationHistoryEntry @ http://localhost:8080/src/lib/logger.ts:106
[  207825ms] [LOG] %s [207.264] [IM] selectTab 1 0 @ http://localhost:8080/src/lib/logger.ts:106
[  207830ms] [LOG] %s [207.268] [NC] onItemAdded {type: im, onPop: } [Object, Object] @ http://localhost:8080/src/lib/logger.ts:106
[  207831ms] [LOG] %s [207.270] [NC] onItemAdded: push @ http://localhost:8080/src/lib/logger.ts:106
[  207832ms] [WARNING] %s [207.270] [NC] push @ http://localhost:8080/src/lib/logger.ts:126
[  207832ms] [LOG] %s [207.270] [NC] [navigate] NavigateEvent NavigationHistoryEntry @ http://localhost:8080/src/lib/logger.ts:106
[  207832ms] [LOG] %s [207.271] [NC] [navigate] push-like intercepted @ http://localhost:8080/src/lib/logger.ts:106
[  208256ms] [LOG] %s [207.695] [CHAT] [sponsored-558] sponsored messages: {_: messages.sponsoredMessages, pFlags: Object, posts_between: 10, messages: Array(2), chats: Array(2)} @ http://localhost:8080/src/lib/logger.ts:106
[  208262ms] [LOG] %s [207.700] [CHAT] [handleBackgrounds] updating Proxy(Object) undefined undefined @ http://localhost:8080/src/lib/logger.ts:106
[  208263ms] [LOG] %s [207.702] [CHAT] [handleBackgrounds] updating Proxy(Object) undefined undefined @ http://localhost:8080/src/lib/logger.ts:106
[  208286ms] [LOG] %s [207.724] [CS] connecting false @ http://localhost:8080/src/lib/logger.ts:106
[  208286ms] [LOG] %s [207.725] [CS] setState false @ http://localhost:8080/src/lib/logger.ts:106
[  208357ms] [LOG] %s [207.795] [CHAT--2096687198-chat] [perform-709] start null {count: 11657, history: Array(40), isEnd: Object, offsetIdOffset: 25, messages: undefined} @ http://localhost:8080/src/lib/logger.ts:106
[  208357ms] [LOG] %s [207.796] [CHAT--2096687198-chat] will render sponsored message after mid 4295012011 @ http://localhost:8080/src/lib/logger.ts:106
[  208364ms] [LOG] %s [207.802] [CHAT] [BATCH-PROCESSOR-1] [queue] setting pause @ http://localhost:8080/src/lib/logger.ts:106
[  208374ms] [LOG] %s [207.812] [CHAT] [BATCH-PROCESSOR-1] [queue] start 40 @ http://localhost:8080/src/lib/logger.ts:106
[  208409ms] [LOG] %s [207.848] [CHAT] [BATCH-PROCESSOR-1] [queue] render item time 34.69999999925494 {bubble: div.bubble.channel-post.with-beside-button.hide-name.photo.is-in.can-have-tail, promises: Array(2), message: Object, reverse: true, updatePosition: true} @ http://localhost:8080/src/lib/logger.ts:106
[  208410ms] [LOG] %s [207.848] [CHAT] [BATCH-PROCESSOR-1] [queue] render item time 35.39999999944121 {bubble: div.bubble.channel-post.with-beside-button.hide-name.video.is-in.can-have-tail, promises: Array(2), message: Object, reverse: true, updatePosition: true} @ http://localhost:8080/src/lib/logger.ts:106
[  208410ms] [LOG] %s [207.848] [CHAT] [BATCH-PROCESSOR-1] [queue] render item time 35.5 {bubble: div.bubble.channel-post.with-beside-button.hide-name.photo.is-in.can-have-tail, promises: Array(2), message: Object, reverse: true, updatePosition: true} @ http://localhost:8080/src/lib/logger.ts:106
[  208410ms] [LOG] %s [207.848] [CHAT] [BATCH-PROCESSOR-1] [queue] render item time 35.69999999925494 {bubble: div.bubble.channel-post.with-beside-button.with-reply-markup.hide-name.photo.is-in.can-have-tail, promises: Array(2), message: Object, reverse: true, updatePosition: true} @ http://localhost:8080/src/lib/logger.ts:106
[  208410ms] [LOG] %s [207.848] [CHAT] [BATCH-PROCESSOR-1] [queue] render item time 35.799999999813735 {bubble: div.bubble.channel-post.with-beside-button.has-webpage.single-media.photo.is-square-photo.hide-name…, promises: Array(2), message: Object, reverse: true, updatePosition: true} @ http://localhost:8080/src/lib/logger.ts:106
[  208410ms] [LOG] %s [207.849] [CHAT] [BATCH-PROCESSOR-1] [queue] render item time 35.89999999944121 {bubble: div.bubble.channel-post.with-beside-button.hide-name.is-in.can-have-tail, promises: Array(1), message: Object, reverse: true, updatePosition: true} @ http://localhost:8080/src/lib/logger.ts:106
[  208410ms] [LOG] %s [207.849] [CHAT] [BATCH-PROCESSOR-1] [queue] render item time 36.09999999962747 {bubble: div.bubble.channel-post.with-beside-button.hide-name.photo.is-in.can-have-tail, promises: Array(2), message: Object, reverse: true, updatePosition: true} @ http://localhost:8080/src/lib/logger.ts:106
[  208410ms] [LOG] %s [207.849] [CHAT] [BATCH-PROCESSOR-1] [queue] render item time 36.299999999813735 {bubble: div.bubble.channel-post.with-beside-button.has-webpage.single-media.photo.is-square-photo.hide-name…, promises: Array(3), message: Object, reverse: true, updatePosition: true} @ http://localhost:8080/src/lib/logger.ts:106
[  208411ms] [LOG] %s [207.849] [CHAT] [BATCH-PROCESSOR-1] [queue] render item time 36.39999999944121 {bubble: div.bubble.channel-post.with-beside-button.has-webpage.single-media.photo.is-square-photo.hide-name…, promises: Array(2), message: Object, reverse: true, updatePosition: true} @ http://localhost:8080/src/lib/logger.ts:106
[  208411ms] [LOG] %s [207.849] [CHAT] [BATCH-PROCESSOR-1] [queue] render item time 36.5 {bubble: div.bubble.channel-post.with-beside-button.hide-name.is-in.can-have-tail, promises: Array(1), message: Object, reverse: true, updatePosition: true} @ http://localhost:8080/src/lib/logger.ts:106
[  208411ms] [LOG] %s [207.849] [CHAT] [BATCH-PROCESSOR-1] [queue] render item time 36.69999999925494 {bubble: div.bubble.channel-post.with-beside-button.hide-name.video.is-in.can-have-tail, promises: Array(2), message: Object, reverse: true, updatePosition: true} @ http://localhost:8080/src/lib/logger.ts:106
[  208411ms] [LOG] %s [207.850] [CHAT] [BATCH-PROCESSOR-1] [queue] render item time 36.799999999813735 {bubble: div.bubble.channel-post.with-beside-button.hide-name.photo.is-in.can-have-tail, promises: Array(2), message: Object, reverse: true, updatePosition: true} @ http://localhost:8080/src/lib/logger.ts:106
[  208411ms] [LOG] %s [207.850] [CHAT] [BATCH-PROCESSOR-1] [queue] render item time 37 {bubble: div.bubble.channel-post.with-beside-button.with-reply-markup.hide-name.photo.is-in.can-have-tail, promises: Array(2), message: Object, reverse: true, updatePosition: true} @ http://localhost:8080/src/lib/logger.ts:106
[  208411ms] [LOG] %s [207.850] [CHAT] [BATCH-PROCESSOR-1] [queue] render item time 37.09999999962747 {bubble: div.bubble.channel-post.with-beside-button.hide-name.video.is-in.can-have-tail, promises: Array(2), message: Object, reverse: true, updatePosition: true} @ http://localhost:8080/src/lib/logger.ts:106
[  208411ms] [LOG] %s [207.850] [CHAT] [BATCH-PROCESSOR-1] [queue] render item time 37.19999999925494 {bubble: div.bubble.channel-post.with-beside-button.hide-name.photo.is-in.can-have-tail, promises: Array(2), message: Object, reverse: true, updatePosition: true} @ http://localhost:8080/src/lib/logger.ts:106
[  208413ms] [LOG] %s [207.851] [CHAT] [BATCH-PROCESSOR-1] [queue] render item time 38.5 {bubble: div.bubble.channel-post.with-beside-button.hide-name.video.is-reply.is-in.can-have-tail, promises: Array(2), message: Object, reverse: true, updatePosition: true} @ http://localhost:8080/src/lib/logger.ts:106
[  208413ms] [LOG] %s [207.851] [CHAT] [BATCH-PROCESSOR-1] [queue] render item time 38.69999999925494 {bubble: div.bubble.channel-post.with-beside-button.hide-name.video.is-reply.is-in.can-have-tail, promises: Array(2), message: Object, reverse: true, updatePosition: true} @ http://localhost:8080/src/lib/logger.ts:106
[  208413ms] [LOG] %s [207.851] [CHAT] [BATCH-PROCESSOR-1] [queue] render item time 38.799999999813735 {bubble: div.bubble.channel-post.with-beside-button.hide-name.video.is-reply.is-in.can-have-tail, promises: Array(2), message: Object, reverse: true, updatePosition: true} @ http://localhost:8080/src/lib/logger.ts:106
[  208413ms] [LOG] %s [207.852] [CHAT] [BATCH-PROCESSOR-1] [queue] render item time 38.89999999944121 {bubble: div.bubble.channel-post.with-beside-button.hide-name.video.is-reply.is-in.can-have-tail, promises: Array(2), message: Object, reverse: true, updatePosition: true} @ http://localhost:8080/src/lib/logger.ts:106
[  208433ms] [LOG] %s [207.871] [CHAT] [BATCH-PROCESSOR-1] [queue] render item time 58.5 {bubble: div.bubble.channel-post.with-beside-button.with-reply-markup.hide-name.is-in.can-have-tail, promises: Array(1), message: Object, reverse: true, updatePosition: true} @ http://localhost:8080/src/lib/logger.ts:106
[  208433ms] [LOG] %s [207.872] [CHAT] [BATCH-PROCESSOR-1] [queue] render item time 59.09999999962747 {bubble: div.bubble.channel-post.with-beside-button.with-reply-markup.hide-name.is-in.can-have-tail, promises: Array(1), message: Object, reverse: true, updatePosition: true} @ http://localhost:8080/src/lib/logger.ts:106
[  208434ms] [LOG] %s [207.872] [CHAT] [BATCH-PROCESSOR-1] [queue] render item time 59.39999999944121 {bubble: div.bubble.channel-post.with-beside-button.hide-name.photo.is-in.can-have-tail, promises: Array(2), message: Object, reverse: true, updatePosition: true} @ http://localhost:8080/src/lib/logger.ts:106
[  208434ms] [LOG] %s [207.872] [CHAT] [BATCH-PROCESSOR-1] [queue] render item time 59.59999999962747 {bubble: div.bubble.channel-post.with-beside-button.hide-name.photo.is-in.can-have-tail, promises: Array(2), message: Object, reverse: true, updatePosition: true} @ http://localhost:8080/src/lib/logger.ts:106
[  208434ms] [LOG] %s [207.872] [CHAT] [BATCH-PROCESSOR-1] [queue] render item time 59.69999999925494 {bubble: div.bubble.channel-post.with-beside-button.hide-name.photo.is-in.can-have-tail, promises: Array(2), message: Object, reverse: true, updatePosition: true} @ http://localhost:8080/src/lib/logger.ts:106
[  208434ms] [LOG] %s [207.872] [CHAT] [BATCH-PROCESSOR-1] [queue] render item time 59.799999999813735 {bubble: div.bubble.channel-post.with-beside-button.hide-name.photo.is-in.can-have-tail, promises: Array(2), message: Object, reverse: true, updatePosition: true} @ http://localhost:8080/src/lib/logger.ts:106
[  208437ms] [LOG] %s [207.876] [CHAT] [BATCH-PROCESSOR-1] [queue] render item time 63.09999999962747 {bubble: div.bubble.channel-post.with-beside-button.hide-name.video.is-reply.is-in.can-have-tail, promises: Array(2), message: Object, reverse: true, updatePosition: true} @ http://localhost:8080/src/lib/logger.ts:106
[  208437ms] [LOG] %s [207.876] [CHAT] [BATCH-PROCESSOR-1] [queue] render item time 63.299999999813735 {bubble: div.bubble.channel-post.with-beside-button.hide-name.video.is-reply.is-in.can-have-tail, promises: Array(2), message: Object, reverse: true, updatePosition: true} @ http://localhost:8080/src/lib/logger.ts:106
[  208438ms] [LOG] %s [207.876] [CHAT] [BATCH-PROCESSOR-1] [queue] render item time 63.39999999944121 {bubble: div.bubble.channel-post.with-beside-button.hide-name.video.is-reply.is-in.can-have-tail, promises: Array(2), message: Object, reverse: true, updatePosition: true} @ http://localhost:8080/src/lib/logger.ts:106
[  208438ms] [LOG] %s [207.876] [CHAT] [BATCH-PROCESSOR-1] [queue] render item time 63.5 {bubble: div.bubble.channel-post.with-beside-button.hide-name.video.is-reply.is-in.can-have-tail, promises: Array(2), message: Object, reverse: true, updatePosition: true} @ http://localhost:8080/src/lib/logger.ts:106
[  208438ms] [LOG] %s [207.876] [CHAT] [BATCH-PROCESSOR-1] [queue] render item time 63.59999999962747 {bubble: div.bubble.channel-post.with-beside-button.hide-name.video.is-reply.is-in.can-have-tail, promises: Array(2), message: Object, reverse: true, updatePosition: true} @ http://localhost:8080/src/lib/logger.ts:106
[  208438ms] [LOG] %s [207.876] [CHAT] [BATCH-PROCESSOR-1] [queue] render item time 63.69999999925494 {bubble: div.bubble.channel-post.with-beside-button.hide-name.video.is-reply.is-in.can-have-tail, promises: Array(2), message: Object, reverse: true, updatePosition: true} @ http://localhost:8080/src/lib/logger.ts:106
[  208438ms] [LOG] %s [207.876] [CHAT] [BATCH-PROCESSOR-1] [queue] render item time 63.799999999813735 {bubble: div.bubble.channel-post.with-beside-button.hide-name.video.is-reply.is-in.can-have-tail, promises: Array(2), message: Object, reverse: true, updatePosition: true} @ http://localhost:8080/src/lib/logger.ts:106
[  208438ms] [LOG] %s [207.877] [CHAT] [BATCH-PROCESSOR-1] [queue] render item time 63.799999999813735 {bubble: div.bubble.channel-post.with-beside-button.hide-name.video.is-reply.is-in.can-have-tail, promises: Array(2), message: Object, reverse: true, updatePosition: true} @ http://localhost:8080/src/lib/logger.ts:106
[  208438ms] [LOG] %s [207.877] [CHAT] [BATCH-PROCESSOR-1] [queue] render item time 64 {bubble: div.bubble.channel-post.with-beside-button.hide-name.video.is-reply.is-in.can-have-tail, promises: Array(2), message: Object, reverse: true, updatePosition: true} @ http://localhost:8080/src/lib/logger.ts:106
[  208438ms] [LOG] %s [207.877] [CHAT] [BATCH-PROCESSOR-1] [queue] render item time 64 {bubble: div.bubble.channel-post.with-beside-button.hide-name.video.is-reply.is-in.can-have-tail, promises: Array(2), message: Object, reverse: true, updatePosition: true} @ http://localhost:8080/src/lib/logger.ts:106
[  208438ms] [LOG] %s [207.877] [CHAT] [BATCH-PROCESSOR-1] [queue] render item time 64.09999999962747 {bubble: div.bubble.channel-post.with-beside-button.hide-name.video.is-reply.is-in.can-have-tail, promises: Array(2), message: Object, reverse: true, updatePosition: true} @ http://localhost:8080/src/lib/logger.ts:106
[  208438ms] [LOG] %s [207.877] [CHAT] [BATCH-PROCESSOR-1] [queue] render item time 64.19999999925494 {bubble: div.bubble.channel-post.with-beside-button.hide-name.video.is-reply.is-in.can-have-tail, promises: Array(2), message: Object, reverse: true, updatePosition: true} @ http://localhost:8080/src/lib/logger.ts:106
[  208438ms] [LOG] %s [207.877] [CHAT] [BATCH-PROCESSOR-1] [queue] render item time 64.29999999981374 {bubble: div.bubble.channel-post.with-beside-button.hide-name.video.is-reply.is-in.can-have-tail, promises: Array(2), message: Object, reverse: true, updatePosition: true} @ http://localhost:8080/src/lib/logger.ts:106
[  208439ms] [LOG] %s [207.877] [CHAT] [BATCH-PROCESSOR-1] [queue] render item time 64.3999999994412 {bubble: div.bubble.channel-post.with-beside-button.hide-name.video.is-reply.is-in.can-have-tail, promises: Array(2), message: Object, reverse: true, updatePosition: true} @ http://localhost:8080/src/lib/logger.ts:106
[  208439ms] [LOG] %s [207.877] [CHAT] [BATCH-PROCESSOR-1] [queue] render item time 64.3999999994412 {bubble: div.bubble.channel-post.with-beside-button.hide-name.video.is-reply.is-in.can-have-tail, promises: Array(2), message: Object, reverse: true, updatePosition: true} @ http://localhost:8080/src/lib/logger.ts:106
[  208439ms] [LOG] %s [207.878] [CHAT] [BATCH-PROCESSOR-1] [queue] messages rendered @ http://localhost:8080/src/lib/logger.ts:106
[  208441ms] [LOG] %s [207.879] [CHAT] [BATCH-PROCESSOR-1] [queue] changed ends true false @ http://localhost:8080/src/lib/logger.ts:106
[  208442ms] [LOG] %s [207.880] [CHAT] [BATCH-PROCESSOR-1] [queue] media promises to call [Promise, Promise, Promise, Promise, Promise, Promise, Promise, Promise, Promise, Promise, Promise, Promise, Promise, Promise, Promise, Promise, Promise, Promise, Promise, Promise, Promise, Promise, Promise, Promise, Promise, Promise, Promise, Promise, Promise, Promise, Promise, Promise, Promise, Promise, Promise, Promise, Promise, Promise, Promise, Promise, Promise, Promise, Promise, Promise, Promise, Promise, Promise, Promise, Promise, Promise, Promise, Promise, Promise, Promise, Promise, Promise, Promise, Promise, Promise, Promise, Promise, Promise, Promise, Promise, Promise, Promise, Promise, Promise, Promise, Promise, Promise, Promise, Promise, Promise, Promise, Promise, Promise, Promise] [Object, Object, Object, Object, Object, Object, Object, Object, Object, Object, Object, Object, Object, Object, Object, Object, Object, Object, Object, Object, Object, Object, Object, Object, Object, Object, Object, Object, Object, Object, Object, Object, Object, Object, Object, Object, Object, Object, Object, Object] false @ http://localhost:8080/src/lib/logger.ts:106
[  208443ms] [LOG] %s [207.881] [CHAT] [BATCH-PROCESSOR-1] [queue] media message time 1.5 0 Promise @ http://localhost:8080/src/lib/logger.ts:106
[  208443ms] [LOG] %s [207.881] [CHAT] [BATCH-PROCESSOR-1] [queue] media message time 1.5 0 Promise @ http://localhost:8080/src/lib/logger.ts:106
[  208443ms] [LOG] %s [207.882] [CHAT] [BATCH-PROCESSOR-1] [queue] media message time 1.5 0 Promise @ http://localhost:8080/src/lib/logger.ts:106
[  208443ms] [LOG] %s [207.882] [CHAT] [BATCH-PROCESSOR-1] [queue] media message time 1.5 0 Promise @ http://localhost:8080/src/lib/logger.ts:106
[  208777ms] [LOG] %s [208.215] [CS] connecting false @ http://localhost:8080/src/lib/logger.ts:106
[  208777ms] [LOG] %s [208.215] [CS] setState false @ http://localhost:8080/src/lib/logger.ts:106
[  209802ms] [LOG] %s [209.241] [CHAT] [BATCH-PROCESSOR-1] [queue] media message time 1.5 0 Promise @ http://localhost:8080/src/lib/logger.ts:106
[  209802ms] [LOG] %s [209.241] [CHAT] [BATCH-PROCESSOR-1] [queue] media message time 1360.7000000001863 1 Promise @ http://localhost:8080/src/lib/logger.ts:106
[  209802ms] [LOG] %s [209.241] [CHAT] [BATCH-PROCESSOR-1] [queue] media message time 1.5 0 Promise @ http://localhost:8080/src/lib/logger.ts:106
[  209803ms] [LOG] %s [209.241] [CHAT] [BATCH-PROCESSOR-1] [queue] media message time 1360.7000000001863 1 Promise @ http://localhost:8080/src/lib/logger.ts:106
[  209803ms] [LOG] %s [209.241] [CHAT] [BATCH-PROCESSOR-1] [queue] media message time 1.5 0 Promise @ http://localhost:8080/src/lib/logger.ts:106
[  209803ms] [LOG] %s [209.241] [CHAT] [BATCH-PROCESSOR-1] [queue] media message time 1360.7000000001863 1 Promise @ http://localhost:8080/src/lib/logger.ts:106
[  209803ms] [LOG] %s [209.242] [CHAT] [BATCH-PROCESSOR-1] [queue] media message time 1.5 0 Promise @ http://localhost:8080/src/lib/logger.ts:106
[  209803ms] [LOG] %s [209.242] [CHAT] [BATCH-PROCESSOR-1] [queue] media message time 1360.7000000001863 1 Promise @ http://localhost:8080/src/lib/logger.ts:106
[  209803ms] [LOG] %s [209.242] [CHAT] [BATCH-PROCESSOR-1] [queue] media message time 1.5 0 Promise @ http://localhost:8080/src/lib/logger.ts:106
[  209803ms] [LOG] %s [209.242] [CHAT] [BATCH-PROCESSOR-1] [queue] media message time 1360.7000000001863 1 Promise @ http://localhost:8080/src/lib/logger.ts:106
[  209804ms] [LOG] %s [209.242] [CHAT] [BATCH-PROCESSOR-1] [queue] media message time 1.5 0 Promise @ http://localhost:8080/src/lib/logger.ts:106
[  209804ms] [LOG] %s [209.242] [CHAT] [BATCH-PROCESSOR-1] [queue] media message time 1360.7000000001863 1 Promise @ http://localhost:8080/src/lib/logger.ts:106
[  209804ms] [LOG] %s [209.243] [CHAT] [BATCH-PROCESSOR-1] [queue] media message time 1.5 0 Promise @ http://localhost:8080/src/lib/logger.ts:106
[  209804ms] [LOG] %s [209.243] [CHAT] [BATCH-PROCESSOR-1] [queue] media message time 1360.7000000001863 1 Promise @ http://localhost:8080/src/lib/logger.ts:106
[  209804ms] [LOG] %s [209.243] [CHAT] [BATCH-PROCESSOR-1] [queue] media message time 1.5 0 Promise @ http://localhost:8080/src/lib/logger.ts:106
[  209804ms] [LOG] %s [209.243] [CHAT] [BATCH-PROCESSOR-1] [queue] media message time 1360.7000000001863 1 Promise @ http://localhost:8080/src/lib/logger.ts:106
[  209805ms] [LOG] %s [209.243] [CHAT] [BATCH-PROCESSOR-1] [queue] media message time 1.5 0 Promise @ http://localhost:8080/src/lib/logger.ts:106
[  209805ms] [LOG] %s [209.243] [CHAT] [BATCH-PROCESSOR-1] [queue] media message time 1360.7000000001863 1 Promise @ http://localhost:8080/src/lib/logger.ts:106
[  209805ms] [LOG] %s [209.243] [CHAT] [BATCH-PROCESSOR-1] [queue] media message time 1.5 0 Promise @ http://localhost:8080/src/lib/logger.ts:106
[  209805ms] [LOG] %s [209.244] [CHAT] [BATCH-PROCESSOR-1] [queue] media message time 1360.7000000001863 1 Promise @ http://localhost:8080/src/lib/logger.ts:106
[  209805ms] [LOG] %s [209.244] [CHAT] [BATCH-PROCESSOR-1] [queue] media message time 1.5 0 Promise @ http://localhost:8080/src/lib/logger.ts:106
[  209805ms] [LOG] %s [209.244] [CHAT] [BATCH-PROCESSOR-1] [queue] media message time 1360.7000000001863 1 Promise @ http://localhost:8080/src/lib/logger.ts:106
[  209806ms] [LOG] %s [209.244] [CHAT] [BATCH-PROCESSOR-1] [queue] media message time 1.5 0 Promise @ http://localhost:8080/src/lib/logger.ts:106
[  209806ms] [LOG] %s [209.244] [CHAT] [BATCH-PROCESSOR-1] [queue] media message time 1360.7000000001863 1 Promise @ http://localhost:8080/src/lib/logger.ts:106
[  209806ms] [LOG] %s [209.244] [CHAT] [BATCH-PROCESSOR-1] [queue] media message time 1.5 0 Promise @ http://localhost:8080/src/lib/logger.ts:106
[  209806ms] [LOG] %s [209.245] [CHAT] [BATCH-PROCESSOR-1] [queue] media message time 1360.7000000001863 1 Promise @ http://localhost:8080/src/lib/logger.ts:106
[  209806ms] [LOG] %s [209.245] [CHAT] [BATCH-PROCESSOR-1] [queue] media message time 1.5 0 Promise @ http://localhost:8080/src/lib/logger.ts:106
[  209806ms] [LOG] %s [209.245] [CHAT] [BATCH-PROCESSOR-1] [queue] media message time 1360.7000000001863 1 Promise @ http://localhost:8080/src/lib/logger.ts:106
[  209807ms] [LOG] %s [209.245] [CHAT] [BATCH-PROCESSOR-1] [queue] media message time 1.5 0 Promise @ http://localhost:8080/src/lib/logger.ts:106
[  209807ms] [LOG] %s [209.245] [CHAT] [BATCH-PROCESSOR-1] [queue] media message time 1360.7000000001863 1 Promise @ http://localhost:8080/src/lib/logger.ts:106
[  209807ms] [LOG] %s [209.245] [CHAT] [BATCH-PROCESSOR-1] [queue] media message time 1.5 0 Promise @ http://localhost:8080/src/lib/logger.ts:106
[  209807ms] [LOG] %s [209.245] [CHAT] [BATCH-PROCESSOR-1] [queue] media message time 1360.7000000001863 1 Promise @ http://localhost:8080/src/lib/logger.ts:106
[  209807ms] [LOG] %s [209.246] [CHAT] [BATCH-PROCESSOR-1] [queue] media message time 1.5 0 Promise @ http://localhost:8080/src/lib/logger.ts:106
[  209807ms] [LOG] %s [209.246] [CHAT] [BATCH-PROCESSOR-1] [queue] media message time 1360.7000000001863 1 Promise @ http://localhost:8080/src/lib/logger.ts:106
[  209807ms] [LOG] %s [209.246] [CHAT] [BATCH-PROCESSOR-1] [queue] media message time 4.2000000001862645 2 Promise @ http://localhost:8080/src/lib/logger.ts:106
[  209808ms] [LOG] %s [209.246] [CHAT] [BATCH-PROCESSOR-1] [queue] media message time 1.5 0 Promise @ http://localhost:8080/src/lib/logger.ts:106
[  209808ms] [LOG] %s [209.246] [CHAT] [BATCH-PROCESSOR-1] [queue] media message time 1360.7000000001863 1 Promise @ http://localhost:8080/src/lib/logger.ts:106
[  209808ms] [LOG] %s [209.246] [CHAT] [BATCH-PROCESSOR-1] [queue] media message time 1.5 0 Promise @ http://localhost:8080/src/lib/logger.ts:106
[  209808ms] [LOG] %s [209.247] [CHAT] [BATCH-PROCESSOR-1] [queue] media message time 1360.7000000001863 1 Promise @ http://localhost:8080/src/lib/logger.ts:106
[  209809ms] [LOG] %s [209.247] [CHAT] [BATCH-PROCESSOR-1] [queue] media message time 1.5 0 Promise @ http://localhost:8080/src/lib/logger.ts:106
[  209809ms] [LOG] %s [209.247] [CHAT] [BATCH-PROCESSOR-1] [queue] media message time 1360.7000000001863 1 Promise @ http://localhost:8080/src/lib/logger.ts:106
[  209809ms] [LOG] %s [209.247] [CHAT] [BATCH-PROCESSOR-1] [queue] media message time 1.5 0 Promise @ http://localhost:8080/src/lib/logger.ts:106
[  209809ms] [LOG] %s [209.248] [CHAT] [BATCH-PROCESSOR-1] [queue] media message time 1360.7000000001863 1 Promise @ http://localhost:8080/src/lib/logger.ts:106
[  209809ms] [LOG] %s [209.248] [CHAT] [BATCH-PROCESSOR-1] [queue] media message time 1.5 0 Promise @ http://localhost:8080/src/lib/logger.ts:106
[  209809ms] [LOG] %s [209.248] [CHAT] [BATCH-PROCESSOR-1] [queue] media message time 1360.7000000001863 1 Promise @ http://localhost:8080/src/lib/logger.ts:106
[  209810ms] [LOG] %s [209.248] [CHAT] [BATCH-PROCESSOR-1] [queue] media message time 1.5 0 Promise @ http://localhost:8080/src/lib/logger.ts:106
[  209810ms] [LOG] %s [209.248] [CHAT] [BATCH-PROCESSOR-1] [queue] media message time 1360.7000000001863 1 Promise @ http://localhost:8080/src/lib/logger.ts:106
[  209810ms] [LOG] %s [209.248] [CHAT] [BATCH-PROCESSOR-1] [queue] media message time 1.5 0 Promise @ http://localhost:8080/src/lib/logger.ts:106
[  209810ms] [LOG] %s [209.248] [CHAT] [BATCH-PROCESSOR-1] [queue] media message time 1360.7000000001863 1 Promise @ http://localhost:8080/src/lib/logger.ts:106
[  209810ms] [LOG] %s [209.249] [CHAT] [BATCH-PROCESSOR-1] [queue] media message time 1.5 0 Promise @ http://localhost:8080/src/lib/logger.ts:106
[  209810ms] [LOG] %s [209.249] [CHAT] [BATCH-PROCESSOR-1] [queue] media message time 1360.7000000001863 1 Promise @ http://localhost:8080/src/lib/logger.ts:106
[  209810ms] [LOG] %s [209.249] [CHAT] [BATCH-PROCESSOR-1] [queue] media message time 1.5 0 Promise @ http://localhost:8080/src/lib/logger.ts:106
[  209811ms] [LOG] %s [209.249] [CHAT] [BATCH-PROCESSOR-1] [queue] media message time 1360.7000000001863 1 Promise @ http://localhost:8080/src/lib/logger.ts:106
[  209811ms] [LOG] %s [209.249] [CHAT] [BATCH-PROCESSOR-1] [queue] media message time 1.5 0 Promise @ http://localhost:8080/src/lib/logger.ts:106
[  209811ms] [LOG] %s [209.249] [CHAT] [BATCH-PROCESSOR-1] [queue] media message time 1360.7000000001863 1 Promise @ http://localhost:8080/src/lib/logger.ts:106
[  209811ms] [LOG] %s [209.250] [CHAT] [BATCH-PROCESSOR-1] [queue] media message time 1.5 0 Promise @ http://localhost:8080/src/lib/logger.ts:106
[  209811ms] [LOG] %s [209.250] [CHAT] [BATCH-PROCESSOR-1] [queue] media message time 1360.7000000001863 1 Promise @ http://localhost:8080/src/lib/logger.ts:106
[  209811ms] [LOG] %s [209.250] [CHAT] [BATCH-PROCESSOR-1] [queue] media message time 1.5 0 Promise @ http://localhost:8080/src/lib/logger.ts:106
[  209811ms] [LOG] %s [209.250] [CHAT] [BATCH-PROCESSOR-1] [queue] media message time 1360.7000000001863 1 Promise @ http://localhost:8080/src/lib/logger.ts:106
[  209812ms] [LOG] %s [209.250] [CHAT] [BATCH-PROCESSOR-1] [queue] media message time 1.5 0 Promise @ http://localhost:8080/src/lib/logger.ts:106
[  209812ms] [LOG] %s [209.250] [CHAT] [BATCH-PROCESSOR-1] [queue] media message time 1360.7000000001863 1 Promise @ http://localhost:8080/src/lib/logger.ts:106
[  209812ms] [LOG] %s [209.250] [CHAT] [BATCH-PROCESSOR-1] [queue] media message time 1.5 0 Promise @ http://localhost:8080/src/lib/logger.ts:106
[  209812ms] [LOG] %s [209.251] [CHAT] [BATCH-PROCESSOR-1] [queue] media message time 1360.7000000001863 1 Promise @ http://localhost:8080/src/lib/logger.ts:106
[  209812ms] [LOG] %s [209.251] [CHAT] [BATCH-PROCESSOR-1] [queue] media message time 1.5 0 Promise @ http://localhost:8080/src/lib/logger.ts:106
[  209812ms] [LOG] %s [209.251] [CHAT] [BATCH-PROCESSOR-1] [queue] media message time 1360.7000000001863 1 Promise @ http://localhost:8080/src/lib/logger.ts:106
[  209813ms] [LOG] %s [209.251] [CHAT] [BATCH-PROCESSOR-1] [queue] media message time 1.5 0 Promise @ http://localhost:8080/src/lib/logger.ts:106
[  209813ms] [LOG] %s [209.251] [CHAT] [BATCH-PROCESSOR-1] [queue] media message time 1360.7000000001863 1 Promise @ http://localhost:8080/src/lib/logger.ts:106
[  209813ms] [LOG] %s [209.251] [CHAT] [BATCH-PROCESSOR-1] [queue] media message time 1.5 0 Promise @ http://localhost:8080/src/lib/logger.ts:106
[  209813ms] [LOG] %s [209.251] [CHAT] [BATCH-PROCESSOR-1] [queue] media message time 1360.7000000001863 1 Promise @ http://localhost:8080/src/lib/logger.ts:106
[  209813ms] [LOG] %s [209.252] [CHAT] [BATCH-PROCESSOR-1] [queue] media message time 1.5 0 Promise @ http://localhost:8080/src/lib/logger.ts:106
[  209813ms] [LOG] %s [209.252] [CHAT] [BATCH-PROCESSOR-1] [queue] media message time 1360.7000000001863 1 Promise @ http://localhost:8080/src/lib/logger.ts:106
[  209813ms] [LOG] %s [209.252] [CHAT] [BATCH-PROCESSOR-1] [queue] media message time 1.5 0 Promise @ http://localhost:8080/src/lib/logger.ts:106
[  209814ms] [LOG] %s [209.252] [CHAT] [BATCH-PROCESSOR-1] [queue] media message time 1360.7000000001863 1 Promise @ http://localhost:8080/src/lib/logger.ts:106
[  209818ms] [LOG] %s [209.256] [SEARCH-SUPER] load true -2096687198 {media: null} @ http://localhost:8080/src/lib/logger.ts:106
[  210016ms] [LOG] %s [209.454] [CHAT] [BATCH-PROCESSOR-1] [queue] media promises end @ http://localhost:8080/src/lib/logger.ts:106
[  210016ms] [LOG] %s [209.455] [CHAT--2096687198-chat] messagesQueueOnRenderAdditional @ http://localhost:8080/src/lib/logger.ts:106
[  210017ms] [WARNING] %s [209.455] [CHAT--2096687198-chat] [ladder] will be delayed @ http://localhost:8080/src/lib/logger.ts:126
[  210019ms] [LOG] %s [209.458] [CHAT] [BATCH-PROCESSOR-1] [queue] queue rendered @ http://localhost:8080/src/lib/logger.ts:106
[  210019ms] [LOG] %s [209.458] [CHAT] [BATCH-PROCESSOR-1] [queue] have new items to render @ http://localhost:8080/src/lib/logger.ts:106
[  210019ms] [LOG] %s [209.458] [CHAT] [BATCH-PROCESSOR-1] [queue] start 1 @ http://localhost:8080/src/lib/logger.ts:106
[  210020ms] [LOG] %s [209.458] [CHAT] [BATCH-PROCESSOR-1] [queue] render item time 0 {bubble: div.bubble.is-sponsored.invert-media.has-webpage.single-media.with-beside-button.hide-name.is-in.ca…, promises: Array(0), message: Object, reverse: false, updatePosition: false} @ http://localhost:8080/src/lib/logger.ts:106
[  210020ms] [LOG] %s [209.458] [CHAT] [BATCH-PROCESSOR-1] [queue] messages rendered @ http://localhost:8080/src/lib/logger.ts:106
[  210020ms] [LOG] %s [209.458] [CHAT] [BATCH-PROCESSOR-1] [queue] changed ends false true @ http://localhost:8080/src/lib/logger.ts:106
[  210020ms] [LOG] %s [209.458] [CHAT] [BATCH-PROCESSOR-1] [queue] media promises to call [Promise] [Object] false @ http://localhost:8080/src/lib/logger.ts:106
[  210031ms] [LOG] %s [209.470] [CHAT] [BATCH-PROCESSOR-1] [queue] media promises end @ http://localhost:8080/src/lib/logger.ts:106
[  210031ms] [LOG] %s [209.470] [CHAT] [BATCH-PROCESSOR-1] [queue] queue rendered @ http://localhost:8080/src/lib/logger.ts:106
[  210032ms] [LOG] %s [209.470] [CHAT] [BATCH-PROCESSOR-1] [queue] end @ http://localhost:8080/src/lib/logger.ts:106
[  210032ms] [LOG] %s [209.470] [CHAT--2096687198-chat] [perform-709] performHistoryResult end @ http://localhost:8080/src/lib/logger.ts:106
[  210032ms] [WARNING] %s [209.471] [CHAT] [setPeer] promise fulfilled @ http://localhost:8080/src/lib/logger.ts:126
[  210033ms] [LOG] %s [209.471] [CHAT--2096687198-chat] [ladder] targeting mid: -2096687198_4295011975 -2096687198_4295011975 undefined [-2096687198_4295011973, -2096687198_4295011939, -2096687198_4295011938, -2096687198_4295011937, -2096687198_4295011936, -2096687198_4295011935, -2096687198_4295011929, -2096687198_4295011928, -2096687198_4295011927, -2096687198_4295011926, -2096687198_4295011925, -2096687198_4295011919, -2096687198_4295011918, -2096687198_4295011916, -2096687198_4295011914, -2096687198_4295011913, -2096687198_4295011912, -2096687198_4295011911, -2096687198_4295011908, -2096687198_4295011907] [-2096687198_4295011976, -2096687198_4295011977, -2096687198_4295011980, -2096687198_4295012003, -2096687198_4295012004, -2096687198_4295012007, -2096687198_4295012008, -2096687198_4295012011, -2096687198_4295012013, -2096687198_4295012014, -2096687198_4295012015, -2096687198_4295012016, -2096687198_4295012017, -2096687198_4295012032, -2096687198_4295012033, -2096687198_4295012074, -2096687198_4295012153, -2096687198_4295012154, -2096687198_4295012157] @ http://localhost:8080/src/lib/logger.ts:106
[  210034ms] [LOG] [HEAVY-ANIMATION]: start @ http://localhost:8080/src/hooks/useHeavyAnimationCheck.ts:17
[  210034ms] [LOG] [HEAVY-ANIMATION]: attach promise, length: 1 1100 @ http://localhost:8080/src/hooks/useHeavyAnimationCheck.ts:20
[  210093ms] [LOG] %s [209.531] [PM] [setCorrectIndex] direction 0 mid 4295011907 @ http://localhost:8080/src/lib/logger.ts:106
[  210093ms] [LOG] %s [209.532] [PM] [getCurrentIndex] start 4295011907 true @ http://localhost:8080/src/lib/logger.ts:106
[  210094ms] [WARNING] %s [209.532] [CHAT] [setPeer] mounted chat true JSHandle@node 2414.4000000003725 @ http://localhost:8080/src/lib/logger.ts:126
[  210095ms] [LOG] %s [209.534] [PM] handleFollowingPinnedMessage @ http://localhost:8080/src/lib/logger.ts:106
[  210121ms] [LOG] %s [209.559] [CHAT] [setPeer] scrolledAllDown: false @ http://localhost:8080/src/lib/logger.ts:106
[  210216ms] [LOG] %s [209.655] [CS] setState: isShown: false @ http://localhost:8080/src/lib/logger.ts:106
[  210642ms] [LOG] %s [210.080] [PM] setPinnedMessage: fromTop false 0 0 @ http://localhost:8080/src/lib/logger.ts:106
[  210666ms] [LOG] %s [210.105] [PM] [getCurrentIndex] result 4295011907 {count: 7, history: Array(7), isEnd: Object, offsetIdOffset: 2, messages: undefined} 2 0 true true @ http://localhost:8080/src/lib/logger.ts:106
[  210770ms] [LOG] %s [210.209] [PM] setPinnedMessage: fromTop true 2 0 @ http://localhost:8080/src/lib/logger.ts:106
[  211135ms] [LOG] [HEAVY-ANIMATION]: promise end, length: 0 1100.800000000745 @ http://localhost:8080/src/hooks/useHeavyAnimationCheck.ts:29
[  211135ms] [LOG] [HEAVY-ANIMATION]: end @ http://localhost:8080/src/hooks/useHeavyAnimationCheck.ts:45
[  211135ms] [LOG] %s [210.574] [PM] handleFollowingPinnedMessage: unlock @ http://localhost:8080/src/lib/logger.ts:106
[  211252ms] [LOG] %s [210.691] [PM] [setCorrectIndex] direction 1 mid 4295011976 @ http://localhost:8080/src/lib/logger.ts:106
[  213203ms] [LOG] %s [212.641] [CS] connecting false @ http://localhost:8080/src/lib/logger.ts:106
[  213203ms] [LOG] %s [212.641] [CS] setState false @ http://localhost:8080/src/lib/logger.ts:106
[  213620ms] [LOG] %s [213.058] [CS] setState: isShown: false @ http://localhost:8080/src/lib/logger.ts:106
[  214119ms] [LOG] %s [213.557] [NOTIFICATIONS] cancel msg_1_-2067219984_4295721845 undefined @ http://localhost:8080/src/lib/logger.ts:106
[  214152ms] [LOG] %s [213.591] [CHAT--2096687198-chat] [VIEWPORT-SLICE] will slice top [Object, Object, Object, Object, Object, Object, Object, Object, Object, Object, Object, Object, Object, Object, Object, Object, Object, Object, Object, Object, Object, Object, Object] @ http://localhost:8080/src/lib/logger.ts:106
[  214153ms] [LOG] %s [213.591] [CHAT--2096687198-chat] [VIEWPORT-SLICE] will slice bottom [Object, Object, Object, Object, Object, Object, Object, Object, Object, Object, Object, Object, Object, Object, Object, Object, Object, Object, Object, Object, Object, Object, Object] @ http://localhost:8080/src/lib/logger.ts:106
[  214153ms] [LOG] %s [213.592] [CHAT--2096687198-chat] [VIEWPORT-SLICE] slicing mids [-2096687198_4295011907, -2096687198_4295011908, -2096687198_4295011911, -2096687198_4295011912, -2096687198_4295011913, -2096687198_4295011914, -2096687198_4295011916, -2096687198_4295011918, -2096687198_4295011919, -2096687198_4295011925, -2096687198_4295011926, -2096687198_4295011927, -2096687198_4295012013, -2096687198_4295012014, -2096687198_4295012015, -2096687198_4295012016, -2096687198_4295012017, -2096687198_4295012032, -2096687198_4295012033, -2096687198_4295012074, -2096687198_4295012153, -2096687198_4295012154, -2096687198_4295012157] @ http://localhost:8080/src/lib/logger.ts:106
[  214475ms] [LOG] %s [213.913] [DIALOGS] dialogs click list @ http://localhost:8080/src/lib/logger.ts:106
[  214482ms] [LOG] %s [213.920] [IM] saved chat position: {mids: Array(17), top: 3627, pinnedMessages: Object} @ http://localhost:8080/src/lib/logger.ts:106
[  214482ms] [WARNING] %s [213.921] [CHAT] [setPeer] start @ http://localhost:8080/src/lib/logger.ts:126
[  214482ms] [WARNING] %s [213.921] [CHAT--2096687198-chat] [213.921] start noForwards @ http://localhost:8080/src/lib/logger.ts:126
[  214483ms] [WARNING] %s [213.921] [CHAT--2096687198-chat] [213.921] start isRestricted @ http://localhost:8080/src/lib/logger.ts:126
[  214483ms] [WARNING] %s [213.921] [CHAT--2096687198-chat] [213.921] start isLikeGroup @ http://localhost:8080/src/lib/logger.ts:126
[  214483ms] [WARNING] %s [213.921] [CHAT--2096687198-chat] [213.921] start isRealGroup @ http://localhost:8080/src/lib/logger.ts:126
[  214483ms] [WARNING] %s [213.921] [CHAT--2096687198-chat] [213.921] start isMegagroup @ http://localhost:8080/src/lib/logger.ts:126
[  214483ms] [WARNING] %s [213.921] [CHAT--2096687198-chat] [213.921] start isBroadcast @ http://localhost:8080/src/lib/logger.ts:126
[  214483ms] [WARNING] %s [213.921] [CHAT--2096687198-chat] [213.921] start isChannel @ http://localhost:8080/src/lib/logger.ts:126
[  214483ms] [WARNING] %s [213.922] [CHAT--2096687198-chat] [213.921] start isBot @ http://localhost:8080/src/lib/logger.ts:126
[  214483ms] [WARNING] %s [213.922] [CHAT--2096687198-chat] [213.922] start isAnonymousSending @ http://localhost:8080/src/lib/logger.ts:126
[  214483ms] [WARNING] %s [213.922] [CHAT--2096687198-chat] [213.922] start isPremiumRequired @ http://localhost:8080/src/lib/logger.ts:126
[  214483ms] [WARNING] %s [213.922] [CHAT--2096687198-chat] [213.922] start starsAmount @ http://localhost:8080/src/lib/logger.ts:126
[  214483ms] [WARNING] %s [213.922] [CHAT--2096687198-chat] [213.922] start canManageDirectMessages @ http://localhost:8080/src/lib/logger.ts:126
[  214484ms] [WARNING] %s [213.922] [CHAT--2096687198-chat] [213.922] end isPremiumRequired 0.40000000037252903 @ http://localhost:8080/src/lib/logger.ts:126
[  214484ms] [WARNING] %s [213.922] [CHAT--2096687198-chat] [213.922] end noForwards 1.5 @ http://localhost:8080/src/lib/logger.ts:126
[  214484ms] [WARNING] %s [213.922] [CHAT--2096687198-chat] [213.922] end isRestricted 1.5 @ http://localhost:8080/src/lib/logger.ts:126
[  214484ms] [WARNING] %s [213.923] [CHAT--2096687198-chat] [213.923] end isRealGroup 1.400000000372529 @ http://localhost:8080/src/lib/logger.ts:126
[  214484ms] [WARNING] %s [213.923] [CHAT--2096687198-chat] [213.923] end isMegagroup 1.2999999998137355 @ http://localhost:8080/src/lib/logger.ts:126
[  214484ms] [WARNING] %s [213.923] [CHAT--2096687198-chat] [213.923] end isBroadcast 1.2999999998137355 @ http://localhost:8080/src/lib/logger.ts:126
[  214484ms] [WARNING] %s [213.923] [CHAT--2096687198-chat] [213.923] end isChannel 1.300000000745058 @ http://localhost:8080/src/lib/logger.ts:126
[  214484ms] [WARNING] %s [213.923] [CHAT--2096687198-chat] [213.923] end isBot 1.2000000001862645 @ http://localhost:8080/src/lib/logger.ts:126
[  214484ms] [WARNING] %s [213.923] [CHAT--2096687198-chat] [213.923] end isAnonymousSending 1.2000000001862645 @ http://localhost:8080/src/lib/logger.ts:126
[  214484ms] [WARNING] %s [213.923] [CHAT--2096687198-chat] [213.923] end starsAmount 1.099999999627471 @ http://localhost:8080/src/lib/logger.ts:126
[  214484ms] [WARNING] %s [213.923] [CHAT--2096687198-chat] [213.923] end canManageDirectMessages 1 @ http://localhost:8080/src/lib/logger.ts:126
[  214484ms] [WARNING] %s [213.923] [CHAT--2096687198-chat] [213.923] end isLikeGroup 1.8999999994412065 @ http://localhost:8080/src/lib/logger.ts:126
[  214490ms] [LOG] %s [213.929] [CHAT] [setPeer] setPeer peerId: -1762037220 Proxy(Object) -1762037220_4296359846 -1762037220_4296372365 @ http://localhost:8080/src/lib/logger.ts:106
[  214490ms] [LOG] %s [213.929] [CHAT--2096687198-chat] cleanup @ http://localhost:8080/src/lib/logger.ts:106
[  214491ms] [LOG] %s [213.929] [CHAT] [BATCH-PROCESSOR-1] clear @ http://localhost:8080/src/lib/logger.ts:106
[  214502ms] [LOG] %s [213.940] [CHAT--2096687198-chat] i vin brehnya {cached: true, result: Promise} -1762037220_4296359846 17 17 @ http://localhost:8080/src/lib/logger.ts:106
[  214502ms] [WARNING] %s [213.940] [CHAT] [setPeer] got history @ http://localhost:8080/src/lib/logger.ts:126
[  214502ms] [LOG] %s [213.941] [CHAT--2096687198-chat] [perform-113] start null {count: 918462, history: Array(34), isEnd: Object, offsetIdOffset: 25, messages: undefined} @ http://localhost:8080/src/lib/logger.ts:106
[  214503ms] [LOG] %s [213.941] [CHAT] [BATCH-PROCESSOR-1] [queue] setting pause @ http://localhost:8080/src/lib/logger.ts:106
[  214505ms] [LOG] %s [213.944] [CHAT] [BATCH-PROCESSOR-1] [queue] start 34 @ http://localhost:8080/src/lib/logger.ts:106
[  214510ms] [LOG] %s [213.948] [CHAT] [BATCH-PROCESSOR-1] [queue] render item time 4.3999999994412065 {bubble: div.bubble.is-in.can-have-tail, promises: Array(1), message: Object, reverse: true, updatePosition: true} @ http://localhost:8080/src/lib/logger.ts:106
[  214510ms] [LOG] %s [213.948] [CHAT] [BATCH-PROCESSOR-1] [queue] render item time 4.599999999627471 {bubble: div.bubble.is-in.can-have-tail, promises: Array(1), message: Object, reverse: true, updatePosition: true} @ http://localhost:8080/src/lib/logger.ts:106
[  214510ms] [LOG] %s [213.949] [CHAT] [BATCH-PROCESSOR-1] [queue] render item time 4.7999999998137355 {bubble: div.bubble.is-in.can-have-tail, promises: Array(1), message: Object, reverse: true, updatePosition: true} @ http://localhost:8080/src/lib/logger.ts:106
[  214510ms] [LOG] %s [213.949] [CHAT] [BATCH-PROCESSOR-1] [queue] render item time 4.7999999998137355 {bubble: div.bubble.is-in.can-have-tail, promises: Array(1), message: Object, reverse: true, updatePosition: true} @ http://localhost:8080/src/lib/logger.ts:106
[  214510ms] [LOG] %s [213.949] [CHAT] [BATCH-PROCESSOR-1] [queue] render item time 5 {bubble: div.bubble.is-in.can-have-tail, promises: Array(1), message: Object, reverse: true, updatePosition: true} @ http://localhost:8080/src/lib/logger.ts:106
[  214510ms] [LOG] %s [213.949] [CHAT] [BATCH-PROCESSOR-1] [queue] render item time 5.099999999627471 {bubble: div.bubble.is-in.can-have-tail, promises: Array(1), message: Object, reverse: true, updatePosition: true} @ http://localhost:8080/src/lib/logger.ts:106
[  214510ms] [LOG] %s [213.949] [CHAT] [BATCH-PROCESSOR-1] [queue] render item time 5.099999999627471 {bubble: div.bubble.is-in.can-have-tail, promises: Array(1), message: Object, reverse: true, updatePosition: true} @ http://localhost:8080/src/lib/logger.ts:106
[  214511ms] [LOG] %s [213.949] [CHAT] [BATCH-PROCESSOR-1] [queue] render item time 5.2999999998137355 {bubble: div.bubble.is-in.can-have-tail, promises: Array(1), message: Object, reverse: true, updatePosition: true} @ http://localhost:8080/src/lib/logger.ts:106
[  214511ms] [LOG] %s [213.949] [CHAT] [BATCH-PROCESSOR-1] [queue] render item time 5.2999999998137355 {bubble: div.bubble.is-in.can-have-tail, promises: Array(1), message: Object, reverse: true, updatePosition: true} @ http://localhost:8080/src/lib/logger.ts:106
[  214511ms] [LOG] %s [213.949] [CHAT] [BATCH-PROCESSOR-1] [queue] render item time 5.5 {bubble: div.bubble.is-in.can-have-tail, promises: Array(1), message: Object, reverse: true, updatePosition: true} @ http://localhost:8080/src/lib/logger.ts:106
[  214511ms] [LOG] %s [213.949] [CHAT] [BATCH-PROCESSOR-1] [queue] render item time 5.5 {bubble: div.bubble.is-in.can-have-tail, promises: Array(1), message: Object, reverse: true, updatePosition: true} @ http://localhost:8080/src/lib/logger.ts:106
[  214511ms] [LOG] %s [213.949] [CHAT] [BATCH-PROCESSOR-1] [queue] render item time 5.599999999627471 {bubble: div.bubble.is-in.can-have-tail, promises: Array(1), message: Object, reverse: true, updatePosition: true} @ http://localhost:8080/src/lib/logger.ts:106
[  214511ms] [LOG] %s [213.950] [CHAT] [BATCH-PROCESSOR-1] [queue] render item time 5.7999999998137355 {bubble: div.bubble.is-in.can-have-tail, promises: Array(1), message: Object, reverse: true, updatePosition: true} @ http://localhost:8080/src/lib/logger.ts:106
[  214511ms] [LOG] %s [213.950] [CHAT] [BATCH-PROCESSOR-1] [queue] render item time 5.8999999994412065 {bubble: div.bubble.is-in.can-have-tail, promises: Array(1), message: Object, reverse: true, updatePosition: true} @ http://localhost:8080/src/lib/logger.ts:106
[  214511ms] [LOG] %s [213.950] [CHAT] [BATCH-PROCESSOR-1] [queue] render item time 6.099999999627471 {bubble: div.bubble.is-reply.is-in.can-have-tail, promises: Array(1), message: Object, reverse: true, updatePosition: true} @ http://localhost:8080/src/lib/logger.ts:106
[  214512ms] [LOG] %s [213.950] [CHAT] [BATCH-PROCESSOR-1] [queue] render item time 6.2999999998137355 {bubble: div.bubble.is-reply.is-in.can-have-tail, promises: Array(1), message: Object, reverse: true, updatePosition: true} @ http://localhost:8080/src/lib/logger.ts:106
[  214524ms] [LOG] %s [213.962] [CHAT] [BATCH-PROCESSOR-1] [queue] render item time 18.299999999813735 {bubble: div.bubble.is-in.can-have-tail, promises: Array(1), message: Object, reverse: true, updatePosition: true} @ http://localhost:8080/src/lib/logger.ts:106
[  214524ms] [LOG] %s [213.962] [CHAT] [BATCH-PROCESSOR-1] [queue] render item time 18.5 {bubble: div.bubble.is-in.can-have-tail, promises: Array(1), message: Object, reverse: true, updatePosition: true} @ http://localhost:8080/src/lib/logger.ts:106
[  214524ms] [LOG] %s [213.962] [CHAT] [BATCH-PROCESSOR-1] [queue] render item time 18.59999999962747 {bubble: div.bubble.is-in.can-have-tail, promises: Array(1), message: Object, reverse: true, updatePosition: true} @ http://localhost:8080/src/lib/logger.ts:106
[  214524ms] [LOG] %s [213.962] [CHAT] [BATCH-PROCESSOR-1] [queue] render item time 18.799999999813735 {bubble: div.bubble.is-in.can-have-tail, promises: Array(1), message: Object, reverse: true, updatePosition: true} @ http://localhost:8080/src/lib/logger.ts:106
[  214524ms] [LOG] %s [213.963] [CHAT] [BATCH-PROCESSOR-1] [queue] render item time 18.799999999813735 {bubble: div.bubble.is-in.can-have-tail, promises: Array(1), message: Object, reverse: true, updatePosition: true} @ http://localhost:8080/src/lib/logger.ts:106
[  214524ms] [LOG] %s [213.963] [CHAT] [BATCH-PROCESSOR-1] [queue] render item time 19 {bubble: div.bubble.is-in.can-have-tail, promises: Array(1), message: Object, reverse: true, updatePosition: true} @ http://localhost:8080/src/lib/logger.ts:106
[  214524ms] [LOG] %s [213.963] [CHAT] [BATCH-PROCESSOR-1] [queue] render item time 19 {bubble: div.bubble.is-in.can-have-tail, promises: Array(1), message: Object, reverse: true, updatePosition: true} @ http://localhost:8080/src/lib/logger.ts:106
[  214524ms] [LOG] %s [213.963] [CHAT] [BATCH-PROCESSOR-1] [queue] render item time 19.09999999962747 {bubble: div.bubble.is-in.can-have-tail, promises: Array(1), message: Object, reverse: true, updatePosition: true} @ http://localhost:8080/src/lib/logger.ts:106
[  214524ms] [LOG] %s [213.963] [CHAT] [BATCH-PROCESSOR-1] [queue] render item time 19.199999999254942 {bubble: div.bubble.is-in.can-have-tail, promises: Array(1), message: Object, reverse: true, updatePosition: true} @ http://localhost:8080/src/lib/logger.ts:106
[  214525ms] [LOG] %s [213.963] [CHAT] [BATCH-PROCESSOR-1] [queue] render item time 19.299999999813735 {bubble: div.bubble.is-in.can-have-tail, promises: Array(1), message: Object, reverse: true, updatePosition: true} @ http://localhost:8080/src/lib/logger.ts:106
[  214525ms] [LOG] %s [213.963] [CHAT] [BATCH-PROCESSOR-1] [queue] render item time 19.399999999441206 {bubble: div.bubble.is-in.can-have-tail, promises: Array(1), message: Object, reverse: true, updatePosition: true} @ http://localhost:8080/src/lib/logger.ts:106
[  214525ms] [LOG] %s [213.963] [CHAT] [BATCH-PROCESSOR-1] [queue] render item time 19.5 {bubble: div.bubble.hide-name.photo.has-plain-media-tail.is-message-empty.has-floating-time.is-in.can-have-t…, promises: Array(1), message: Object, reverse: true, updatePosition: true} @ http://localhost:8080/src/lib/logger.ts:106
[  214525ms] [LOG] %s [213.963] [CHAT] [BATCH-PROCESSOR-1] [queue] render item time 19.59999999962747 {bubble: div.bubble.is-in.can-have-tail, promises: Array(1), message: Object, reverse: true, updatePosition: true} @ http://localhost:8080/src/lib/logger.ts:106
[  214527ms] [LOG] %s [213.965] [CHAT] [BATCH-PROCESSOR-1] [queue] render item time 21.199999999254942 {bubble: div.bubble.is-reply.is-in.can-have-tail, promises: Array(1), message: Object, reverse: true, updatePosition: true} @ http://localhost:8080/src/lib/logger.ts:106
[  214527ms] [LOG] %s [213.965] [CHAT] [BATCH-PROCESSOR-1] [queue] render item time 21.399999999441206 {bubble: div.bubble.is-reply.is-in.can-have-tail, promises: Array(1), message: Object, reverse: true, updatePosition: true} @ http://localhost:8080/src/lib/logger.ts:106
[  214527ms] [LOG] %s [213.965] [CHAT] [BATCH-PROCESSOR-1] [queue] render item time 21.59999999962747 {bubble: div.bubble.is-reply.is-in.can-have-tail, promises: Array(1), message: Object, reverse: true, updatePosition: true} @ http://localhost:8080/src/lib/logger.ts:106
[  214527ms] [LOG] %s [213.965] [CHAT] [BATCH-PROCESSOR-1] [queue] render item time 21.699999999254942 {bubble: div.bubble.is-reply.is-in.can-have-tail, promises: Array(1), message: Object, reverse: true, updatePosition: true} @ http://localhost:8080/src/lib/logger.ts:106
[  214527ms] [LOG] %s [213.966] [CHAT] [BATCH-PROCESSOR-1] [queue] render item time 21.799999999813735 {bubble: div.bubble.is-reply.is-in.can-have-tail, promises: Array(1), message: Object, reverse: true, updatePosition: true} @ http://localhost:8080/src/lib/logger.ts:106
[  214527ms] [LOG] %s [213.966] [CHAT] [BATCH-PROCESSOR-1] [queue] messages rendered @ http://localhost:8080/src/lib/logger.ts:106
[  214533ms] [LOG] %s [213.971] [CHAT] [BATCH-PROCESSOR-1] [queue] changed ends true false @ http://localhost:8080/src/lib/logger.ts:106
[  214533ms] [LOG] %s [213.972] [CHAT] [BATCH-PROCESSOR-1] [queue] media promises to call [Promise, Promise, Promise, Promise, Promise, Promise, Promise, Promise, Promise, Promise, Promise, Promise, Promise, Promise, Promise, Promise, Promise, Promise, Promise, Promise, Promise, Promise, Promise, Promise, Promise, Promise, Promise, Promise, Promise, Promise, Promise, Promise, Promise, Promise, Promise, Promise, Promise, Promise, Promise, Promise, Promise, Promise, Promise, Promise, Promise, Promise, Promise, Promise, Promise, Promise, Promise, Promise, Promise, Promise, Promise, Promise, Promise, Promise] [Object, Object, Object, Object, Object, Object, Object, Object, Object, Object, Object, Object, Object, Object, Object, Object, Object, Object, Object, Object, Object, Object, Object, Object, Object, Object, Object, Object, Object, Object, Object, Object, Object, Object] false @ http://localhost:8080/src/lib/logger.ts:106
[  214535ms] [LOG] %s [213.974] [CHAT] [BATCH-PROCESSOR-1] [queue] media message time 2 0 Promise @ http://localhost:8080/src/lib/logger.ts:106
[  214536ms] [LOG] %s [213.974] [CHAT] [BATCH-PROCESSOR-1] [queue] media message time 2 0 Promise @ http://localhost:8080/src/lib/logger.ts:106
[  214536ms] [LOG] %s [213.975] [CHAT] [BATCH-PROCESSOR-1] [queue] media message time 2 0 Promise @ http://localhost:8080/src/lib/logger.ts:106
[  214536ms] [LOG] %s [213.975] [CHAT] [BATCH-PROCESSOR-1] [queue] media message time 2 0 Promise @ http://localhost:8080/src/lib/logger.ts:106
[  214537ms] [LOG] %s [213.975] [CHAT] [BATCH-PROCESSOR-1] [queue] media message time 2 0 Promise @ http://localhost:8080/src/lib/logger.ts:106
[  214537ms] [LOG] %s [213.975] [CHAT] [BATCH-PROCESSOR-1] [queue] media message time 2 0 Promise @ http://localhost:8080/src/lib/logger.ts:106
[  214537ms] [LOG] %s [213.975] [CHAT] [BATCH-PROCESSOR-1] [queue] media message time 2 0 Promise @ http://localhost:8080/src/lib/logger.ts:106
[  214537ms] [LOG] %s [213.976] [CHAT] [BATCH-PROCESSOR-1] [queue] media message time 2 0 Promise @ http://localhost:8080/src/lib/logger.ts:106
[  214537ms] [LOG] %s [213.976] [CHAT] [BATCH-PROCESSOR-1] [queue] media message time 2 0 Promise @ http://localhost:8080/src/lib/logger.ts:106
[  214538ms] [LOG] %s [213.976] [CHAT] [BATCH-PROCESSOR-1] [queue] media message time 2 0 Promise @ http://localhost:8080/src/lib/logger.ts:106
[  214538ms] [LOG] %s [213.976] [CHAT] [BATCH-PROCESSOR-1] [queue] media message time 2 0 Promise @ http://localhost:8080/src/lib/logger.ts:106
[  214538ms] [LOG] %s [213.977] [CHAT] [BATCH-PROCESSOR-1] [queue] media message time 2 0 Promise @ http://localhost:8080/src/lib/logger.ts:106
[  214538ms] [LOG] %s [213.977] [CHAT] [BATCH-PROCESSOR-1] [queue] media message time 2 0 Promise @ http://localhost:8080/src/lib/logger.ts:106
[  214539ms] [LOG] %s [213.977] [CHAT] [BATCH-PROCESSOR-1] [queue] media message time 2 0 Promise @ http://localhost:8080/src/lib/logger.ts:106
[  214539ms] [LOG] %s [213.977] [CHAT] [BATCH-PROCESSOR-1] [queue] media message time 2 0 Promise @ http://localhost:8080/src/lib/logger.ts:106
[  214539ms] [LOG] %s [213.977] [CHAT] [BATCH-PROCESSOR-1] [queue] media message time 2 0 Promise @ http://localhost:8080/src/lib/logger.ts:106
[  214539ms] [LOG] %s [213.978] [CHAT] [BATCH-PROCESSOR-1] [queue] media message time 2 0 Promise @ http://localhost:8080/src/lib/logger.ts:106
[  214539ms] [LOG] %s [213.978] [CHAT] [BATCH-PROCESSOR-1] [queue] media message time 2 0 Promise @ http://localhost:8080/src/lib/logger.ts:106
[  214540ms] [LOG] %s [213.978] [CHAT] [BATCH-PROCESSOR-1] [queue] media message time 2 0 Promise @ http://localhost:8080/src/lib/logger.ts:106
[  214540ms] [LOG] %s [213.978] [CHAT] [BATCH-PROCESSOR-1] [queue] media message time 2 0 Promise @ http://localhost:8080/src/lib/logger.ts:106
[  214540ms] [LOG] %s [213.978] [CHAT] [BATCH-PROCESSOR-1] [queue] media message time 2 0 Promise @ http://localhost:8080/src/lib/logger.ts:106
[  214540ms] [LOG] %s [213.979] [CHAT] [BATCH-PROCESSOR-1] [queue] media message time 2 0 Promise @ http://localhost:8080/src/lib/logger.ts:106
[  214540ms] [LOG] %s [213.979] [CHAT] [BATCH-PROCESSOR-1] [queue] media message time 2 0 Promise @ http://localhost:8080/src/lib/logger.ts:106
[  214541ms] [LOG] %s [213.979] [CHAT] [BATCH-PROCESSOR-1] [queue] media message time 2 0 Promise @ http://localhost:8080/src/lib/logger.ts:106
[  214541ms] [LOG] %s [213.979] [CHAT] [BATCH-PROCESSOR-1] [queue] media message time 2 0 Promise @ http://localhost:8080/src/lib/logger.ts:106
[  214541ms] [LOG] %s [213.980] [CHAT] [BATCH-PROCESSOR-1] [queue] media message time 2 0 Promise @ http://localhost:8080/src/lib/logger.ts:106
[  214541ms] [LOG] %s [213.980] [CHAT] [BATCH-PROCESSOR-1] [queue] media message time 2 0 Promise @ http://localhost:8080/src/lib/logger.ts:106
[  214541ms] [LOG] %s [213.980] [CHAT] [BATCH-PROCESSOR-1] [queue] media message time 2 0 Promise @ http://localhost:8080/src/lib/logger.ts:106
[  214542ms] [LOG] %s [213.980] [CHAT] [BATCH-PROCESSOR-1] [queue] media message time 2 0 Promise @ http://localhost:8080/src/lib/logger.ts:106
[  214542ms] [LOG] %s [213.980] [CHAT] [BATCH-PROCESSOR-1] [queue] media message time 2 0 Promise @ http://localhost:8080/src/lib/logger.ts:106
[  214542ms] [LOG] %s [213.981] [CHAT] [BATCH-PROCESSOR-1] [queue] media message time 2 0 Promise @ http://localhost:8080/src/lib/logger.ts:106
[  214542ms] [LOG] %s [213.981] [CHAT] [BATCH-PROCESSOR-1] [queue] media message time 2 0 Promise @ http://localhost:8080/src/lib/logger.ts:106
[  214543ms] [LOG] %s [213.981] [CHAT] [BATCH-PROCESSOR-1] [queue] media message time 2 0 Promise @ http://localhost:8080/src/lib/logger.ts:106
[  214559ms] [LOG] %s [213.998] [CHAT] [BATCH-PROCESSOR-1] [queue] media message time 25.90000000037253 0 Promise @ http://localhost:8080/src/lib/logger.ts:106
[  214575ms] [LOG] %s [214.013] [SWIPE-HANDLER] reset @ http://localhost:8080/src/lib/logger.ts:106
[  214575ms] [LOG] %s [214.013] [SWIPE-HANDLER] reset @ http://localhost:8080/src/lib/logger.ts:106
[  214575ms] [LOG] %s [214.013] [SWIPE-HANDLER] reset @ http://localhost:8080/src/lib/logger.ts:106
[  214576ms] [LOG] %s [214.014] [CHAT] [BATCH-PROCESSOR-1] [queue] media promises end @ http://localhost:8080/src/lib/logger.ts:106
[  214577ms] [LOG] %s [214.015] [CHAT] [BATCH-PROCESSOR-1] [queue] queue rendered @ http://localhost:8080/src/lib/logger.ts:106
[  214577ms] [LOG] %s [214.016] [CHAT] [BATCH-PROCESSOR-1] [queue] end @ http://localhost:8080/src/lib/logger.ts:106
[  214577ms] [LOG] %s [214.016] [CHAT--2096687198-chat] [perform-113] performHistoryResult end @ http://localhost:8080/src/lib/logger.ts:106
[  214577ms] [WARNING] %s [214.016] [CHAT] [setPeer] promise fulfilled @ http://localhost:8080/src/lib/logger.ts:126
[  214577ms] [WARNING] %s [214.016] [CHAT] [setPeer] finishing peer change @ http://localhost:8080/src/lib/logger.ts:126
[  214582ms] [LOG] %s [214.020] [CHAT] [handleBackgrounds] updating undefined undefined undefined @ http://localhost:8080/src/lib/logger.ts:106
[  214582ms] [WARNING] %s [214.020] [CHAT--2096687198-chat] [214.020] start topbar @ http://localhost:8080/src/lib/logger.ts:126
[  214582ms] [WARNING] %s [214.020] [CHAT--2096687198-chat] [214.020] start bubbles @ http://localhost:8080/src/lib/logger.ts:126
[  214582ms] [WARNING] %s [214.021] [CHAT--2096687198-chat] [214.021] start input @ http://localhost:8080/src/lib/logger.ts:126
[  214582ms] [WARNING] %s [214.021] [CHAT--2096687198-chat] [214.021] start sharedMedia @ http://localhost:8080/src/lib/logger.ts:126
[  214582ms] [WARNING] %s [214.021] [CHAT--2096687198-chat] [214.021] start backgrounds @ http://localhost:8080/src/lib/logger.ts:126
[  214582ms] [WARNING] %s [214.021] [CHAT--2096687198-chat] [214.021] end backgrounds 0.2999999998137355 @ http://localhost:8080/src/lib/logger.ts:126
[  214588ms] [WARNING] %s [214.026] [CHAT--2096687198-chat] [214.026] end sharedMedia 5.7000000001862645 @ http://localhost:8080/src/lib/logger.ts:126
[  214588ms] [WARNING] %s [214.027] [CHAT--2096687198-chat] [214.027] end bubbles 6.300000000745058 @ http://localhost:8080/src/lib/logger.ts:126
[  214588ms] [WARNING] %s [214.027] [CHAT--2096687198-chat] [214.027] end topbar 6.5 @ http://localhost:8080/src/lib/logger.ts:126
[  214589ms] [WARNING] %s [214.027] [CHAT--2096687198-chat] [214.027] end input 6.7000000001862645 @ http://localhost:8080/src/lib/logger.ts:126
[  214589ms] [LOG] %s [214.027] [SEARCH-SUPER] load true -1762037220 {} @ http://localhost:8080/src/lib/logger.ts:106
[  214605ms] [LOG] %s [214.043] [SWIPE-HANDLER] remove listeners @ http://localhost:8080/src/lib/logger.ts:106
[  214605ms] [LOG] %s [214.044] [SWIPE-HANDLER] reset @ http://localhost:8080/src/lib/logger.ts:106
[  214606ms] [WARNING] %s [214.044] [CHAT] [setPeer] finished peer change @ http://localhost:8080/src/lib/logger.ts:126
[  214671ms] [LOG] %s [214.109] [PM] [setCorrectIndex] direction 0 mid 4296359949 @ http://localhost:8080/src/lib/logger.ts:106
[  214671ms] [LOG] %s [214.109] [PM] [getCurrentIndex] start 4296359949 true @ http://localhost:8080/src/lib/logger.ts:106
[  214671ms] [WARNING] %s [214.109] [CHAT] [setPeer] mounted chat true JSHandle@node 188.70000000018626 @ http://localhost:8080/src/lib/logger.ts:126
[  214672ms] [LOG] %s [214.110] [PM] handleFollowingPinnedMessage @ http://localhost:8080/src/lib/logger.ts:106
[  214683ms] [WARNING] %s [214.121] [NC] replace @ http://localhost:8080/src/lib/logger.ts:126
[  214683ms] [LOG] %s [214.121] [NC] [navigate] NavigateEvent NavigationHistoryEntry @ http://localhost:8080/src/lib/logger.ts:106
[  214686ms] [LOG] %s [214.124] [CHAT--1762037220-chat] will readHistory by maxId: 4296359940 @ http://localhost:8080/src/lib/logger.ts:106
[  214695ms] [LOG] %s [214.133] [CHAT] [setPeer] scrolledAllDown: false @ http://localhost:8080/src/lib/logger.ts:106
[  214698ms] [LOG] %s [214.136] [IM] selectTab 1 1 @ http://localhost:8080/src/lib/logger.ts:106
[  214717ms] [LOG] %s [214.155] [NOTIFICATIONS] cancel msg_1_-1762037220_4296359940 undefined @ http://localhost:8080/src/lib/logger.ts:106
[  214722ms] [LOG] %s [214.160] [NOTIFICATIONS] cancel msg_1_-1762037220_4296359939 undefined @ http://localhost:8080/src/lib/logger.ts:106
[  214722ms] [LOG] %s [214.161] [NOTIFICATIONS] cancel msg_1_-1762037220_4296359938 undefined @ http://localhost:8080/src/lib/logger.ts:106
[  214722ms] [LOG] %s [214.161] [NOTIFICATIONS] cancel msg_1_-1762037220_4296359937 undefined @ http://localhost:8080/src/lib/logger.ts:106
[  214723ms] [LOG] %s [214.161] [NOTIFICATIONS] cancel msg_1_-1762037220_4296359911 undefined @ http://localhost:8080/src/lib/logger.ts:106
[  214723ms] [LOG] %s [214.161] [NOTIFICATIONS] cancel msg_1_-1762037220_4296359886 undefined @ http://localhost:8080/src/lib/logger.ts:106
[  214739ms] [LOG] %s [214.162] [NOTIFICATIONS] cancel msg_1_-1762037220_4296359869 undefined @ http://localhost:8080/src/lib/logger.ts:106
[  214739ms] [LOG] %s [214.178] [NOTIFICATIONS] cancel msg_1_-1762037220_4296359868 undefined @ http://localhost:8080/src/lib/logger.ts:106
[  214740ms] [LOG] %s [214.178] [NOTIFICATIONS] cancel msg_1_-1762037220_4296359867 undefined @ http://localhost:8080/src/lib/logger.ts:106
[  214740ms] [LOG] %s [214.179] [NOTIFICATIONS] cancel msg_1_-1762037220_4296359865 undefined @ http://localhost:8080/src/lib/logger.ts:106
[  214740ms] [LOG] %s [214.179] [NOTIFICATIONS] cancel msg_1_-1762037220_4296359847 undefined @ http://localhost:8080/src/lib/logger.ts:106
[  214781ms] [LOG] %s [214.219] [PM] [setCorrectIndex] not needed 1 @ http://localhost:8080/src/lib/logger.ts:106
[  215068ms] [LOG] %s [214.506] [CHAT] [handleBackgrounds] updating Proxy(Object) undefined undefined @ http://localhost:8080/src/lib/logger.ts:106
[  215069ms] [LOG] %s [214.508] [CHAT] [handleBackgrounds] updating Proxy(Object) undefined undefined @ http://localhost:8080/src/lib/logger.ts:106
[  215297ms] [LOG] %s [214.735] [PM] setPinnedMessage: fromTop false 0 0 @ http://localhost:8080/src/lib/logger.ts:106
[  215317ms] [LOG] %s [214.756] [PM] [getCurrentIndex] result 4296359949 {count: 4, history: Array(4), isEnd: Object, offsetIdOffset: 0, messages: undefined} 0 0 true true @ http://localhost:8080/src/lib/logger.ts:106
[  215317ms] [LOG] %s [214.756] [PM] handleFollowingPinnedMessage: unlock @ http://localhost:8080/src/lib/logger.ts:106
[  215414ms] [LOG] %s [214.853] [PM] [setCorrectIndex] direction 1 mid 4296359939 @ http://localhost:8080/src/lib/logger.ts:106
[  215828ms] [LOG] %s [215.267] [SWIPE-HANDLER] reset @ http://localhost:8080/src/lib/logger.ts:106
[  215828ms] [LOG] %s [215.267] [SWIPE-HANDLER] reset @ http://localhost:8080/src/lib/logger.ts:106
[  215829ms] [LOG] %s [215.267] [SWIPE-HANDLER] reset @ http://localhost:8080/src/lib/logger.ts:106
[  215829ms] [WARNING] %s [215.268] [CHAT] [setPeer] start @ http://localhost:8080/src/lib/logger.ts:126
[  215844ms] [LOG] %s [215.283] [CHAT] [setPeer] setPeer peerId: -1762037220 Proxy(Object) -1762037220_4296372365 -1762037220_4296372365 @ http://localhost:8080/src/lib/logger.ts:106
[  215846ms] [LOG] %s [215.285] [CHAT--1762037220-chat] cleanup @ http://localhost:8080/src/lib/logger.ts:106
[  215846ms] [LOG] %s [215.285] [CHAT] [BATCH-PROCESSOR-1] clear @ http://localhost:8080/src/lib/logger.ts:106
[  215849ms] [LOG] %s [215.288] [CHAT--1762037220-chat] i vin brehnya {cached: true, result: Promise} -1762037220_4296372079 0 0 @ http://localhost:8080/src/lib/logger.ts:106
[  215850ms] [WARNING] %s [215.288] [CHAT] [setPeer] got history @ http://localhost:8080/src/lib/logger.ts:126
[  215850ms] [LOG] %s [215.288] [CHAT--1762037220-chat] [perform-382] start null {history: Array(18)} @ http://localhost:8080/src/lib/logger.ts:106
[  215850ms] [LOG] %s [215.288] [CHAT] [setLoaded] change bottom true @ http://localhost:8080/src/lib/logger.ts:106
[  215850ms] [LOG] %s [215.288] [CHAT--1762037220-chat] [perform-825] start null {count: 918462, history: Array(0), isEnd: Object, offsetIdOffset: 18, messages: undefined} @ http://localhost:8080/src/lib/logger.ts:106
[  215851ms] [LOG] %s [215.289] [CHAT] [BATCH-PROCESSOR-1] [queue] setting pause @ http://localhost:8080/src/lib/logger.ts:106
[  215853ms] [LOG] %s [215.292] [CHAT] [BATCH-PROCESSOR-1] [queue] start 18 @ http://localhost:8080/src/lib/logger.ts:106
[  215857ms] [LOG] %s [215.296] [CHAT] [BATCH-PROCESSOR-1] [queue] render item time 3.2999999998137355 {bubble: div.bubble.hide-name.photo.is-in.can-have-tail, promises: Array(2), message: Object, reverse: true, updatePosition: true} @ http://localhost:8080/src/lib/logger.ts:106
[  215857ms] [LOG] %s [215.296] [CHAT] [BATCH-PROCESSOR-1] [queue] render item time 3.5 {bubble: div.bubble.is-in.can-have-tail, promises: Array(1), message: Object, reverse: true, updatePosition: true} @ http://localhost:8080/src/lib/logger.ts:106
[  215857ms] [LOG] %s [215.296] [CHAT] [BATCH-PROCESSOR-1] [queue] render item time 3.7000000001862645 {bubble: div.bubble.is-in.can-have-tail, promises: Array(1), message: Object, reverse: true, updatePosition: true} @ http://localhost:8080/src/lib/logger.ts:106
[  215857ms] [LOG] %s [215.296] [CHAT] [BATCH-PROCESSOR-1] [queue] render item time 3.7999999998137355 {bubble: div.bubble.is-in.can-have-tail, promises: Array(1), message: Object, reverse: true, updatePosition: true} @ http://localhost:8080/src/lib/logger.ts:106
[  215858ms] [LOG] %s [215.296] [CHAT] [BATCH-PROCESSOR-1] [queue] render item time 4 {bubble: div.bubble.is-in.can-have-tail, promises: Array(1), message: Object, reverse: true, updatePosition: true} @ http://localhost:8080/src/lib/logger.ts:106
[  215858ms] [LOG] %s [215.296] [CHAT] [BATCH-PROCESSOR-1] [queue] render item time 4 {bubble: div.bubble.is-in.can-have-tail, promises: Array(1), message: Object, reverse: true, updatePosition: true} @ http://localhost:8080/src/lib/logger.ts:106
[  215858ms] [LOG] %s [215.296] [CHAT] [BATCH-PROCESSOR-1] [queue] render item time 4.2000000001862645 {bubble: div.bubble.is-in.can-have-tail, promises: Array(1), message: Object, reverse: true, updatePosition: true} @ http://localhost:8080/src/lib/logger.ts:106
[  215858ms] [LOG] %s [215.296] [CHAT] [BATCH-PROCESSOR-1] [queue] render item time 4.2999999998137355 {bubble: div.bubble.is-in.can-have-tail, promises: Array(1), message: Object, reverse: true, updatePosition: true} @ http://localhost:8080/src/lib/logger.ts:106
[  215858ms] [LOG] %s [215.297] [CHAT] [BATCH-PROCESSOR-1] [queue] render item time 4.400000000372529 {bubble: div.bubble.is-in.can-have-tail, promises: Array(1), message: Object, reverse: true, updatePosition: true} @ http://localhost:8080/src/lib/logger.ts:106
[  215858ms] [LOG] %s [215.297] [CHAT] [BATCH-PROCESSOR-1] [queue] render item time 4.6000000005587935 {bubble: div.bubble.is-in.can-have-tail, promises: Array(1), message: Object, reverse: true, updatePosition: true} @ http://localhost:8080/src/lib/logger.ts:106
[  215858ms] [LOG] %s [215.297] [CHAT] [BATCH-PROCESSOR-1] [queue] render item time 4.7000000001862645 {bubble: div.bubble.is-in.can-have-tail, promises: Array(1), message: Object, reverse: true, updatePosition: true} @ http://localhost:8080/src/lib/logger.ts:106
[  215858ms] [LOG] %s [215.297] [CHAT] [BATCH-PROCESSOR-1] [queue] render item time 4.7000000001862645 {bubble: div.bubble.is-in.can-have-tail, promises: Array(1), message: Object, reverse: true, updatePosition: true} @ http://localhost:8080/src/lib/logger.ts:106
[  215859ms] [LOG] %s [215.297] [CHAT] [BATCH-PROCESSOR-1] [queue] render item time 4.900000000372529 {bubble: div.bubble.is-in.can-have-tail, promises: Array(1), message: Object, reverse: true, updatePosition: true} @ http://localhost:8080/src/lib/logger.ts:106
[  215859ms] [LOG] %s [215.297] [CHAT] [BATCH-PROCESSOR-1] [queue] render item time 5 {bubble: div.bubble.is-in.can-have-tail, promises: Array(1), message: Object, reverse: true, updatePosition: true} @ http://localhost:8080/src/lib/logger.ts:106
[  215859ms] [LOG] %s [215.297] [CHAT] [BATCH-PROCESSOR-1] [queue] render item time 5.1000000005587935 {bubble: div.bubble.is-in.can-have-tail, promises: Array(1), message: Object, reverse: true, updatePosition: true} @ http://localhost:8080/src/lib/logger.ts:106
[  215859ms] [LOG] %s [215.297] [CHAT] [BATCH-PROCESSOR-1] [queue] render item time 5.1000000005587935 {bubble: div.bubble.is-in.can-have-tail, promises: Array(1), message: Object, reverse: true, updatePosition: true} @ http://localhost:8080/src/lib/logger.ts:106
[  215859ms] [LOG] %s [215.298] [CHAT] [BATCH-PROCESSOR-1] [queue] render item time 5.400000000372529 {bubble: div.bubble.is-reply.is-in.can-have-tail, promises: Array(1), message: Object, reverse: true, updatePosition: true} @ http://localhost:8080/src/lib/logger.ts:106
[  215859ms] [LOG] %s [215.298] [CHAT] [BATCH-PROCESSOR-1] [queue] render item time 5.5 {bubble: div.bubble.is-reply.is-in.can-have-tail, promises: Array(1), message: Object, reverse: true, updatePosition: true} @ http://localhost:8080/src/lib/logger.ts:106
[  215859ms] [LOG] %s [215.298] [CHAT] [BATCH-PROCESSOR-1] [queue] messages rendered @ http://localhost:8080/src/lib/logger.ts:106
[  215864ms] [LOG] %s [215.302] [CHAT] [BATCH-PROCESSOR-1] [queue] changed ends true false @ http://localhost:8080/src/lib/logger.ts:106
[  215864ms] [LOG] %s [215.303] [CHAT] [BATCH-PROCESSOR-1] [queue] media promises to call [Promise, Promise, Promise, Promise, Promise, Promise, Promise, Promise, Promise, Promise, Promise, Promise, Promise, Promise, Promise, Promise, Promise, Promise, Promise, Promise, Promise, Promise, Promise, Promise, Promise, Promise, Promise, Promise, Promise, Promise, Promise, Promise, Promise, Promise, Promise, Promise] [Object, Object, Object, Object, Object, Object, Object, Object, Object, Object, Object, Object, Object, Object, Object, Object, Object, Object] false @ http://localhost:8080/src/lib/logger.ts:106
[  215867ms] [LOG] %s [215.305] [CHAT] [BATCH-PROCESSOR-1] [queue] media message time 1.900000000372529 0 Promise @ http://localhost:8080/src/lib/logger.ts:106
[  215867ms] [LOG] %s [215.305] [CHAT] [BATCH-PROCESSOR-1] [queue] media message time 1.900000000372529 1 Promise @ http://localhost:8080/src/lib/logger.ts:106
[  215867ms] [LOG] %s [215.306] [CHAT] [BATCH-PROCESSOR-1] [queue] media message time 1.900000000372529 0 Promise @ http://localhost:8080/src/lib/logger.ts:106
[  215867ms] [LOG] %s [215.306] [CHAT] [BATCH-PROCESSOR-1] [queue] media message time 1.900000000372529 0 Promise @ http://localhost:8080/src/lib/logger.ts:106
[  215868ms] [LOG] %s [215.306] [CHAT] [BATCH-PROCESSOR-1] [queue] media message time 1.900000000372529 0 Promise @ http://localhost:8080/src/lib/logger.ts:106
[  215868ms] [LOG] %s [215.306] [CHAT] [BATCH-PROCESSOR-1] [queue] media message time 1.900000000372529 0 Promise @ http://localhost:8080/src/lib/logger.ts:106
[  215868ms] [LOG] %s [215.307] [CHAT] [BATCH-PROCESSOR-1] [queue] media message time 1.900000000372529 0 Promise @ http://localhost:8080/src/lib/logger.ts:106
[  215868ms] [LOG] %s [215.307] [CHAT] [BATCH-PROCESSOR-1] [queue] media message time 1.900000000372529 0 Promise @ http://localhost:8080/src/lib/logger.ts:106
[  215869ms] [LOG] %s [215.307] [CHAT] [BATCH-PROCESSOR-1] [queue] media message time 1.900000000372529 0 Promise @ http://localhost:8080/src/lib/logger.ts:106
[  215869ms] [LOG] %s [215.307] [CHAT] [BATCH-PROCESSOR-1] [queue] media message time 1.900000000372529 0 Promise @ http://localhost:8080/src/lib/logger.ts:106
[  215869ms] [LOG] %s [215.308] [CHAT] [BATCH-PROCESSOR-1] [queue] media message time 1.900000000372529 0 Promise @ http://localhost:8080/src/lib/logger.ts:106
[  215869ms] [LOG] %s [215.308] [CHAT] [BATCH-PROCESSOR-1] [queue] media message time 1.900000000372529 0 Promise @ http://localhost:8080/src/lib/logger.ts:106
[  215870ms] [LOG] %s [215.308] [CHAT] [BATCH-PROCESSOR-1] [queue] media message time 1.900000000372529 0 Promise @ http://localhost:8080/src/lib/logger.ts:106
[  215870ms] [LOG] %s [215.308] [CHAT] [BATCH-PROCESSOR-1] [queue] media message time 1.900000000372529 0 Promise @ http://localhost:8080/src/lib/logger.ts:106
[  215870ms] [LOG] %s [215.308] [CHAT] [BATCH-PROCESSOR-1] [queue] media message time 1.900000000372529 0 Promise @ http://localhost:8080/src/lib/logger.ts:106
[  215870ms] [LOG] %s [215.309] [CHAT] [BATCH-PROCESSOR-1] [queue] media message time 1.900000000372529 0 Promise @ http://localhost:8080/src/lib/logger.ts:106
[  215870ms] [LOG] %s [215.309] [CHAT] [BATCH-PROCESSOR-1] [queue] media message time 1.900000000372529 0 Promise @ http://localhost:8080/src/lib/logger.ts:106
[  215871ms] [LOG] %s [215.309] [CHAT] [BATCH-PROCESSOR-1] [queue] media message time 1.900000000372529 0 Promise @ http://localhost:8080/src/lib/logger.ts:106
[  215871ms] [LOG] %s [215.309] [CHAT] [BATCH-PROCESSOR-1] [queue] media message time 1.900000000372529 0 Promise @ http://localhost:8080/src/lib/logger.ts:106
[  215885ms] [LOG] %s [215.323] [BATCH-PROCESSOR-2] [queue] setting pause @ http://localhost:8080/src/lib/logger.ts:106
[  215891ms] [LOG] %s [215.329] [BATCH-PROCESSOR-2] [queue] start 8 @ http://localhost:8080/src/lib/logger.ts:106
[  215893ms] [LOG] %s [215.331] [CHAT] [BATCH-PROCESSOR-1] [queue] media promises end @ http://localhost:8080/src/lib/logger.ts:106
[  215894ms] [LOG] %s [215.332] [CHAT] [BATCH-PROCESSOR-1] [queue] queue rendered @ http://localhost:8080/src/lib/logger.ts:106
[  215894ms] [LOG] %s [215.332] [CHAT] [BATCH-PROCESSOR-1] [queue] end @ http://localhost:8080/src/lib/logger.ts:106
[  215894ms] [LOG] %s [215.332] [CHAT--1762037220-chat] [perform-825] performHistoryResult end @ http://localhost:8080/src/lib/logger.ts:106
[  215894ms] [LOG] %s [215.332] [CHAT--1762037220-chat] [perform-382] performHistoryResult end @ http://localhost:8080/src/lib/logger.ts:106
[  215894ms] [WARNING] %s [215.332] [CHAT] [setPeer] promise fulfilled @ http://localhost:8080/src/lib/logger.ts:126
[  215905ms] [LOG] %s [215.344] [PM] [setCorrectIndex] direction 0 mid 4296372365 @ http://localhost:8080/src/lib/logger.ts:106
[  215905ms] [WARNING] %s [215.344] [CHAT] [setPeer] mounted chat true JSHandle@node 76.30000000074506 @ http://localhost:8080/src/lib/logger.ts:126
[  215906ms] [LOG] [HEAVY-ANIMATION]: start @ http://localhost:8080/src/hooks/useHeavyAnimationCheck.ts:17
[  215906ms] [LOG] [HEAVY-ANIMATION]: attach promise, length: 1 undefined @ http://localhost:8080/src/hooks/useHeavyAnimationCheck.ts:20
[  215908ms] [LOG] %s [215.346] [PM] [setCorrectIndex] direction 0 mid 4296372183 @ http://localhost:8080/src/lib/logger.ts:106
[  215908ms] [LOG] %s [215.347] [PM] [getCurrentIndex] start undefined true @ http://localhost:8080/src/lib/logger.ts:106
[  215916ms] [LOG] %s [215.355] [BATCH-PROCESSOR-2] [queue] queue rendered @ http://localhost:8080/src/lib/logger.ts:106
[  215917ms] [LOG] %s [215.355] [BATCH-PROCESSOR-2] [queue] end @ http://localhost:8080/src/lib/logger.ts:106
[  215923ms] [LOG] %s [215.361] [CHAT--1762037220-chat] will readHistory by maxId: 4296372183 @ http://localhost:8080/src/lib/logger.ts:106
[  215923ms] [LOG] %s [215.362] [PM] [getCurrentIndex] result undefined {count: 4, history: Array(4), isEnd: Object, offsetIdOffset: 0, messages: undefined} 4 0 true true @ http://localhost:8080/src/lib/logger.ts:106
[  215924ms] [LOG] %s [215.362] [PM] [setCorrectIndex] direction 0 mid 4296372183 @ http://localhost:8080/src/lib/logger.ts:106
[  215924ms] [LOG] %s [215.362] [CHAT] [setPeer] scrolledAllDown: true @ http://localhost:8080/src/lib/logger.ts:106
[  215928ms] [LOG] %s [215.367] [NOTIFICATIONS] cancel msg_1_-1762037220_4296372183 undefined @ http://localhost:8080/src/lib/logger.ts:106
[  215929ms] [LOG] %s [215.367] [NOTIFICATIONS] cancel msg_1_-1762037220_4296372180 undefined @ http://localhost:8080/src/lib/logger.ts:106
[  215929ms] [LOG] %s [215.367] [NOTIFICATIONS] cancel msg_1_-1762037220_4296372178 undefined @ http://localhost:8080/src/lib/logger.ts:106
[  215929ms] [LOG] %s [215.367] [NOTIFICATIONS] cancel msg_1_-1762037220_4296372155 undefined @ http://localhost:8080/src/lib/logger.ts:106
[  215929ms] [LOG] %s [215.367] [NOTIFICATIONS] cancel msg_1_-1762037220_4296372141 undefined @ http://localhost:8080/src/lib/logger.ts:106
[  215929ms] [LOG] %s [215.368] [NOTIFICATIONS] cancel msg_1_-1762037220_4296372099 undefined @ http://localhost:8080/src/lib/logger.ts:106
[  215929ms] [LOG] %s [215.368] [NOTIFICATIONS] cancel msg_1_-1762037220_4296372095 undefined @ http://localhost:8080/src/lib/logger.ts:106
[  215929ms] [LOG] %s [215.368] [NOTIFICATIONS] cancel msg_1_-1762037220_4296372079 undefined @ http://localhost:8080/src/lib/logger.ts:106
[  215929ms] [LOG] %s [215.368] [NOTIFICATIONS] cancel msg_1_-1762037220_4296372077 undefined @ http://localhost:8080/src/lib/logger.ts:106
[  215930ms] [LOG] %s [215.368] [NOTIFICATIONS] cancel msg_1_-1762037220_4296372076 undefined @ http://localhost:8080/src/lib/logger.ts:106
[  215930ms] [LOG] %s [215.368] [NOTIFICATIONS] cancel msg_1_-1762037220_4296372075 undefined @ http://localhost:8080/src/lib/logger.ts:106
[  215930ms] [LOG] %s [215.368] [NOTIFICATIONS] cancel msg_1_-1762037220_4296372074 undefined @ http://localhost:8080/src/lib/logger.ts:106
[  215930ms] [LOG] %s [215.368] [NOTIFICATIONS] cancel msg_1_-1762037220_4296372073 undefined @ http://localhost:8080/src/lib/logger.ts:106
[  215930ms] [LOG] %s [215.369] [NOTIFICATIONS] cancel msg_1_-1762037220_4296372070 undefined @ http://localhost:8080/src/lib/logger.ts:106
[  215930ms] [LOG] %s [215.369] [NOTIFICATIONS] cancel msg_1_-1762037220_4296372069 undefined @ http://localhost:8080/src/lib/logger.ts:106
[  215930ms] [LOG] %s [215.369] [NOTIFICATIONS] cancel msg_1_-1762037220_4296372068 undefined @ http://localhost:8080/src/lib/logger.ts:106
[  215930ms] [LOG] %s [215.369] [NOTIFICATIONS] cancel msg_1_-1762037220_4296372062 undefined @ http://localhost:8080/src/lib/logger.ts:106
[  215930ms] [LOG] %s [215.369] [NOTIFICATIONS] cancel msg_1_-1762037220_4296372061 undefined @ http://localhost:8080/src/lib/logger.ts:106
[  215931ms] [LOG] %s [215.369] [NOTIFICATIONS] cancel msg_1_-1762037220_4296372060 undefined @ http://localhost:8080/src/lib/logger.ts:106
[  215931ms] [LOG] %s [215.369] [NOTIFICATIONS] cancel msg_1_-1762037220_4296372059 undefined @ http://localhost:8080/src/lib/logger.ts:106
[  215931ms] [LOG] %s [215.369] [NOTIFICATIONS] cancel msg_1_-1762037220_4296372058 undefined @ http://localhost:8080/src/lib/logger.ts:106
[  215931ms] [LOG] %s [215.369] [NOTIFICATIONS] cancel msg_1_-1762037220_4296372057 undefined @ http://localhost:8080/src/lib/logger.ts:106
[  215931ms] [LOG] %s [215.369] [NOTIFICATIONS] cancel msg_1_-1762037220_4296372055 undefined @ http://localhost:8080/src/lib/logger.ts:106
[  215931ms] [LOG] %s [215.370] [NOTIFICATIONS] cancel msg_1_-1762037220_4296372052 undefined @ http://localhost:8080/src/lib/logger.ts:106
[  215931ms] [LOG] %s [215.370] [NOTIFICATIONS] cancel msg_1_-1762037220_4296372051 undefined @ http://localhost:8080/src/lib/logger.ts:106
[  215931ms] [LOG] %s [215.370] [NOTIFICATIONS] cancel msg_1_-1762037220_4296372048 undefined @ http://localhost:8080/src/lib/logger.ts:106
[  215931ms] [LOG] %s [215.370] [NOTIFICATIONS] cancel msg_1_-1762037220_4296372046 undefined @ http://localhost:8080/src/lib/logger.ts:106
[  215931ms] [LOG] %s [215.370] [NOTIFICATIONS] cancel msg_1_-1762037220_4296372045 undefined @ http://localhost:8080/src/lib/logger.ts:106
[  215932ms] [LOG] %s [215.370] [NOTIFICATIONS] cancel msg_1_-1762037220_4296372044 undefined @ http://localhost:8080/src/lib/logger.ts:106
[  215932ms] [LOG] %s [215.370] [NOTIFICATIONS] cancel msg_1_-1762037220_4296372043 undefined @ http://localhost:8080/src/lib/logger.ts:106
[  215932ms] [LOG] %s [215.370] [NOTIFICATIONS] cancel msg_1_-1762037220_4296372042 undefined @ http://localhost:8080/src/lib/logger.ts:106
[  215932ms] [LOG] %s [215.370] [NOTIFICATIONS] cancel msg_1_-1762037220_4296372041 undefined @ http://localhost:8080/src/lib/logger.ts:106
[  215932ms] [LOG] %s [215.370] [NOTIFICATIONS] cancel msg_1_-1762037220_4296372040 undefined @ http://localhost:8080/src/lib/logger.ts:106
[  215932ms] [LOG] %s [215.370] [NOTIFICATIONS] cancel msg_1_-1762037220_4296372039 undefined @ http://localhost:8080/src/lib/logger.ts:106
[  215932ms] [LOG] %s [215.371] [NOTIFICATIONS] cancel msg_1_-1762037220_4296372038 undefined @ http://localhost:8080/src/lib/logger.ts:106
[  215932ms] [LOG] %s [215.371] [NOTIFICATIONS] cancel msg_1_-1762037220_4296372037 undefined @ http://localhost:8080/src/lib/logger.ts:106
[  215932ms] [LOG] %s [215.371] [NOTIFICATIONS] cancel msg_1_-1762037220_4296372036 undefined @ http://localhost:8080/src/lib/logger.ts:106
[  215932ms] [LOG] %s [215.371] [NOTIFICATIONS] cancel msg_1_-1762037220_4296372000 undefined @ http://localhost:8080/src/lib/logger.ts:106
[  215932ms] [LOG] %s [215.371] [NOTIFICATIONS] cancel msg_1_-1762037220_4296371999 undefined @ http://localhost:8080/src/lib/logger.ts:106
[  215933ms] [LOG] %s [215.371] [NOTIFICATIONS] cancel msg_1_-1762037220_4296371998 undefined @ http://localhost:8080/src/lib/logger.ts:106
[  215933ms] [LOG] %s [215.371] [NOTIFICATIONS] cancel msg_1_-1762037220_4296360018 undefined @ http://localhost:8080/src/lib/logger.ts:106
[  215933ms] [LOG] %s [215.371] [NOTIFICATIONS] cancel msg_1_-1762037220_4296360017 undefined @ http://localhost:8080/src/lib/logger.ts:106
[  215933ms] [LOG] %s [215.371] [NOTIFICATIONS] cancel msg_1_-1762037220_4296360011 undefined @ http://localhost:8080/src/lib/logger.ts:106
[  215933ms] [LOG] %s [215.371] [NOTIFICATIONS] cancel msg_1_-1762037220_4296359996 undefined @ http://localhost:8080/src/lib/logger.ts:106
[  215933ms] [LOG] %s [215.371] [NOTIFICATIONS] cancel msg_1_-1762037220_4296359991 undefined @ http://localhost:8080/src/lib/logger.ts:106
[  215933ms] [LOG] %s [215.371] [NOTIFICATIONS] cancel msg_1_-1762037220_4296359984 undefined @ http://localhost:8080/src/lib/logger.ts:106
[  215933ms] [LOG] %s [215.371] [NOTIFICATIONS] cancel msg_1_-1762037220_4296359973 undefined @ http://localhost:8080/src/lib/logger.ts:106
[  215933ms] [LOG] %s [215.372] [NOTIFICATIONS] cancel msg_1_-1762037220_4296359954 undefined @ http://localhost:8080/src/lib/logger.ts:106
[  215933ms] [LOG] %s [215.372] [NOTIFICATIONS] cancel msg_1_-1762037220_4296359949 undefined @ http://localhost:8080/src/lib/logger.ts:106
[  215933ms] [LOG] %s [215.372] [NOTIFICATIONS] cancel msg_1_-1762037220_4296359948 undefined @ http://localhost:8080/src/lib/logger.ts:106
[  215933ms] [LOG] %s [215.372] [NOTIFICATIONS] cancel msg_1_-1762037220_4296359947 undefined @ http://localhost:8080/src/lib/logger.ts:106
[  215933ms] [LOG] %s [215.372] [NOTIFICATIONS] cancel msg_1_-1762037220_4296359946 undefined @ http://localhost:8080/src/lib/logger.ts:106
[  215933ms] [LOG] %s [215.372] [NOTIFICATIONS] cancel msg_1_-1762037220_4296359945 undefined @ http://localhost:8080/src/lib/logger.ts:106
[  215976ms] [LOG] %s [215.415] [PM] [setCorrectIndex] direction 0 mid 4296372261 @ http://localhost:8080/src/lib/logger.ts:106
[  216129ms] [LOG] %s [215.567] [SWIPE-HANDLER] reset @ http://localhost:8080/src/lib/logger.ts:106
[  216129ms] [LOG] %s [215.567] [SWIPE-HANDLER] reset @ http://localhost:8080/src/lib/logger.ts:106
[  216129ms] [LOG] %s [215.567] [SWIPE-HANDLER] reset @ http://localhost:8080/src/lib/logger.ts:106
[  216129ms] [WARNING] %s [215.567] [CHAT] [setPeer] start @ http://localhost:8080/src/lib/logger.ts:126
[  216144ms] [LOG] [HEAVY-ANIMATION]: attach promise, length: 2 undefined @ http://localhost:8080/src/hooks/useHeavyAnimationCheck.ts:20
[  216144ms] [LOG] %s [215.583] [PM] [setCorrectIndex] direction 0 mid 4296372365 @ http://localhost:8080/src/lib/logger.ts:106
[  216145ms] [LOG] %s [215.583] [PM] [getCurrentIndex] start undefined true @ http://localhost:8080/src/lib/logger.ts:106
[  216145ms] [LOG] %s [215.583] [PM] [getCurrentIndex] result undefined {count: 4, history: Array(4), isEnd: Object, offsetIdOffset: 0, messages: undefined} 4 0 true true @ http://localhost:8080/src/lib/logger.ts:106
[  216145ms] [LOG] %s [215.584] [PM] [setCorrectIndex] direction 0 mid 4296372365 @ http://localhost:8080/src/lib/logger.ts:106
[  216159ms] [LOG] [HEAVY-ANIMATION]: promise end, length: 1 252.90000000037253 @ http://localhost:8080/src/hooks/useHeavyAnimationCheck.ts:29
[  216424ms] [LOG] [HEAVY-ANIMATION]: promise end, length: 0 280 @ http://localhost:8080/src/hooks/useHeavyAnimationCheck.ts:29
[  216424ms] [LOG] [HEAVY-ANIMATION]: end @ http://localhost:8080/src/hooks/useHeavyAnimationCheck.ts:45
[  216469ms] [LOG] %s [215.908] [CHAT--1762037220-chat] will readHistory by maxId: 4296372365 @ http://localhost:8080/src/lib/logger.ts:106
[  216471ms] [LOG] %s [215.909] [NOTIFICATIONS] cancel msg_1_-1762037220_4296372365 undefined @ http://localhost:8080/src/lib/logger.ts:106
[  216471ms] [LOG] %s [215.909] [NOTIFICATIONS] cancel msg_1_-1762037220_4296372364 undefined @ http://localhost:8080/src/lib/logger.ts:106
[  216471ms] [LOG] %s [215.909] [NOTIFICATIONS] cancel msg_1_-1762037220_4296372362 undefined @ http://localhost:8080/src/lib/logger.ts:106
[  216471ms] [LOG] %s [215.909] [NOTIFICATIONS] cancel msg_1_-1762037220_4296372287 undefined @ http://localhost:8080/src/lib/logger.ts:106
[  216471ms] [LOG] %s [215.909] [NOTIFICATIONS] cancel msg_1_-1762037220_4296372261 undefined @ http://localhost:8080/src/lib/logger.ts:106
[  216471ms] [LOG] %s [215.909] [NOTIFICATIONS] cancel msg_1_-1762037220_4296372231 undefined @ http://localhost:8080/src/lib/logger.ts:106
[  216471ms] [LOG] %s [215.910] [NOTIFICATIONS] cancel msg_1_-1762037220_4296372221 undefined @ http://localhost:8080/src/lib/logger.ts:106
[  216471ms] [LOG] %s [215.910] [NOTIFICATIONS] cancel msg_1_-1762037220_4296372220 undefined @ http://localhost:8080/src/lib/logger.ts:106
[  216471ms] [LOG] %s [215.910] [NOTIFICATIONS] cancel msg_1_-1762037220_4296372219 undefined @ http://localhost:8080/src/lib/logger.ts:106
[  216471ms] [LOG] %s [215.910] [NOTIFICATIONS] cancel msg_1_-1762037220_4296372199 undefined @ http://localhost:8080/src/lib/logger.ts:106
[  216544ms] [LOG] %s [215.982] [PM] [setCorrectIndex] direction 1 mid 4296372365 @ http://localhost:8080/src/lib/logger.ts:106
[  216874ms] [LOG] %s [216.312] [SWIPE-HANDLER] reset @ http://localhost:8080/src/lib/logger.ts:106
[  216874ms] [LOG] %s [216.313] [SWIPE-HANDLER] reset @ http://localhost:8080/src/lib/logger.ts:106
[  216874ms] [LOG] %s [216.313] [SWIPE-HANDLER] reset @ http://localhost:8080/src/lib/logger.ts:106
[  222292ms] [LOG] %s [221.730] [DIALOGS] dialogs click list @ http://localhost:8080/src/lib/logger.ts:106
[  222296ms] [LOG] %s [221.735] [IM] saved pinned-only hint: {mid: 4296253366, index: 0, count: 4} @ http://localhost:8080/src/lib/logger.ts:106
[  222297ms] [WARNING] %s [221.735] [CHAT] [setPeer] start @ http://localhost:8080/src/lib/logger.ts:126
[  222297ms] [WARNING] %s [221.736] [CHAT--1762037220-chat] [221.736] start noForwards @ http://localhost:8080/src/lib/logger.ts:126
[  222297ms] [WARNING] %s [221.736] [CHAT--1762037220-chat] [221.736] start isRestricted @ http://localhost:8080/src/lib/logger.ts:126
[  222297ms] [WARNING] %s [221.736] [CHAT--1762037220-chat] [221.736] start isLikeGroup @ http://localhost:8080/src/lib/logger.ts:126
[  222297ms] [WARNING] %s [221.736] [CHAT--1762037220-chat] [221.736] start isRealGroup @ http://localhost:8080/src/lib/logger.ts:126
[  222297ms] [WARNING] %s [221.736] [CHAT--1762037220-chat] [221.736] start isMegagroup @ http://localhost:8080/src/lib/logger.ts:126
[  222298ms] [WARNING] %s [221.736] [CHAT--1762037220-chat] [221.736] start isBroadcast @ http://localhost:8080/src/lib/logger.ts:126
[  222298ms] [WARNING] %s [221.736] [CHAT--1762037220-chat] [221.736] start isChannel @ http://localhost:8080/src/lib/logger.ts:126
[  222298ms] [WARNING] %s [221.736] [CHAT--1762037220-chat] [221.736] start isBot @ http://localhost:8080/src/lib/logger.ts:126
[  222298ms] [WARNING] %s [221.736] [CHAT--1762037220-chat] [221.736] start isAnonymousSending @ http://localhost:8080/src/lib/logger.ts:126
[  222298ms] [WARNING] %s [221.736] [CHAT--1762037220-chat] [221.736] start isPremiumRequired @ http://localhost:8080/src/lib/logger.ts:126
[  222298ms] [WARNING] %s [221.736] [CHAT--1762037220-chat] [221.736] start starsAmount @ http://localhost:8080/src/lib/logger.ts:126
[  222298ms] [WARNING] %s [221.737] [CHAT--1762037220-chat] [221.737] start canManageDirectMessages @ http://localhost:8080/src/lib/logger.ts:126
[  222298ms] [WARNING] %s [221.737] [CHAT--1762037220-chat] [221.737] end isPremiumRequired 0.30000000074505806 @ http://localhost:8080/src/lib/logger.ts:126
[  222299ms] [WARNING] %s [221.738] [CHAT--1762037220-chat] [221.738] end noForwards 2.2999999998137355 @ http://localhost:8080/src/lib/logger.ts:126
[  222300ms] [WARNING] %s [221.738] [CHAT--1762037220-chat] [221.738] end isRestricted 2.3999999994412065 @ http://localhost:8080/src/lib/logger.ts:126
[  222300ms] [WARNING] %s [221.738] [CHAT--1762037220-chat] [221.738] end isRealGroup 2.2999999998137355 @ http://localhost:8080/src/lib/logger.ts:126
[  222300ms] [WARNING] %s [221.738] [CHAT--1762037220-chat] [221.738] end isMegagroup 2.400000000372529 @ http://localhost:8080/src/lib/logger.ts:126
[  222300ms] [WARNING] %s [221.738] [CHAT--1762037220-chat] [221.738] end isBroadcast 2.2999999998137355 @ http://localhost:8080/src/lib/logger.ts:126
[  222300ms] [WARNING] %s [221.738] [CHAT--1762037220-chat] [221.738] end isChannel 2.2000000001862645 @ http://localhost:8080/src/lib/logger.ts:126
[  222300ms] [WARNING] %s [221.738] [CHAT--1762037220-chat] [221.738] end isBot 2.099999999627471 @ http://localhost:8080/src/lib/logger.ts:126
[  222300ms] [WARNING] %s [221.738] [CHAT--1762037220-chat] [221.738] end isAnonymousSending 2.099999999627471 @ http://localhost:8080/src/lib/logger.ts:126
[  222300ms] [WARNING] %s [221.739] [CHAT--1762037220-chat] [221.738] end starsAmount 1.8999999994412065 @ http://localhost:8080/src/lib/logger.ts:126
[  222300ms] [WARNING] %s [221.739] [CHAT--1762037220-chat] [221.739] end canManageDirectMessages 1.900000000372529 @ http://localhost:8080/src/lib/logger.ts:126
[  222300ms] [WARNING] %s [221.739] [CHAT--1762037220-chat] [221.739] end isLikeGroup 2.7999999998137355 @ http://localhost:8080/src/lib/logger.ts:126
[  222313ms] [LOG] %s [221.751] [CHAT] [setPeer] setPeer peerId: -1395363861 Proxy(Object) -1395363861_4295013693 -1395363861_4295015452 @ http://localhost:8080/src/lib/logger.ts:106
[  222313ms] [LOG] %s [221.751] [CHAT--1762037220-chat] cleanup @ http://localhost:8080/src/lib/logger.ts:106
[  222313ms] [LOG] %s [221.752] [CHAT] [setLoaded] change bottom false @ http://localhost:8080/src/lib/logger.ts:106
[  222313ms] [LOG] %s [221.752] [CHAT] [BATCH-PROCESSOR-1] clear @ http://localhost:8080/src/lib/logger.ts:106
[  222314ms] [LOG] %s [221.753] [CHAT--1762037220-chat] i vin brehnya {cached: true, result: Promise} -1395363861_4295013693 20 20 @ http://localhost:8080/src/lib/logger.ts:106
[  222315ms] [WARNING] %s [221.753] [CHAT] [setPeer] got history @ http://localhost:8080/src/lib/logger.ts:126
[  222315ms] [LOG] %s [221.753] [CHAT--1762037220-chat] [perform-540] start null {count: 42784, history: Array(40), isEnd: Object, offsetIdOffset: 25, messages: undefined} @ http://localhost:8080/src/lib/logger.ts:106
[  222316ms] [LOG] %s [221.755] [CHAT] [BATCH-PROCESSOR-1] [queue] setting pause @ http://localhost:8080/src/lib/logger.ts:106
[  222334ms] [LOG] %s [221.773] [CHAT] [BATCH-PROCESSOR-1] [queue] start 40 @ http://localhost:8080/src/lib/logger.ts:106
[  222336ms] [WARNING] computations created outside a `createRoot` or `render` will never be disposed @ http://localhost:8080/node_modules/.vite/deps/solid-js.js?v=0f585f33:711
[  222336ms] [WARNING] computations created outside a `createRoot` or `render` will never be disposed @ http://localhost:8080/node_modules/.vite/deps/solid-js.js?v=0f585f33:711
[  222336ms] [WARNING] computations created outside a `createRoot` or `render` will never be disposed @ http://localhost:8080/node_modules/.vite/deps/solid-js.js?v=0f585f33:711
[  222337ms] [WARNING] computations created outside a `createRoot` or `render` will never be disposed @ http://localhost:8080/node_modules/.vite/deps/solid-js.js?v=0f585f33:711
[  222337ms] [WARNING] computations created outside a `createRoot` or `render` will never be disposed @ http://localhost:8080/node_modules/.vite/deps/solid-js.js?v=0f585f33:711
[  222337ms] [WARNING] computations created outside a `createRoot` or `render` will never be disposed @ http://localhost:8080/node_modules/.vite/deps/solid-js.js?v=0f585f33:711
[  222338ms] [WARNING] computations created outside a `createRoot` or `render` will never be disposed @ http://localhost:8080/node_modules/.vite/deps/solid-js.js?v=0f585f33:711
[  222338ms] [WARNING] computations created outside a `createRoot` or `render` will never be disposed @ http://localhost:8080/node_modules/.vite/deps/solid-js.js?v=0f585f33:711
[  222338ms] [WARNING] computations created outside a `createRoot` or `render` will never be disposed @ http://localhost:8080/node_modules/.vite/deps/solid-js.js?v=0f585f33:711
[  222338ms] [WARNING] computations created outside a `createRoot` or `render` will never be disposed @ http://localhost:8080/node_modules/.vite/deps/solid-js.js?v=0f585f33:711
[  222339ms] [WARNING] computations created outside a `createRoot` or `render` will never be disposed @ http://localhost:8080/node_modules/.vite/deps/solid-js.js?v=0f585f33:711
[  222339ms] [WARNING] computations created outside a `createRoot` or `render` will never be disposed @ http://localhost:8080/node_modules/.vite/deps/solid-js.js?v=0f585f33:711
[  222339ms] [WARNING] computations created outside a `createRoot` or `render` will never be disposed @ http://localhost:8080/node_modules/.vite/deps/solid-js.js?v=0f585f33:711
[  222339ms] [WARNING] computations created outside a `createRoot` or `render` will never be disposed @ http://localhost:8080/node_modules/.vite/deps/solid-js.js?v=0f585f33:711
[  222340ms] [WARNING] computations created outside a `createRoot` or `render` will never be disposed @ http://localhost:8080/node_modules/.vite/deps/solid-js.js?v=0f585f33:711
[  222340ms] [WARNING] computations created outside a `createRoot` or `render` will never be disposed @ http://localhost:8080/node_modules/.vite/deps/solid-js.js?v=0f585f33:711
[  222340ms] [WARNING] computations created outside a `createRoot` or `render` will never be disposed @ http://localhost:8080/node_modules/.vite/deps/solid-js.js?v=0f585f33:711
[  222341ms] [WARNING] computations created outside a `createRoot` or `render` will never be disposed @ http://localhost:8080/node_modules/.vite/deps/solid-js.js?v=0f585f33:711
[  222341ms] [WARNING] computations created outside a `createRoot` or `render` will never be disposed @ http://localhost:8080/node_modules/.vite/deps/solid-js.js?v=0f585f33:711
[  222341ms] [WARNING] computations created outside a `createRoot` or `render` will never be disposed @ http://localhost:8080/node_modules/.vite/deps/solid-js.js?v=0f585f33:711
[  222341ms] [WARNING] computations created outside a `createRoot` or `render` will never be disposed @ http://localhost:8080/node_modules/.vite/deps/solid-js.js?v=0f585f33:711
[  222342ms] [WARNING] computations created outside a `createRoot` or `render` will never be disposed @ http://localhost:8080/node_modules/.vite/deps/solid-js.js?v=0f585f33:711
[  222342ms] [WARNING] computations created outside a `createRoot` or `render` will never be disposed @ http://localhost:8080/node_modules/.vite/deps/solid-js.js?v=0f585f33:711
[  222342ms] [WARNING] computations created outside a `createRoot` or `render` will never be disposed @ http://localhost:8080/node_modules/.vite/deps/solid-js.js?v=0f585f33:711
[  222342ms] [WARNING] computations created outside a `createRoot` or `render` will never be disposed @ http://localhost:8080/node_modules/.vite/deps/solid-js.js?v=0f585f33:711
[  222343ms] [WARNING] computations created outside a `createRoot` or `render` will never be disposed @ http://localhost:8080/node_modules/.vite/deps/solid-js.js?v=0f585f33:711
[  222343ms] [WARNING] computations created outside a `createRoot` or `render` will never be disposed @ http://localhost:8080/node_modules/.vite/deps/solid-js.js?v=0f585f33:711
[  222343ms] [WARNING] computations created outside a `createRoot` or `render` will never be disposed @ http://localhost:8080/node_modules/.vite/deps/solid-js.js?v=0f585f33:711
[  222343ms] [WARNING] computations created outside a `createRoot` or `render` will never be disposed @ http://localhost:8080/node_modules/.vite/deps/solid-js.js?v=0f585f33:711
[  222343ms] [WARNING] computations created outside a `createRoot` or `render` will never be disposed @ http://localhost:8080/node_modules/.vite/deps/solid-js.js?v=0f585f33:711
[  222344ms] [WARNING] computations created outside a `createRoot` or `render` will never be disposed @ http://localhost:8080/node_modules/.vite/deps/solid-js.js?v=0f585f33:711
[  222344ms] [WARNING] computations created outside a `createRoot` or `render` will never be disposed @ http://localhost:8080/node_modules/.vite/deps/solid-js.js?v=0f585f33:711
[  222344ms] [WARNING] computations created outside a `createRoot` or `render` will never be disposed @ http://localhost:8080/node_modules/.vite/deps/solid-js.js?v=0f585f33:711
[  222344ms] [WARNING] computations created outside a `createRoot` or `render` will never be disposed @ http://localhost:8080/node_modules/.vite/deps/solid-js.js?v=0f585f33:711
[  222345ms] [WARNING] computations created outside a `createRoot` or `render` will never be disposed @ http://localhost:8080/node_modules/.vite/deps/solid-js.js?v=0f585f33:711
[  222345ms] [WARNING] computations created outside a `createRoot` or `render` will never be disposed @ http://localhost:8080/node_modules/.vite/deps/solid-js.js?v=0f585f33:711
[  222345ms] [WARNING] computations created outside a `createRoot` or `render` will never be disposed @ http://localhost:8080/node_modules/.vite/deps/solid-js.js?v=0f585f33:711
[  222345ms] [WARNING] computations created outside a `createRoot` or `render` will never be disposed @ http://localhost:8080/node_modules/.vite/deps/solid-js.js?v=0f585f33:711
[  222346ms] [WARNING] computations created outside a `createRoot` or `render` will never be disposed @ http://localhost:8080/node_modules/.vite/deps/solid-js.js?v=0f585f33:711
[  222346ms] [WARNING] computations created outside a `createRoot` or `render` will never be disposed @ http://localhost:8080/node_modules/.vite/deps/solid-js.js?v=0f585f33:711
[  222347ms] [WARNING] computations created outside a `createRoot` or `render` will never be disposed @ http://localhost:8080/node_modules/.vite/deps/solid-js.js?v=0f585f33:711
[  222347ms] [WARNING] computations created outside a `createRoot` or `render` will never be disposed @ http://localhost:8080/node_modules/.vite/deps/solid-js.js?v=0f585f33:711
[  222347ms] [WARNING] computations created outside a `createRoot` or `render` will never be disposed @ http://localhost:8080/node_modules/.vite/deps/solid-js.js?v=0f585f33:711
[  222347ms] [WARNING] computations created outside a `createRoot` or `render` will never be disposed @ http://localhost:8080/node_modules/.vite/deps/solid-js.js?v=0f585f33:711
[  222347ms] [WARNING] computations created outside a `createRoot` or `render` will never be disposed @ http://localhost:8080/node_modules/.vite/deps/solid-js.js?v=0f585f33:711
[  222348ms] [WARNING] computations created outside a `createRoot` or `render` will never be disposed @ http://localhost:8080/node_modules/.vite/deps/solid-js.js?v=0f585f33:711
[  222348ms] [WARNING] computations created outside a `createRoot` or `render` will never be disposed @ http://localhost:8080/node_modules/.vite/deps/solid-js.js?v=0f585f33:711
[  222348ms] [WARNING] computations created outside a `createRoot` or `render` will never be disposed @ http://localhost:8080/node_modules/.vite/deps/solid-js.js?v=0f585f33:711
[  222349ms] [WARNING] computations created outside a `createRoot` or `render` will never be disposed @ http://localhost:8080/node_modules/.vite/deps/solid-js.js?v=0f585f33:711
[  222349ms] [WARNING] computations created outside a `createRoot` or `render` will never be disposed @ http://localhost:8080/node_modules/.vite/deps/solid-js.js?v=0f585f33:711
[  222349ms] [WARNING] computations created outside a `createRoot` or `render` will never be disposed @ http://localhost:8080/node_modules/.vite/deps/solid-js.js?v=0f585f33:711
[  222349ms] [WARNING] computations created outside a `createRoot` or `render` will never be disposed @ http://localhost:8080/node_modules/.vite/deps/solid-js.js?v=0f585f33:711
[  222350ms] [WARNING] computations created outside a `createRoot` or `render` will never be disposed @ http://localhost:8080/node_modules/.vite/deps/solid-js.js?v=0f585f33:711
[  222350ms] [WARNING] computations created outside a `createRoot` or `render` will never be disposed @ http://localhost:8080/node_modules/.vite/deps/solid-js.js?v=0f585f33:711
[  222350ms] [WARNING] computations created outside a `createRoot` or `render` will never be disposed @ http://localhost:8080/node_modules/.vite/deps/solid-js.js?v=0f585f33:711
[  222350ms] [WARNING] computations created outside a `createRoot` or `render` will never be disposed @ http://localhost:8080/node_modules/.vite/deps/solid-js.js?v=0f585f33:711
[  222351ms] [WARNING] computations created outside a `createRoot` or `render` will never be disposed @ http://localhost:8080/node_modules/.vite/deps/solid-js.js?v=0f585f33:711
[  222351ms] [WARNING] computations created outside a `createRoot` or `render` will never be disposed @ http://localhost:8080/node_modules/.vite/deps/solid-js.js?v=0f585f33:711
[  222351ms] [WARNING] computations created outside a `createRoot` or `render` will never be disposed @ http://localhost:8080/node_modules/.vite/deps/solid-js.js?v=0f585f33:711
[  222351ms] [WARNING] computations created outside a `createRoot` or `render` will never be disposed @ http://localhost:8080/node_modules/.vite/deps/solid-js.js?v=0f585f33:711
[  222352ms] [WARNING] computations created outside a `createRoot` or `render` will never be disposed @ http://localhost:8080/node_modules/.vite/deps/solid-js.js?v=0f585f33:711
[  222352ms] [WARNING] computations created outside a `createRoot` or `render` will never be disposed @ http://localhost:8080/node_modules/.vite/deps/solid-js.js?v=0f585f33:711
[  222352ms] [WARNING] computations created outside a `createRoot` or `render` will never be disposed @ http://localhost:8080/node_modules/.vite/deps/solid-js.js?v=0f585f33:711
[  222352ms] [WARNING] computations created outside a `createRoot` or `render` will never be disposed @ http://localhost:8080/node_modules/.vite/deps/solid-js.js?v=0f585f33:711
[  222352ms] [WARNING] computations created outside a `createRoot` or `render` will never be disposed @ http://localhost:8080/node_modules/.vite/deps/solid-js.js?v=0f585f33:711
[  222353ms] [WARNING] computations created outside a `createRoot` or `render` will never be disposed @ http://localhost:8080/node_modules/.vite/deps/solid-js.js?v=0f585f33:711
[  222353ms] [WARNING] computations created outside a `createRoot` or `render` will never be disposed @ http://localhost:8080/node_modules/.vite/deps/solid-js.js?v=0f585f33:711
[  222353ms] [WARNING] computations created outside a `createRoot` or `render` will never be disposed @ http://localhost:8080/node_modules/.vite/deps/solid-js.js?v=0f585f33:711
[  222354ms] [WARNING] computations created outside a `createRoot` or `render` will never be disposed @ http://localhost:8080/node_modules/.vite/deps/solid-js.js?v=0f585f33:711
[  222354ms] [WARNING] computations created outside a `createRoot` or `render` will never be disposed @ http://localhost:8080/node_modules/.vite/deps/solid-js.js?v=0f585f33:711
[  222354ms] [WARNING] computations created outside a `createRoot` or `render` will never be disposed @ http://localhost:8080/node_modules/.vite/deps/solid-js.js?v=0f585f33:711
[  222354ms] [WARNING] computations created outside a `createRoot` or `render` will never be disposed @ http://localhost:8080/node_modules/.vite/deps/solid-js.js?v=0f585f33:711
[  222355ms] [WARNING] computations created outside a `createRoot` or `render` will never be disposed @ http://localhost:8080/node_modules/.vite/deps/solid-js.js?v=0f585f33:711
[  222355ms] [WARNING] computations created outside a `createRoot` or `render` will never be disposed @ http://localhost:8080/node_modules/.vite/deps/solid-js.js?v=0f585f33:711
[  222355ms] [WARNING] computations created outside a `createRoot` or `render` will never be disposed @ http://localhost:8080/node_modules/.vite/deps/solid-js.js?v=0f585f33:711
[  222356ms] [WARNING] computations created outside a `createRoot` or `render` will never be disposed @ http://localhost:8080/node_modules/.vite/deps/solid-js.js?v=0f585f33:711
[  222356ms] [WARNING] computations created outside a `createRoot` or `render` will never be disposed @ http://localhost:8080/node_modules/.vite/deps/solid-js.js?v=0f585f33:711
[  222356ms] [WARNING] computations created outside a `createRoot` or `render` will never be disposed @ http://localhost:8080/node_modules/.vite/deps/solid-js.js?v=0f585f33:711
[  222356ms] [WARNING] computations created outside a `createRoot` or `render` will never be disposed @ http://localhost:8080/node_modules/.vite/deps/solid-js.js?v=0f585f33:711
[  222356ms] [WARNING] computations created outside a `createRoot` or `render` will never be disposed @ http://localhost:8080/node_modules/.vite/deps/solid-js.js?v=0f585f33:711
[  222357ms] [WARNING] computations created outside a `createRoot` or `render` will never be disposed @ http://localhost:8080/node_modules/.vite/deps/solid-js.js?v=0f585f33:711
[  222357ms] [WARNING] computations created outside a `createRoot` or `render` will never be disposed @ http://localhost:8080/node_modules/.vite/deps/solid-js.js?v=0f585f33:711
[  222357ms] [WARNING] computations created outside a `createRoot` or `render` will never be disposed @ http://localhost:8080/node_modules/.vite/deps/solid-js.js?v=0f585f33:711
[  222357ms] [WARNING] computations created outside a `createRoot` or `render` will never be disposed @ http://localhost:8080/node_modules/.vite/deps/solid-js.js?v=0f585f33:711
[  222358ms] [WARNING] computations created outside a `createRoot` or `render` will never be disposed @ http://localhost:8080/node_modules/.vite/deps/solid-js.js?v=0f585f33:711
[  222358ms] [WARNING] computations created outside a `createRoot` or `render` will never be disposed @ http://localhost:8080/node_modules/.vite/deps/solid-js.js?v=0f585f33:711
[  222358ms] [WARNING] computations created outside a `createRoot` or `render` will never be disposed @ http://localhost:8080/node_modules/.vite/deps/solid-js.js?v=0f585f33:711
[  222358ms] [WARNING] computations created outside a `createRoot` or `render` will never be disposed @ http://localhost:8080/node_modules/.vite/deps/solid-js.js?v=0f585f33:711
[  222359ms] [WARNING] computations created outside a `createRoot` or `render` will never be disposed @ http://localhost:8080/node_modules/.vite/deps/solid-js.js?v=0f585f33:711
[  222359ms] [WARNING] computations created outside a `createRoot` or `render` will never be disposed @ http://localhost:8080/node_modules/.vite/deps/solid-js.js?v=0f585f33:711
[  222359ms] [WARNING] computations created outside a `createRoot` or `render` will never be disposed @ http://localhost:8080/node_modules/.vite/deps/solid-js.js?v=0f585f33:711
[  222359ms] [WARNING] computations created outside a `createRoot` or `render` will never be disposed @ http://localhost:8080/node_modules/.vite/deps/solid-js.js?v=0f585f33:711
[  222360ms] [WARNING] computations created outside a `createRoot` or `render` will never be disposed @ http://localhost:8080/node_modules/.vite/deps/solid-js.js?v=0f585f33:711
[  222360ms] [WARNING] computations created outside a `createRoot` or `render` will never be disposed @ http://localhost:8080/node_modules/.vite/deps/solid-js.js?v=0f585f33:711
[  222360ms] [WARNING] computations created outside a `createRoot` or `render` will never be disposed @ http://localhost:8080/node_modules/.vite/deps/solid-js.js?v=0f585f33:711
[  222374ms] [LOG] %s [221.813] [CHAT] [BATCH-PROCESSOR-1] [queue] render item time 40 {bubble: div.bubble.channel-post.with-beside-button.with-reply-markup.hide-name.is-in.can-have-tail, promises: Array(1), message: Object, reverse: true, updatePosition: true} @ http://localhost:8080/src/lib/logger.ts:106
[  222374ms] [LOG] %s [221.813] [CHAT] [BATCH-PROCESSOR-1] [queue] render item time 40.200000000186265 {bubble: div.bubble.channel-post.with-beside-button.with-reply-markup.hide-name.is-in.can-have-tail, promises: Array(1), message: Object, reverse: true, updatePosition: true} @ http://localhost:8080/src/lib/logger.ts:106
[  222374ms] [LOG] %s [221.813] [CHAT] [BATCH-PROCESSOR-1] [queue] render item time 40.299999999813735 {bubble: div.bubble.channel-post.with-beside-button.with-reply-markup.hide-name.is-in.can-have-tail, promises: Array(1), message: Object, reverse: true, updatePosition: true} @ http://localhost:8080/src/lib/logger.ts:106
[  222375ms] [LOG] %s [221.813] [CHAT] [BATCH-PROCESSOR-1] [queue] render item time 40.299999999813735 {bubble: div.bubble.channel-post.with-beside-button.with-reply-markup.hide-name.is-in.can-have-tail, promises: Array(1), message: Object, reverse: true, updatePosition: true} @ http://localhost:8080/src/lib/logger.ts:106
[  222375ms] [LOG] %s [221.813] [CHAT] [BATCH-PROCESSOR-1] [queue] render item time 40.5 {bubble: div.bubble.channel-post.with-beside-button.with-reply-markup.hide-name.is-in.can-have-tail, promises: Array(1), message: Object, reverse: true, updatePosition: true} @ http://localhost:8080/src/lib/logger.ts:106
[  222375ms] [LOG] %s [221.813] [CHAT] [BATCH-PROCESSOR-1] [queue] render item time 40.59999999962747 {bubble: div.bubble.channel-post.with-beside-button.with-reply-markup.hide-name.is-in.can-have-tail, promises: Array(1), message: Object, reverse: true, updatePosition: true} @ http://localhost:8080/src/lib/logger.ts:106
[  222375ms] [LOG] %s [221.813] [CHAT] [BATCH-PROCESSOR-1] [queue] render item time 40.59999999962747 {bubble: div.bubble.channel-post.with-beside-button.with-reply-markup.hide-name.is-in.can-have-tail, promises: Array(1), message: Object, reverse: true, updatePosition: true} @ http://localhost:8080/src/lib/logger.ts:106
[  222375ms] [LOG] %s [221.813] [CHAT] [BATCH-PROCESSOR-1] [queue] render item time 40.700000000186265 {bubble: div.bubble.channel-post.with-beside-button.with-reply-markup.hide-name.is-in.can-have-tail, promises: Array(1), message: Object, reverse: true, updatePosition: true} @ http://localhost:8080/src/lib/logger.ts:106
[  222375ms] [LOG] %s [221.813] [CHAT] [BATCH-PROCESSOR-1] [queue] render item time 40.799999999813735 {bubble: div.bubble.channel-post.with-beside-button.with-reply-markup.hide-name.is-in.can-have-tail, promises: Array(1), message: Object, reverse: true, updatePosition: true} @ http://localhost:8080/src/lib/logger.ts:106
[  222375ms] [LOG] %s [221.814] [CHAT] [BATCH-PROCESSOR-1] [queue] render item time 40.799999999813735 {bubble: div.bubble.channel-post.with-beside-button.with-reply-markup.hide-name.is-in.can-have-tail, promises: Array(1), message: Object, reverse: true, updatePosition: true} @ http://localhost:8080/src/lib/logger.ts:106
[  222375ms] [LOG] %s [221.814] [CHAT] [BATCH-PROCESSOR-1] [queue] render item time 40.89999999944121 {bubble: div.bubble.channel-post.with-beside-button.with-reply-markup.hide-name.is-in.can-have-tail, promises: Array(1), message: Object, reverse: true, updatePosition: true} @ http://localhost:8080/src/lib/logger.ts:106
[  222375ms] [LOG] %s [221.814] [CHAT] [BATCH-PROCESSOR-1] [queue] render item time 41.09999999962747 {bubble: div.bubble.channel-post.with-beside-button.with-reply-markup.hide-name.is-in.can-have-tail, promises: Array(1), message: Object, reverse: true, updatePosition: true} @ http://localhost:8080/src/lib/logger.ts:106
[  222375ms] [LOG] %s [221.814] [CHAT] [BATCH-PROCESSOR-1] [queue] render item time 41.09999999962747 {bubble: div.bubble.channel-post.with-beside-button.with-reply-markup.hide-name.is-in.can-have-tail, promises: Array(1), message: Object, reverse: true, updatePosition: true} @ http://localhost:8080/src/lib/logger.ts:106
[  222375ms] [LOG] %s [221.814] [CHAT] [BATCH-PROCESSOR-1] [queue] render item time 41.200000000186265 {bubble: div.bubble.channel-post.with-beside-button.with-reply-markup.hide-name.is-in.can-have-tail, promises: Array(1), message: Object, reverse: true, updatePosition: true} @ http://localhost:8080/src/lib/logger.ts:106
[  222375ms] [LOG] %s [221.814] [CHAT] [BATCH-PROCESSOR-1] [queue] render item time 41.200000000186265 {bubble: div.bubble.channel-post.with-beside-button.with-reply-markup.hide-name.is-in.can-have-tail, promises: Array(1), message: Object, reverse: true, updatePosition: true} @ http://localhost:8080/src/lib/logger.ts:106
[  222376ms] [LOG] %s [221.814] [CHAT] [BATCH-PROCESSOR-1] [queue] render item time 41.299999999813735 {bubble: div.bubble.channel-post.with-beside-button.with-reply-markup.hide-name.is-in.can-have-tail, promises: Array(1), message: Object, reverse: true, updatePosition: true} @ http://localhost:8080/src/lib/logger.ts:106
[  222376ms] [LOG] %s [221.814] [CHAT] [BATCH-PROCESSOR-1] [queue] render item time 41.39999999944121 {bubble: div.bubble.channel-post.with-beside-button.with-reply-markup.hide-name.is-in.can-have-tail, promises: Array(1), message: Object, reverse: true, updatePosition: true} @ http://localhost:8080/src/lib/logger.ts:106
[  222376ms] [LOG] %s [221.814] [CHAT] [BATCH-PROCESSOR-1] [queue] render item time 41.5 {bubble: div.bubble.channel-post.with-beside-button.with-reply-markup.hide-name.is-in.can-have-tail, promises: Array(1), message: Object, reverse: true, updatePosition: true} @ http://localhost:8080/src/lib/logger.ts:106
[  222376ms] [LOG] %s [221.814] [CHAT] [BATCH-PROCESSOR-1] [queue] render item time 41.59999999962747 {bubble: div.bubble.channel-post.with-beside-button.with-reply-markup.hide-name.is-in.can-have-tail, promises: Array(1), message: Object, reverse: true, updatePosition: true} @ http://localhost:8080/src/lib/logger.ts:106
[  222379ms] [WARNING] computations created outside a `createRoot` or `render` will never be disposed @ http://localhost:8080/node_modules/.vite/deps/solid-js.js?v=0f585f33:711
[  222380ms] [WARNING] computations created outside a `createRoot` or `render` will never be disposed @ http://localhost:8080/node_modules/.vite/deps/solid-js.js?v=0f585f33:711
[  222380ms] [WARNING] computations created outside a `createRoot` or `render` will never be disposed @ http://localhost:8080/node_modules/.vite/deps/solid-js.js?v=0f585f33:711
[  222380ms] [WARNING] computations created outside a `createRoot` or `render` will never be disposed @ http://localhost:8080/node_modules/.vite/deps/solid-js.js?v=0f585f33:711
[  222380ms] [WARNING] computations created outside a `createRoot` or `render` will never be disposed @ http://localhost:8080/node_modules/.vite/deps/solid-js.js?v=0f585f33:711
[  222381ms] [WARNING] computations created outside a `createRoot` or `render` will never be disposed @ http://localhost:8080/node_modules/.vite/deps/solid-js.js?v=0f585f33:711
[  222381ms] [WARNING] computations created outside a `createRoot` or `render` will never be disposed @ http://localhost:8080/node_modules/.vite/deps/solid-js.js?v=0f585f33:711
[  222381ms] [WARNING] computations created outside a `createRoot` or `render` will never be disposed @ http://localhost:8080/node_modules/.vite/deps/solid-js.js?v=0f585f33:711
[  222381ms] [WARNING] computations created outside a `createRoot` or `render` will never be disposed @ http://localhost:8080/node_modules/.vite/deps/solid-js.js?v=0f585f33:711
[  222382ms] [WARNING] computations created outside a `createRoot` or `render` will never be disposed @ http://localhost:8080/node_modules/.vite/deps/solid-js.js?v=0f585f33:711
[  222382ms] [WARNING] computations created outside a `createRoot` or `render` will never be disposed @ http://localhost:8080/node_modules/.vite/deps/solid-js.js?v=0f585f33:711
[  222382ms] [WARNING] computations created outside a `createRoot` or `render` will never be disposed @ http://localhost:8080/node_modules/.vite/deps/solid-js.js?v=0f585f33:711
[  222382ms] [WARNING] computations created outside a `createRoot` or `render` will never be disposed @ http://localhost:8080/node_modules/.vite/deps/solid-js.js?v=0f585f33:711
[  222383ms] [WARNING] computations created outside a `createRoot` or `render` will never be disposed @ http://localhost:8080/node_modules/.vite/deps/solid-js.js?v=0f585f33:711
[  222383ms] [WARNING] computations created outside a `createRoot` or `render` will never be disposed @ http://localhost:8080/node_modules/.vite/deps/solid-js.js?v=0f585f33:711
[  222383ms] [WARNING] computations created outside a `createRoot` or `render` will never be disposed @ http://localhost:8080/node_modules/.vite/deps/solid-js.js?v=0f585f33:711
[  222383ms] [WARNING] computations created outside a `createRoot` or `render` will never be disposed @ http://localhost:8080/node_modules/.vite/deps/solid-js.js?v=0f585f33:711
[  222384ms] [WARNING] computations created outside a `createRoot` or `render` will never be disposed @ http://localhost:8080/node_modules/.vite/deps/solid-js.js?v=0f585f33:711
[  222384ms] [WARNING] computations created outside a `createRoot` or `render` will never be disposed @ http://localhost:8080/node_modules/.vite/deps/solid-js.js?v=0f585f33:711
[  222384ms] [WARNING] computations created outside a `createRoot` or `render` will never be disposed @ http://localhost:8080/node_modules/.vite/deps/solid-js.js?v=0f585f33:711
[  222384ms] [WARNING] computations created outside a `createRoot` or `render` will never be disposed @ http://localhost:8080/node_modules/.vite/deps/solid-js.js?v=0f585f33:711
[  222385ms] [WARNING] computations created outside a `createRoot` or `render` will never be disposed @ http://localhost:8080/node_modules/.vite/deps/solid-js.js?v=0f585f33:711
[  222385ms] [WARNING] computations created outside a `createRoot` or `render` will never be disposed @ http://localhost:8080/node_modules/.vite/deps/solid-js.js?v=0f585f33:711
[  222385ms] [WARNING] computations created outside a `createRoot` or `render` will never be disposed @ http://localhost:8080/node_modules/.vite/deps/solid-js.js?v=0f585f33:711
[  222385ms] [WARNING] computations created outside a `createRoot` or `render` will never be disposed @ http://localhost:8080/node_modules/.vite/deps/solid-js.js?v=0f585f33:711
[  222386ms] [WARNING] computations created outside a `createRoot` or `render` will never be disposed @ http://localhost:8080/node_modules/.vite/deps/solid-js.js?v=0f585f33:711
[  222386ms] [WARNING] computations created outside a `createRoot` or `render` will never be disposed @ http://localhost:8080/node_modules/.vite/deps/solid-js.js?v=0f585f33:711
[  222386ms] [WARNING] computations created outside a `createRoot` or `render` will never be disposed @ http://localhost:8080/node_modules/.vite/deps/solid-js.js?v=0f585f33:711
[  222386ms] [WARNING] computations created outside a `createRoot` or `render` will never be disposed @ http://localhost:8080/node_modules/.vite/deps/solid-js.js?v=0f585f33:711
[  222386ms] [WARNING] computations created outside a `createRoot` or `render` will never be disposed @ http://localhost:8080/node_modules/.vite/deps/solid-js.js?v=0f585f33:711
[  222387ms] [WARNING] computations created outside a `createRoot` or `render` will never be disposed @ http://localhost:8080/node_modules/.vite/deps/solid-js.js?v=0f585f33:711
[  222387ms] [WARNING] computations created outside a `createRoot` or `render` will never be disposed @ http://localhost:8080/node_modules/.vite/deps/solid-js.js?v=0f585f33:711
[  222387ms] [WARNING] computations created outside a `createRoot` or `render` will never be disposed @ http://localhost:8080/node_modules/.vite/deps/solid-js.js?v=0f585f33:711
[  222388ms] [WARNING] computations created outside a `createRoot` or `render` will never be disposed @ http://localhost:8080/node_modules/.vite/deps/solid-js.js?v=0f585f33:711
[  222388ms] [WARNING] computations created outside a `createRoot` or `render` will never be disposed @ http://localhost:8080/node_modules/.vite/deps/solid-js.js?v=0f585f33:711
[  222388ms] [WARNING] computations created outside a `createRoot` or `render` will never be disposed @ http://localhost:8080/node_modules/.vite/deps/solid-js.js?v=0f585f33:711
[  222389ms] [WARNING] computations created outside a `createRoot` or `render` will never be disposed @ http://localhost:8080/node_modules/.vite/deps/solid-js.js?v=0f585f33:711
[  222389ms] [WARNING] computations created outside a `createRoot` or `render` will never be disposed @ http://localhost:8080/node_modules/.vite/deps/solid-js.js?v=0f585f33:711
[  222389ms] [WARNING] computations created outside a `createRoot` or `render` will never be disposed @ http://localhost:8080/node_modules/.vite/deps/solid-js.js?v=0f585f33:711
[  222389ms] [WARNING] computations created outside a `createRoot` or `render` will never be disposed @ http://localhost:8080/node_modules/.vite/deps/solid-js.js?v=0f585f33:711
[  222390ms] [WARNING] computations created outside a `createRoot` or `render` will never be disposed @ http://localhost:8080/node_modules/.vite/deps/solid-js.js?v=0f585f33:711
[  222390ms] [WARNING] computations created outside a `createRoot` or `render` will never be disposed @ http://localhost:8080/node_modules/.vite/deps/solid-js.js?v=0f585f33:711
[  222390ms] [WARNING] computations created outside a `createRoot` or `render` will never be disposed @ http://localhost:8080/node_modules/.vite/deps/solid-js.js?v=0f585f33:711
[  222390ms] [WARNING] computations created outside a `createRoot` or `render` will never be disposed @ http://localhost:8080/node_modules/.vite/deps/solid-js.js?v=0f585f33:711
[  222390ms] [WARNING] computations created outside a `createRoot` or `render` will never be disposed @ http://localhost:8080/node_modules/.vite/deps/solid-js.js?v=0f585f33:711
[  222391ms] [WARNING] computations created outside a `createRoot` or `render` will never be disposed @ http://localhost:8080/node_modules/.vite/deps/solid-js.js?v=0f585f33:711
[  222391ms] [WARNING] computations created outside a `createRoot` or `render` will never be disposed @ http://localhost:8080/node_modules/.vite/deps/solid-js.js?v=0f585f33:711
[  222391ms] [WARNING] computations created outside a `createRoot` or `render` will never be disposed @ http://localhost:8080/node_modules/.vite/deps/solid-js.js?v=0f585f33:711
[  222391ms] [WARNING] computations created outside a `createRoot` or `render` will never be disposed @ http://localhost:8080/node_modules/.vite/deps/solid-js.js?v=0f585f33:711
[  222391ms] [WARNING] computations created outside a `createRoot` or `render` will never be disposed @ http://localhost:8080/node_modules/.vite/deps/solid-js.js?v=0f585f33:711
[  222392ms] [WARNING] computations created outside a `createRoot` or `render` will never be disposed @ http://localhost:8080/node_modules/.vite/deps/solid-js.js?v=0f585f33:711
[  222392ms] [WARNING] computations created outside a `createRoot` or `render` will never be disposed @ http://localhost:8080/node_modules/.vite/deps/solid-js.js?v=0f585f33:711
[  222392ms] [WARNING] computations created outside a `createRoot` or `render` will never be disposed @ http://localhost:8080/node_modules/.vite/deps/solid-js.js?v=0f585f33:711
[  222393ms] [WARNING] computations created outside a `createRoot` or `render` will never be disposed @ http://localhost:8080/node_modules/.vite/deps/solid-js.js?v=0f585f33:711
[  222393ms] [WARNING] computations created outside a `createRoot` or `render` will never be disposed @ http://localhost:8080/node_modules/.vite/deps/solid-js.js?v=0f585f33:711
[  222393ms] [WARNING] computations created outside a `createRoot` or `render` will never be disposed @ http://localhost:8080/node_modules/.vite/deps/solid-js.js?v=0f585f33:711
[  222394ms] [WARNING] computations created outside a `createRoot` or `render` will never be disposed @ http://localhost:8080/node_modules/.vite/deps/solid-js.js?v=0f585f33:711
[  222394ms] [WARNING] computations created outside a `createRoot` or `render` will never be disposed @ http://localhost:8080/node_modules/.vite/deps/solid-js.js?v=0f585f33:711
[  222394ms] [WARNING] computations created outside a `createRoot` or `render` will never be disposed @ http://localhost:8080/node_modules/.vite/deps/solid-js.js?v=0f585f33:711
[  222394ms] [WARNING] computations created outside a `createRoot` or `render` will never be disposed @ http://localhost:8080/node_modules/.vite/deps/solid-js.js?v=0f585f33:711
[  222395ms] [WARNING] computations created outside a `createRoot` or `render` will never be disposed @ http://localhost:8080/node_modules/.vite/deps/solid-js.js?v=0f585f33:711
[  222395ms] [WARNING] computations created outside a `createRoot` or `render` will never be disposed @ http://localhost:8080/node_modules/.vite/deps/solid-js.js?v=0f585f33:711
[  222395ms] [WARNING] computations created outside a `createRoot` or `render` will never be disposed @ http://localhost:8080/node_modules/.vite/deps/solid-js.js?v=0f585f33:711
[  222395ms] [WARNING] computations created outside a `createRoot` or `render` will never be disposed @ http://localhost:8080/node_modules/.vite/deps/solid-js.js?v=0f585f33:711
[  222396ms] [WARNING] computations created outside a `createRoot` or `render` will never be disposed @ http://localhost:8080/node_modules/.vite/deps/solid-js.js?v=0f585f33:711
[  222396ms] [WARNING] computations created outside a `createRoot` or `render` will never be disposed @ http://localhost:8080/node_modules/.vite/deps/solid-js.js?v=0f585f33:711
[  222396ms] [WARNING] computations created outside a `createRoot` or `render` will never be disposed @ http://localhost:8080/node_modules/.vite/deps/solid-js.js?v=0f585f33:711
[  222397ms] [WARNING] computations created outside a `createRoot` or `render` will never be disposed @ http://localhost:8080/node_modules/.vite/deps/solid-js.js?v=0f585f33:711
[  222397ms] [WARNING] computations created outside a `createRoot` or `render` will never be disposed @ http://localhost:8080/node_modules/.vite/deps/solid-js.js?v=0f585f33:711
[  222397ms] [WARNING] computations created outside a `createRoot` or `render` will never be disposed @ http://localhost:8080/node_modules/.vite/deps/solid-js.js?v=0f585f33:711
[  222398ms] [WARNING] computations created outside a `createRoot` or `render` will never be disposed @ http://localhost:8080/node_modules/.vite/deps/solid-js.js?v=0f585f33:711
[  222398ms] [WARNING] computations created outside a `createRoot` or `render` will never be disposed @ http://localhost:8080/node_modules/.vite/deps/solid-js.js?v=0f585f33:711
[  222398ms] [WARNING] computations created outside a `createRoot` or `render` will never be disposed @ http://localhost:8080/node_modules/.vite/deps/solid-js.js?v=0f585f33:711
[  222398ms] [WARNING] computations created outside a `createRoot` or `render` will never be disposed @ http://localhost:8080/node_modules/.vite/deps/solid-js.js?v=0f585f33:711
[  222398ms] [WARNING] computations created outside a `createRoot` or `render` will never be disposed @ http://localhost:8080/node_modules/.vite/deps/solid-js.js?v=0f585f33:711
[  222399ms] [WARNING] computations created outside a `createRoot` or `render` will never be disposed @ http://localhost:8080/node_modules/.vite/deps/solid-js.js?v=0f585f33:711
[  222399ms] [WARNING] computations created outside a `createRoot` or `render` will never be disposed @ http://localhost:8080/node_modules/.vite/deps/solid-js.js?v=0f585f33:711
[  222399ms] [WARNING] computations created outside a `createRoot` or `render` will never be disposed @ http://localhost:8080/node_modules/.vite/deps/solid-js.js?v=0f585f33:711
[  222399ms] [WARNING] computations created outside a `createRoot` or `render` will never be disposed @ http://localhost:8080/node_modules/.vite/deps/solid-js.js?v=0f585f33:711
[  222400ms] [WARNING] computations created outside a `createRoot` or `render` will never be disposed @ http://localhost:8080/node_modules/.vite/deps/solid-js.js?v=0f585f33:711
[  222400ms] [WARNING] computations created outside a `createRoot` or `render` will never be disposed @ http://localhost:8080/node_modules/.vite/deps/solid-js.js?v=0f585f33:711
[  222400ms] [WARNING] computations created outside a `createRoot` or `render` will never be disposed @ http://localhost:8080/node_modules/.vite/deps/solid-js.js?v=0f585f33:711
[  222401ms] [WARNING] computations created outside a `createRoot` or `render` will never be disposed @ http://localhost:8080/node_modules/.vite/deps/solid-js.js?v=0f585f33:711
[  222401ms] [WARNING] computations created outside a `createRoot` or `render` will never be disposed @ http://localhost:8080/node_modules/.vite/deps/solid-js.js?v=0f585f33:711
[  222401ms] [WARNING] computations created outside a `createRoot` or `render` will never be disposed @ http://localhost:8080/node_modules/.vite/deps/solid-js.js?v=0f585f33:711
[  222401ms] [WARNING] computations created outside a `createRoot` or `render` will never be disposed @ http://localhost:8080/node_modules/.vite/deps/solid-js.js?v=0f585f33:711
[  222402ms] [WARNING] computations created outside a `createRoot` or `render` will never be disposed @ http://localhost:8080/node_modules/.vite/deps/solid-js.js?v=0f585f33:711
[  222402ms] [WARNING] computations created outside a `createRoot` or `render` will never be disposed @ http://localhost:8080/node_modules/.vite/deps/solid-js.js?v=0f585f33:711
[  222402ms] [WARNING] computations created outside a `createRoot` or `render` will never be disposed @ http://localhost:8080/node_modules/.vite/deps/solid-js.js?v=0f585f33:711
[  222402ms] [WARNING] computations created outside a `createRoot` or `render` will never be disposed @ http://localhost:8080/node_modules/.vite/deps/solid-js.js?v=0f585f33:711
[  222403ms] [WARNING] computations created outside a `createRoot` or `render` will never be disposed @ http://localhost:8080/node_modules/.vite/deps/solid-js.js?v=0f585f33:711
[  222403ms] [WARNING] computations created outside a `createRoot` or `render` will never be disposed @ http://localhost:8080/node_modules/.vite/deps/solid-js.js?v=0f585f33:711
[  222403ms] [WARNING] computations created outside a `createRoot` or `render` will never be disposed @ http://localhost:8080/node_modules/.vite/deps/solid-js.js?v=0f585f33:711
[  222403ms] [WARNING] computations created outside a `createRoot` or `render` will never be disposed @ http://localhost:8080/node_modules/.vite/deps/solid-js.js?v=0f585f33:711
[  222404ms] [WARNING] computations created outside a `createRoot` or `render` will never be disposed @ http://localhost:8080/node_modules/.vite/deps/solid-js.js?v=0f585f33:711
[  222404ms] [LOG] %s [221.842] [CHAT] [BATCH-PROCESSOR-1] [queue] render item time 69.5 {bubble: div.bubble.channel-post.with-beside-button.with-reply-markup.hide-name.is-in.can-have-tail, promises: Array(1), message: Object, reverse: true, updatePosition: true} @ http://localhost:8080/src/lib/logger.ts:106
[  222404ms] [LOG] %s [221.842] [CHAT] [BATCH-PROCESSOR-1] [queue] render item time 69.70000000018626 {bubble: div.bubble.channel-post.with-beside-button.with-reply-markup.hide-name.is-in.can-have-tail, promises: Array(1), message: Object, reverse: true, updatePosition: true} @ http://localhost:8080/src/lib/logger.ts:106
[  222404ms] [LOG] %s [221.843] [CHAT] [BATCH-PROCESSOR-1] [queue] render item time 69.79999999981374 {bubble: div.bubble.channel-post.with-beside-button.with-reply-markup.hide-name.is-in.can-have-tail, promises: Array(1), message: Object, reverse: true, updatePosition: true} @ http://localhost:8080/src/lib/logger.ts:106
[  222404ms] [LOG] %s [221.843] [CHAT] [BATCH-PROCESSOR-1] [queue] render item time 70 {bubble: div.bubble.channel-post.with-beside-button.with-reply-markup.hide-name.is-in.can-have-tail, promises: Array(1), message: Object, reverse: true, updatePosition: true} @ http://localhost:8080/src/lib/logger.ts:106
[  222404ms] [LOG] %s [221.843] [CHAT] [BATCH-PROCESSOR-1] [queue] render item time 70.09999999962747 {bubble: div.bubble.channel-post.with-beside-button.with-reply-markup.hide-name.is-in.can-have-tail, promises: Array(1), message: Object, reverse: true, updatePosition: true} @ http://localhost:8080/src/lib/logger.ts:106
[  222404ms] [LOG] %s [221.843] [CHAT] [BATCH-PROCESSOR-1] [queue] render item time 70.20000000018626 {bubble: div.bubble.channel-post.with-beside-button.with-reply-markup.hide-name.is-in.can-have-tail, promises: Array(1), message: Object, reverse: true, updatePosition: true} @ http://localhost:8080/src/lib/logger.ts:106
[  222405ms] [LOG] %s [221.843] [CHAT] [BATCH-PROCESSOR-1] [queue] render item time 70.29999999981374 {bubble: div.bubble.channel-post.with-beside-button.with-reply-markup.hide-name.is-in.can-have-tail, promises: Array(1), message: Object, reverse: true, updatePosition: true} @ http://localhost:8080/src/lib/logger.ts:106
[  222405ms] [LOG] %s [221.843] [CHAT] [BATCH-PROCESSOR-1] [queue] render item time 70.3999999994412 {bubble: div.bubble.channel-post.with-beside-button.with-reply-markup.hide-name.is-in.can-have-tail, promises: Array(1), message: Object, reverse: true, updatePosition: true} @ http://localhost:8080/src/lib/logger.ts:106
[  222405ms] [LOG] %s [221.843] [CHAT] [BATCH-PROCESSOR-1] [queue] render item time 70.3999999994412 {bubble: div.bubble.channel-post.with-beside-button.with-reply-markup.hide-name.is-in.can-have-tail, promises: Array(1), message: Object, reverse: true, updatePosition: true} @ http://localhost:8080/src/lib/logger.ts:106
[  222405ms] [LOG] %s [221.843] [CHAT] [BATCH-PROCESSOR-1] [queue] render item time 70.59999999962747 {bubble: div.bubble.channel-post.with-beside-button.with-reply-markup.hide-name.is-in.can-have-tail, promises: Array(1), message: Object, reverse: true, updatePosition: true} @ http://localhost:8080/src/lib/logger.ts:106
[  222405ms] [LOG] %s [221.843] [CHAT] [BATCH-PROCESSOR-1] [queue] render item time 70.59999999962747 {bubble: div.bubble.channel-post.with-beside-button.hide-name.is-in.can-have-tail, promises: Array(1), message: Object, reverse: true, updatePosition: true} @ http://localhost:8080/src/lib/logger.ts:106
[  222405ms] [LOG] %s [221.843] [CHAT] [BATCH-PROCESSOR-1] [queue] render item time 70.70000000018626 {bubble: div.bubble.channel-post.with-beside-button.with-reply-markup.hide-name.is-in.can-have-tail, promises: Array(1), message: Object, reverse: true, updatePosition: true} @ http://localhost:8080/src/lib/logger.ts:106
[  222405ms] [LOG] %s [221.844] [CHAT] [BATCH-PROCESSOR-1] [queue] render item time 70.79999999981374 {bubble: div.bubble.channel-post.with-beside-button.hide-name.is-in.can-have-tail, promises: Array(1), message: Object, reverse: true, updatePosition: true} @ http://localhost:8080/src/lib/logger.ts:106
[  222405ms] [LOG] %s [221.844] [CHAT] [BATCH-PROCESSOR-1] [queue] render item time 70.8999999994412 {bubble: div.bubble.channel-post.with-beside-button.with-reply-markup.hide-name.is-in.can-have-tail, promises: Array(1), message: Object, reverse: true, updatePosition: true} @ http://localhost:8080/src/lib/logger.ts:106
[  222405ms] [LOG] %s [221.844] [CHAT] [BATCH-PROCESSOR-1] [queue] render item time 71 {bubble: div.bubble.channel-post.with-beside-button.with-reply-markup.hide-name.is-in.can-have-tail, promises: Array(1), message: Object, reverse: true, updatePosition: true} @ http://localhost:8080/src/lib/logger.ts:106
[  222405ms] [LOG] %s [221.844] [CHAT] [BATCH-PROCESSOR-1] [queue] render item time 71.09999999962747 {bubble: div.bubble.channel-post.with-beside-button.with-reply-markup.hide-name.is-in.can-have-tail, promises: Array(1), message: Object, reverse: true, updatePosition: true} @ http://localhost:8080/src/lib/logger.ts:106
[  222405ms] [LOG] %s [221.844] [CHAT] [BATCH-PROCESSOR-1] [queue] render item time 71.09999999962747 {bubble: div.bubble.channel-post.with-beside-button.with-reply-markup.hide-name.is-in.can-have-tail, promises: Array(1), message: Object, reverse: true, updatePosition: true} @ http://localhost:8080/src/lib/logger.ts:106
[  222405ms] [LOG] %s [221.844] [CHAT] [BATCH-PROCESSOR-1] [queue] render item time 71.20000000018626 {bubble: div.bubble.channel-post.with-beside-button.with-reply-markup.hide-name.is-in.can-have-tail, promises: Array(1), message: Object, reverse: true, updatePosition: true} @ http://localhost:8080/src/lib/logger.ts:106
[  222406ms] [LOG] %s [221.844] [CHAT] [BATCH-PROCESSOR-1] [queue] render item time 71.29999999981374 {bubble: div.bubble.channel-post.with-beside-button.with-reply-markup.hide-name.is-in.can-have-tail, promises: Array(1), message: Object, reverse: true, updatePosition: true} @ http://localhost:8080/src/lib/logger.ts:106
[  222406ms] [LOG] %s [221.844] [CHAT] [BATCH-PROCESSOR-1] [queue] render item time 71.29999999981374 {bubble: div.bubble.channel-post.with-beside-button.with-reply-markup.hide-name.is-in.can-have-tail, promises: Array(1), message: Object, reverse: true, updatePosition: true} @ http://localhost:8080/src/lib/logger.ts:106
[  222406ms] [LOG] %s [221.844] [CHAT] [BATCH-PROCESSOR-1] [queue] render item time 71.3999999994412 {bubble: div.bubble.channel-post.with-beside-button.with-reply-markup.hide-name.is-in.can-have-tail, promises: Array(1), message: Object, reverse: true, updatePosition: true} @ http://localhost:8080/src/lib/logger.ts:106
[  222406ms] [LOG] %s [221.844] [CHAT] [BATCH-PROCESSOR-1] [queue] messages rendered @ http://localhost:8080/src/lib/logger.ts:106
[  222406ms] [LOG] %s [221.845] [CHAT] [BATCH-PROCESSOR-1] [queue] changed ends true false @ http://localhost:8080/src/lib/logger.ts:106
[  222407ms] [LOG] %s [221.845] [CHAT] [BATCH-PROCESSOR-1] [queue] media promises to call [Promise, Promise, Promise, Promise, Promise, Promise, Promise, Promise, Promise, Promise, Promise, Promise, Promise, Promise, Promise, Promise, Promise, Promise, Promise, Promise, Promise, Promise, Promise, Promise, Promise, Promise, Promise, Promise, Promise, Promise, Promise, Promise, Promise, Promise, Promise, Promise, Promise, Promise, Promise, Promise, Promise] [Object, Object, Object, Object, Object, Object, Object, Object, Object, Object, Object, Object, Object, Object, Object, Object, Object, Object, Object, Object, Object, Object, Object, Object, Object, Object, Object, Object, Object, Object, Object, Object, Object, Object, Object, Object, Object, Object, Object, Object] false @ http://localhost:8080/src/lib/logger.ts:106
[  222407ms] [LOG] %s [221.846] [CHAT] [BATCH-PROCESSOR-1] [queue] media message time 0.7999999998137355 0 Promise @ http://localhost:8080/src/lib/logger.ts:106
[  222408ms] [LOG] %s [221.846] [CHAT] [BATCH-PROCESSOR-1] [queue] media message time 0.7999999998137355 0 Promise @ http://localhost:8080/src/lib/logger.ts:106
[  222408ms] [LOG] %s [221.846] [CHAT] [BATCH-PROCESSOR-1] [queue] media message time 0.7999999998137355 0 Promise @ http://localhost:8080/src/lib/logger.ts:106
[  222408ms] [LOG] %s [221.847] [CHAT] [BATCH-PROCESSOR-1] [queue] media message time 0.7999999998137355 0 Promise @ http://localhost:8080/src/lib/logger.ts:106
[  222408ms] [LOG] %s [221.847] [CHAT] [BATCH-PROCESSOR-1] [queue] media message time 0.7999999998137355 0 Promise @ http://localhost:8080/src/lib/logger.ts:106
[  222409ms] [LOG] %s [221.847] [CHAT] [BATCH-PROCESSOR-1] [queue] media message time 0.7999999998137355 0 Promise @ http://localhost:8080/src/lib/logger.ts:106
[  222409ms] [LOG] %s [221.847] [CHAT] [BATCH-PROCESSOR-1] [queue] media message time 0.7999999998137355 0 Promise @ http://localhost:8080/src/lib/logger.ts:106
[  222409ms] [LOG] %s [221.847] [CHAT] [BATCH-PROCESSOR-1] [queue] media message time 0.7999999998137355 0 Promise @ http://localhost:8080/src/lib/logger.ts:106
[  222409ms] [LOG] %s [221.848] [CHAT] [BATCH-PROCESSOR-1] [queue] media message time 0.7999999998137355 0 Promise @ http://localhost:8080/src/lib/logger.ts:106
[  222409ms] [LOG] %s [221.848] [CHAT] [BATCH-PROCESSOR-1] [queue] media message time 0.7999999998137355 0 Promise @ http://localhost:8080/src/lib/logger.ts:106
[  222410ms] [LOG] %s [221.848] [CHAT] [BATCH-PROCESSOR-1] [queue] media message time 0.7999999998137355 0 Promise @ http://localhost:8080/src/lib/logger.ts:106
[  222410ms] [LOG] %s [221.848] [CHAT] [BATCH-PROCESSOR-1] [queue] media message time 0.7999999998137355 0 Promise @ http://localhost:8080/src/lib/logger.ts:106
[  222410ms] [LOG] %s [221.849] [CHAT] [BATCH-PROCESSOR-1] [queue] media message time 0.7999999998137355 0 Promise @ http://localhost:8080/src/lib/logger.ts:106
[  222410ms] [LOG] %s [221.849] [CHAT] [BATCH-PROCESSOR-1] [queue] media message time 0.7999999998137355 0 Promise @ http://localhost:8080/src/lib/logger.ts:106
[  222410ms] [LOG] %s [221.849] [CHAT] [BATCH-PROCESSOR-1] [queue] media message time 0.7999999998137355 0 Promise @ http://localhost:8080/src/lib/logger.ts:106
[  222411ms] [LOG] %s [221.849] [CHAT] [BATCH-PROCESSOR-1] [queue] media message time 0.7999999998137355 0 Promise @ http://localhost:8080/src/lib/logger.ts:106
[  222411ms] [LOG] %s [221.849] [CHAT] [BATCH-PROCESSOR-1] [queue] media message time 0.7999999998137355 0 Promise @ http://localhost:8080/src/lib/logger.ts:106
[  222411ms] [LOG] %s [221.850] [CHAT] [BATCH-PROCESSOR-1] [queue] media message time 0.7999999998137355 0 Promise @ http://localhost:8080/src/lib/logger.ts:106
[  222411ms] [LOG] %s [221.850] [CHAT] [BATCH-PROCESSOR-1] [queue] media message time 0.7999999998137355 0 Promise @ http://localhost:8080/src/lib/logger.ts:106
[  222412ms] [LOG] %s [221.850] [CHAT] [BATCH-PROCESSOR-1] [queue] media message time 0.7999999998137355 0 Promise @ http://localhost:8080/src/lib/logger.ts:106
[  222412ms] [LOG] %s [221.850] [CHAT] [BATCH-PROCESSOR-1] [queue] media message time 0.7999999998137355 0 Promise @ http://localhost:8080/src/lib/logger.ts:106
[  222412ms] [LOG] %s [221.851] [CHAT] [BATCH-PROCESSOR-1] [queue] media message time 0.7999999998137355 0 Promise @ http://localhost:8080/src/lib/logger.ts:106
[  222412ms] [LOG] %s [221.851] [CHAT] [BATCH-PROCESSOR-1] [queue] media message time 0.7999999998137355 0 Promise @ http://localhost:8080/src/lib/logger.ts:106
[  222412ms] [LOG] %s [221.851] [CHAT] [BATCH-PROCESSOR-1] [queue] media message time 0.7999999998137355 0 Promise @ http://localhost:8080/src/lib/logger.ts:106
[  222413ms] [LOG] %s [221.851] [CHAT] [BATCH-PROCESSOR-1] [queue] media message time 0.7999999998137355 0 Promise @ http://localhost:8080/src/lib/logger.ts:106
[  222413ms] [LOG] %s [221.851] [CHAT] [BATCH-PROCESSOR-1] [queue] media message time 0.7999999998137355 0 Promise @ http://localhost:8080/src/lib/logger.ts:106
[  222413ms] [LOG] %s [221.852] [CHAT] [BATCH-PROCESSOR-1] [queue] media message time 0.7999999998137355 0 Promise @ http://localhost:8080/src/lib/logger.ts:106
[  222413ms] [LOG] %s [221.852] [CHAT] [BATCH-PROCESSOR-1] [queue] media message time 0.7999999998137355 0 Promise @ http://localhost:8080/src/lib/logger.ts:106
[  222414ms] [LOG] %s [221.852] [CHAT] [BATCH-PROCESSOR-1] [queue] media message time 0.7999999998137355 0 Promise @ http://localhost:8080/src/lib/logger.ts:106
[  222414ms] [LOG] %s [221.852] [CHAT] [BATCH-PROCESSOR-1] [queue] media message time 0.7999999998137355 0 Promise @ http://localhost:8080/src/lib/logger.ts:106
[  222414ms] [LOG] %s [221.853] [CHAT] [BATCH-PROCESSOR-1] [queue] media message time 0.7999999998137355 0 Promise @ http://localhost:8080/src/lib/logger.ts:106
[  222414ms] [LOG] %s [221.853] [CHAT] [BATCH-PROCESSOR-1] [queue] media message time 0.7999999998137355 0 Promise @ http://localhost:8080/src/lib/logger.ts:106
[  222415ms] [LOG] %s [221.853] [CHAT] [BATCH-PROCESSOR-1] [queue] media message time 0.7999999998137355 0 Promise @ http://localhost:8080/src/lib/logger.ts:106
[  222415ms] [LOG] %s [221.853] [CHAT] [BATCH-PROCESSOR-1] [queue] media message time 0.7999999998137355 0 Promise @ http://localhost:8080/src/lib/logger.ts:106
[  222415ms] [LOG] %s [221.853] [CHAT] [BATCH-PROCESSOR-1] [queue] media message time 0.7999999998137355 0 Promise @ http://localhost:8080/src/lib/logger.ts:106
[  222415ms] [LOG] %s [221.854] [CHAT] [BATCH-PROCESSOR-1] [queue] media message time 0.7999999998137355 0 Promise @ http://localhost:8080/src/lib/logger.ts:106
[  222415ms] [LOG] %s [221.854] [CHAT] [BATCH-PROCESSOR-1] [queue] media message time 0.7999999998137355 0 Promise @ http://localhost:8080/src/lib/logger.ts:106
[  222416ms] [LOG] %s [221.854] [CHAT] [BATCH-PROCESSOR-1] [queue] media message time 0.7999999998137355 0 Promise @ http://localhost:8080/src/lib/logger.ts:106
[  222416ms] [LOG] %s [221.854] [CHAT] [BATCH-PROCESSOR-1] [queue] media message time 0.7999999998137355 0 Promise @ http://localhost:8080/src/lib/logger.ts:106
[  222416ms] [LOG] %s [221.854] [CHAT] [BATCH-PROCESSOR-1] [queue] media message time 0.7999999998137355 0 Promise @ http://localhost:8080/src/lib/logger.ts:106
[  222417ms] [LOG] %s [221.856] [SWIPE-HANDLER] reset @ http://localhost:8080/src/lib/logger.ts:106
[  222417ms] [LOG] %s [221.856] [SWIPE-HANDLER] reset @ http://localhost:8080/src/lib/logger.ts:106
[  222417ms] [LOG] %s [221.856] [SWIPE-HANDLER] reset @ http://localhost:8080/src/lib/logger.ts:106
[  222423ms] [LOG] %s [221.861] [CHAT] [BATCH-PROCESSOR-1] [queue] media promises end @ http://localhost:8080/src/lib/logger.ts:106
[  222424ms] [LOG] %s [221.863] [CHAT] [BATCH-PROCESSOR-1] [queue] queue rendered @ http://localhost:8080/src/lib/logger.ts:106
[  222424ms] [LOG] %s [221.863] [CHAT] [BATCH-PROCESSOR-1] [queue] end @ http://localhost:8080/src/lib/logger.ts:106
[  222424ms] [LOG] %s [221.863] [CHAT--1762037220-chat] [perform-540] performHistoryResult end @ http://localhost:8080/src/lib/logger.ts:106
[  222424ms] [WARNING] %s [221.863] [CHAT] [setPeer] promise fulfilled @ http://localhost:8080/src/lib/logger.ts:126
[  222425ms] [WARNING] %s [221.863] [CHAT] [setPeer] finishing peer change @ http://localhost:8080/src/lib/logger.ts:126
[  222427ms] [LOG] %s [221.866] [CHAT] [handleBackgrounds] updating undefined undefined undefined @ http://localhost:8080/src/lib/logger.ts:106
[  222427ms] [WARNING] %s [221.866] [CHAT--1762037220-chat] [221.866] start topbar @ http://localhost:8080/src/lib/logger.ts:126
[  222428ms] [WARNING] %s [221.866] [CHAT--1762037220-chat] [221.866] start bubbles @ http://localhost:8080/src/lib/logger.ts:126
[  222428ms] [WARNING] %s [221.866] [CHAT--1762037220-chat] [221.866] start input @ http://localhost:8080/src/lib/logger.ts:126
[  222428ms] [WARNING] %s [221.866] [CHAT--1762037220-chat] [221.866] start sharedMedia @ http://localhost:8080/src/lib/logger.ts:126
[  222428ms] [WARNING] %s [221.866] [CHAT--1762037220-chat] [221.866] start backgrounds @ http://localhost:8080/src/lib/logger.ts:126
[  222428ms] [WARNING] %s [221.867] [CHAT--1762037220-chat] [221.866] end backgrounds 0.20000000018626451 @ http://localhost:8080/src/lib/logger.ts:126
[  222437ms] [WARNING] %s [221.876] [CHAT--1762037220-chat] [221.876] end sharedMedia 9.5 @ http://localhost:8080/src/lib/logger.ts:126
[  222438ms] [WARNING] %s [221.876] [CHAT--1762037220-chat] [221.876] end bubbles 10.099999999627471 @ http://localhost:8080/src/lib/logger.ts:126
[  222438ms] [WARNING] %s [221.876] [CHAT--1762037220-chat] [221.876] end topbar 10.5 @ http://localhost:8080/src/lib/logger.ts:126
[  222438ms] [WARNING] %s [221.877] [CHAT--1762037220-chat] [221.877] end input 10.5 @ http://localhost:8080/src/lib/logger.ts:126
[  222438ms] [LOG] %s [221.877] [SEARCH-SUPER] load true -1395363861 {} @ http://localhost:8080/src/lib/logger.ts:106
[  222450ms] [LOG] %s [221.889] [SWIPE-HANDLER] remove listeners @ http://localhost:8080/src/lib/logger.ts:106
[  222450ms] [LOG] %s [221.889] [SWIPE-HANDLER] reset @ http://localhost:8080/src/lib/logger.ts:106
[  222451ms] [WARNING] %s [221.890] [CHAT] [setPeer] finished peer change @ http://localhost:8080/src/lib/logger.ts:126
[  222524ms] [LOG] %s [221.962] [PM] [setCorrectIndex] direction 0 mid 4295013679 @ http://localhost:8080/src/lib/logger.ts:106
[  222524ms] [LOG] %s [221.962] [PM] [getCurrentIndex] start 4295013679 true @ http://localhost:8080/src/lib/logger.ts:106
[  222524ms] [WARNING] %s [221.962] [CHAT] [setPeer] mounted chat true JSHandle@node 226.5 @ http://localhost:8080/src/lib/logger.ts:126
[  222524ms] [LOG] %s [221.963] [PM] handleFollowingPinnedMessage @ http://localhost:8080/src/lib/logger.ts:106
[  222551ms] [WARNING] %s [221.990] [NC] replace @ http://localhost:8080/src/lib/logger.ts:126
[  222552ms] [LOG] %s [221.990] [NC] [navigate] NavigateEvent NavigationHistoryEntry @ http://localhost:8080/src/lib/logger.ts:106
[  222564ms] [LOG] %s [222.002] [CHAT--1395363861-chat] will readHistory by maxId: 4295013697 @ http://localhost:8080/src/lib/logger.ts:106
[  222564ms] [LOG] %s [222.003] [CHAT] [setPeer] scrolledAllDown: false @ http://localhost:8080/src/lib/logger.ts:106
[  222566ms] [LOG] %s [222.005] [IM] selectTab 1 1 @ http://localhost:8080/src/lib/logger.ts:106
[  222568ms] [LOG] %s [222.007] [NOTIFICATIONS] cancel msg_1_-1395363861_4295013697 undefined @ http://localhost:8080/src/lib/logger.ts:106
[  222568ms] [LOG] %s [222.007] [NOTIFICATIONS] cancel msg_1_-1395363861_4295013696 undefined @ http://localhost:8080/src/lib/logger.ts:106
[  222568ms] [LOG] %s [222.007] [NOTIFICATIONS] cancel msg_1_-1395363861_4295013695 undefined @ http://localhost:8080/src/lib/logger.ts:106
[  222632ms] [LOG] %s [222.071] [PM] [setCorrectIndex] not needed 1 @ http://localhost:8080/src/lib/logger.ts:106
[  222884ms] [LOG] %s [222.323] [CHAT] [handleBackgrounds] updating Proxy(Object) undefined undefined @ http://localhost:8080/src/lib/logger.ts:106
[  223065ms] [LOG] %s [222.503] [CHAT--1762037220-chat] [sponsored-444] sponsored messages: {_: messages.sponsoredMessages, pFlags: Object, posts_between: 10, messages: Array(2), chats: Array(1)} @ http://localhost:8080/src/lib/logger.ts:106
[  223099ms] [LOG] %s [222.538] [PM] [getCurrentIndex] result 4295013679 {count: 2, history: Array(2), isEnd: Object, offsetIdOffset: 1, messages: undefined} 1 0 true true @ http://localhost:8080/src/lib/logger.ts:106
[  223101ms] [LOG] %s [222.539] [PM] setPinnedMessage: fromTop false -1 0 @ http://localhost:8080/src/lib/logger.ts:106
[  223101ms] [LOG] %s [222.540] [PM] handleFollowingPinnedMessage: unlock @ http://localhost:8080/src/lib/logger.ts:106
[  223208ms] [LOG] %s [222.647] [PM] setPinnedMessage: fromTop true 1 0 @ http://localhost:8080/src/lib/logger.ts:106
[  223349ms] [LOG] %s [222.788] [PM] [setCorrectIndex] direction 1 mid 4295013697 @ http://localhost:8080/src/lib/logger.ts:106
[  226256ms] [LOG] %s [225.695] [CHAT--2096687198-chat] [VIEWPORT-SLICE] will slice top [Object, Object, Object, Object, Object, Object, Object, Object, Object, Object, Object] @ http://localhost:8080/src/lib/logger.ts:106
[  226257ms] [LOG] %s [225.695] [CHAT--2096687198-chat] [VIEWPORT-SLICE] will slice bottom [Object, Object, Object, Object, Object, Object, Object, Object, Object, Object, Object] @ http://localhost:8080/src/lib/logger.ts:106
[  226257ms] [LOG] %s [225.695] [CHAT--2096687198-chat] [VIEWPORT-SLICE] slicing mids [-1395363861_4295013671, -1395363861_4295013672, -1395363861_4295013673, -1395363861_4295013674, -1395363861_4295013675, -1395363861_4295013676, -1395363861_4295013677, -1395363861_4295013678, -1395363861_4295013714, -1395363861_4295013715, -1395363861_4295013716] @ http://localhost:8080/src/lib/logger.ts:106
[  228274ms] [LOG] %s [227.713] [DIALOGS] dialogs click list @ http://localhost:8080/src/lib/logger.ts:106
[  228287ms] [LOG] %s [227.726] [IM] saved chat position: {mids: Array(29), top: 2452.5, pinnedMessages: Object} @ http://localhost:8080/src/lib/logger.ts:106
[  228288ms] [WARNING] %s [227.726] [CHAT] [setPeer] start @ http://localhost:8080/src/lib/logger.ts:126
[  228288ms] [WARNING] %s [227.726] [CHAT--1395363861-chat] [227.726] start noForwards @ http://localhost:8080/src/lib/logger.ts:126
[  228288ms] [WARNING] %s [227.726] [CHAT--1395363861-chat] [227.726] start isRestricted @ http://localhost:8080/src/lib/logger.ts:126
[  228288ms] [WARNING] %s [227.727] [CHAT--1395363861-chat] [227.727] start isLikeGroup @ http://localhost:8080/src/lib/logger.ts:126
[  228288ms] [WARNING] %s [227.727] [CHAT--1395363861-chat] [227.727] start isRealGroup @ http://localhost:8080/src/lib/logger.ts:126
[  228288ms] [WARNING] %s [227.727] [CHAT--1395363861-chat] [227.727] start isMegagroup @ http://localhost:8080/src/lib/logger.ts:126
[  228288ms] [WARNING] %s [227.727] [CHAT--1395363861-chat] [227.727] start isBroadcast @ http://localhost:8080/src/lib/logger.ts:126
[  228289ms] [WARNING] %s [227.727] [CHAT--1395363861-chat] [227.727] start isChannel @ http://localhost:8080/src/lib/logger.ts:126
[  228289ms] [WARNING] %s [227.727] [CHAT--1395363861-chat] [227.727] start isBot @ http://localhost:8080/src/lib/logger.ts:126
[  228289ms] [WARNING] %s [227.727] [CHAT--1395363861-chat] [227.727] start isAnonymousSending @ http://localhost:8080/src/lib/logger.ts:126
[  228289ms] [WARNING] %s [227.727] [CHAT--1395363861-chat] [227.727] start isPremiumRequired @ http://localhost:8080/src/lib/logger.ts:126
[  228289ms] [WARNING] %s [227.727] [CHAT--1395363861-chat] [227.727] start starsAmount @ http://localhost:8080/src/lib/logger.ts:126
[  228289ms] [WARNING] %s [227.727] [CHAT--1395363861-chat] [227.727] start canManageDirectMessages @ http://localhost:8080/src/lib/logger.ts:126
[  228289ms] [WARNING] %s [227.728] [CHAT--1395363861-chat] [227.728] end isPremiumRequired 0.40000000037252903 @ http://localhost:8080/src/lib/logger.ts:126
[  228290ms] [WARNING] %s [227.728] [CHAT--1395363861-chat] [227.728] end noForwards 1.800000000745058 @ http://localhost:8080/src/lib/logger.ts:126
[  228290ms] [WARNING] %s [227.728] [CHAT--1395363861-chat] [227.728] end isRestricted 1.7000000001862645 @ http://localhost:8080/src/lib/logger.ts:126
[  228290ms] [WARNING] %s [227.728] [CHAT--1395363861-chat] [227.728] end isRealGroup 1.5 @ http://localhost:8080/src/lib/logger.ts:126
[  228290ms] [WARNING] %s [227.728] [CHAT--1395363861-chat] [227.728] end isMegagroup 1.5 @ http://localhost:8080/src/lib/logger.ts:126
[  228290ms] [WARNING] %s [227.728] [CHAT--1395363861-chat] [227.728] end isBroadcast 1.400000000372529 @ http://localhost:8080/src/lib/logger.ts:126
[  228290ms] [WARNING] %s [227.728] [CHAT--1395363861-chat] [227.728] end isChannel 1.400000000372529 @ http://localhost:8080/src/lib/logger.ts:126
[  228290ms] [WARNING] %s [227.728] [CHAT--1395363861-chat] [227.728] end isBot 1.3999999994412065 @ http://localhost:8080/src/lib/logger.ts:126
[  228290ms] [WARNING] %s [227.729] [CHAT--1395363861-chat] [227.728] end isAnonymousSending 1.400000000372529 @ http://localhost:8080/src/lib/logger.ts:126
[  228290ms] [WARNING] %s [227.729] [CHAT--1395363861-chat] [227.729] end starsAmount 1.2000000001862645 @ http://localhost:8080/src/lib/logger.ts:126
[  228290ms] [WARNING] %s [227.729] [CHAT--1395363861-chat] [227.729] end canManageDirectMessages 1.1000000005587935 @ http://localhost:8080/src/lib/logger.ts:126
[  228290ms] [WARNING] %s [227.729] [CHAT--1395363861-chat] [227.729] end isLikeGroup 2.099999999627471 @ http://localhost:8080/src/lib/logger.ts:126
[  228307ms] [LOG] %s [227.746] [CHAT] [setPeer] setPeer peerId: -1327967885 Proxy(Object) -1327967885_4294968445 -1327967885_4294968619 @ http://localhost:8080/src/lib/logger.ts:106
[  228308ms] [LOG] %s [227.746] [CHAT--1395363861-chat] cleanup @ http://localhost:8080/src/lib/logger.ts:106
[  228308ms] [LOG] %s [227.746] [CHAT] [BATCH-PROCESSOR-1] clear @ http://localhost:8080/src/lib/logger.ts:106
[  228319ms] [LOG] %s [227.757] [CHAT--1395363861-chat] i vin brehnya {cached: true, result: Promise} -1327967885_4294968445 20 20 @ http://localhost:8080/src/lib/logger.ts:106
[  228319ms] [WARNING] %s [227.758] [CHAT] [setPeer] got history @ http://localhost:8080/src/lib/logger.ts:126
[  228319ms] [LOG] %s [227.758] [CHAT--1395363861-chat] [perform-620] start null {count: 1054, history: Array(40), isEnd: Object, offsetIdOffset: 25, messages: undefined} @ http://localhost:8080/src/lib/logger.ts:106
[  228320ms] [LOG] %s [227.758] [CHAT] [BATCH-PROCESSOR-1] [queue] setting pause @ http://localhost:8080/src/lib/logger.ts:106
[  228339ms] [LOG] %s [227.777] [CHAT] [BATCH-PROCESSOR-1] [queue] start 40 @ http://localhost:8080/src/lib/logger.ts:106
[  228339ms] [LOG] %s [227.777] [CHAT] [BATCH-PROCESSOR-1] [queue] render item time 0 {bubble: div.bubble.service, promises: Array(1), message: Object, reverse: true, updatePosition: true} @ http://localhost:8080/src/lib/logger.ts:106
[  228339ms] [LOG] %s [227.777] [CHAT] [BATCH-PROCESSOR-1] [queue] render item time 0.20000000018626451 {bubble: div.bubble.service, promises: Array(1), message: Object, reverse: true, updatePosition: true} @ http://localhost:8080/src/lib/logger.ts:106
[  228339ms] [LOG] %s [227.778] [CHAT] [BATCH-PROCESSOR-1] [queue] render item time 0.2999999998137355 {bubble: div.bubble.service, promises: Array(1), message: Object, reverse: true, updatePosition: true} @ http://localhost:8080/src/lib/logger.ts:106
[  228339ms] [LOG] %s [227.778] [CHAT] [BATCH-PROCESSOR-1] [queue] render item time 0.40000000037252903 {bubble: div.bubble.service, promises: Array(2), message: Object, reverse: true, updatePosition: true} @ http://localhost:8080/src/lib/logger.ts:106
[  228339ms] [LOG] %s [227.778] [CHAT] [BATCH-PROCESSOR-1] [queue] render item time 0.5 {bubble: div.bubble.service, promises: Array(1), message: Object, reverse: true, updatePosition: true} @ http://localhost:8080/src/lib/logger.ts:106
[  228339ms] [LOG] %s [227.778] [CHAT] [BATCH-PROCESSOR-1] [queue] render item time 0.599999999627471 undefined @ http://localhost:8080/src/lib/logger.ts:106
[  228339ms] [LOG] %s [227.778] [CHAT] [BATCH-PROCESSOR-1] [queue] render item time 0.7000000001862645 undefined @ http://localhost:8080/src/lib/logger.ts:106
[  228339ms] [LOG] %s [227.778] [CHAT] [BATCH-PROCESSOR-1] [queue] render item time 0.7000000001862645 undefined @ http://localhost:8080/src/lib/logger.ts:106
[  228371ms] [LOG] %s [227.810] [CHAT] [BATCH-PROCESSOR-1] [queue] render item time 32.09999999962747 {bubble: div.bubble.channel-post.with-beside-button.with-replies.hide-name.photo.is-in.can-have-tail, promises: Array(4), message: Object, reverse: true, updatePosition: true} @ http://localhost:8080/src/lib/logger.ts:106
[  228372ms] [LOG] %s [227.810] [CHAT] [BATCH-PROCESSOR-1] [queue] render item time 32.90000000037253 {bubble: div.bubble.channel-post.with-beside-button.with-replies.hide-name.is-in.can-have-tail, promises: Array(1), message: Object, reverse: true, updatePosition: true} @ http://localhost:8080/src/lib/logger.ts:106
[  228372ms] [LOG] %s [227.810] [CHAT] [BATCH-PROCESSOR-1] [queue] render item time 33.200000000186265 {bubble: div.bubble.channel-post.with-beside-button.with-replies.hide-name.is-in.can-have-tail, promises: Array(4), message: Object, reverse: true, updatePosition: true} @ http://localhost:8080/src/lib/logger.ts:106
[  228372ms] [LOG] %s [227.811] [CHAT] [BATCH-PROCESSOR-1] [queue] render item time 33.200000000186265 {bubble: div.bubble.channel-post.with-beside-button.with-replies.hide-name.is-in.can-have-tail, promises: Array(4), message: Object, reverse: true, updatePosition: true} @ http://localhost:8080/src/lib/logger.ts:106
[  228372ms] [LOG] %s [227.811] [CHAT] [BATCH-PROCESSOR-1] [queue] render item time 33.40000000037253 {bubble: div.bubble.channel-post.with-beside-button.with-replies.hide-name.photo.is-in.can-have-tail, promises: Array(5), message: Object, reverse: true, updatePosition: true} @ http://localhost:8080/src/lib/logger.ts:106
[  228372ms] [LOG] %s [227.811] [CHAT] [BATCH-PROCESSOR-1] [queue] render item time 33.5 {bubble: div.bubble.channel-post.with-beside-button.with-replies.hide-name.is-in.can-have-tail, promises: Array(4), message: Object, reverse: true, updatePosition: true} @ http://localhost:8080/src/lib/logger.ts:106
[  228372ms] [LOG] %s [227.811] [CHAT] [BATCH-PROCESSOR-1] [queue] render item time 33.59999999962747 {bubble: div.bubble.channel-post.with-beside-button.with-replies.hide-name.is-in.can-have-tail, promises: Array(4), message: Object, reverse: true, updatePosition: true} @ http://localhost:8080/src/lib/logger.ts:106
[  228373ms] [LOG] %s [227.811] [CHAT] [BATCH-PROCESSOR-1] [queue] render item time 33.700000000186265 {bubble: div.bubble.channel-post.with-beside-button.with-replies.hide-name.is-in.can-have-tail, promises: Array(4), message: Object, reverse: true, updatePosition: true} @ http://localhost:8080/src/lib/logger.ts:106
[  228373ms] [LOG] %s [227.811] [CHAT] [BATCH-PROCESSOR-1] [queue] render item time 33.90000000037253 {bubble: div.bubble.channel-post.with-beside-button.with-replies.hide-name.is-in.can-have-tail, promises: Array(4), message: Object, reverse: true, updatePosition: true} @ http://localhost:8080/src/lib/logger.ts:106
[  228373ms] [LOG] %s [227.811] [CHAT] [BATCH-PROCESSOR-1] [queue] render item time 33.90000000037253 {bubble: div.bubble.channel-post.with-beside-button.with-replies.hide-name.is-in.can-have-tail, promises: Array(4), message: Object, reverse: true, updatePosition: true} @ http://localhost:8080/src/lib/logger.ts:106
[  228373ms] [LOG] %s [227.811] [CHAT] [BATCH-PROCESSOR-1] [queue] render item time 34.09999999962747 {bubble: div.bubble.channel-post.with-beside-button.with-replies.hide-name.is-in.can-have-tail, promises: Array(4), message: Object, reverse: true, updatePosition: true} @ http://localhost:8080/src/lib/logger.ts:106
[  228373ms] [LOG] %s [227.812] [CHAT] [BATCH-PROCESSOR-1] [queue] render item time 34.299999999813735 {bubble: div.bubble.channel-post.with-beside-button.with-replies.hide-name.is-in.can-have-tail, promises: Array(4), message: Object, reverse: true, updatePosition: true} @ http://localhost:8080/src/lib/logger.ts:106
[  228373ms] [LOG] %s [227.812] [CHAT] [BATCH-PROCESSOR-1] [queue] render item time 34.5 {bubble: div.bubble.channel-post.with-beside-button.with-replies.hide-name.is-in.can-have-tail, promises: Array(4), message: Object, reverse: true, updatePosition: true} @ http://localhost:8080/src/lib/logger.ts:106
[  228373ms] [LOG] %s [227.812] [CHAT] [BATCH-PROCESSOR-1] [queue] render item time 34.59999999962747 {bubble: div.bubble.service, promises: Array(1), message: Object, reverse: true, updatePosition: true} @ http://localhost:8080/src/lib/logger.ts:106
[  228373ms] [LOG] %s [227.812] [CHAT] [BATCH-PROCESSOR-1] [queue] render item time 34.700000000186265 {bubble: div.bubble.service, promises: Array(1), message: Object, reverse: true, updatePosition: true} @ http://localhost:8080/src/lib/logger.ts:106
[  228376ms] [LOG] %s [227.814] [CHAT] [BATCH-PROCESSOR-1] [queue] render item time 36.799999999813735 {bubble: div.bubble.channel-post.with-beside-button.with-replies.is-reply.hide-name.is-in.can-have-tail, promises: Array(4), message: Object, reverse: true, updatePosition: true} @ http://localhost:8080/src/lib/logger.ts:106
[  228391ms] [LOG] %s [227.830] [SWIPE-HANDLER] reset @ http://localhost:8080/src/lib/logger.ts:106
[  228391ms] [LOG] %s [227.830] [SWIPE-HANDLER] reset @ http://localhost:8080/src/lib/logger.ts:106
[  228391ms] [LOG] %s [227.830] [SWIPE-HANDLER] reset @ http://localhost:8080/src/lib/logger.ts:106
[  228433ms] [LOG] %s [227.872] [CHAT] [BATCH-PROCESSOR-1] [queue] render item time 94.09999999962747 {bubble: div.bubble.channel-post.with-beside-button.with-replies.hide-name.is-in.can-have-tail, promises: Array(4), message: Object, reverse: true, updatePosition: true} @ http://localhost:8080/src/lib/logger.ts:106
[  228434ms] [LOG] %s [227.873] [CHAT] [BATCH-PROCESSOR-1] [queue] render item time 95.09999999962747 {bubble: div.bubble.channel-post.with-beside-button.with-replies.hide-name.is-in.can-have-tail, promises: Array(4), message: Object, reverse: true, updatePosition: true} @ http://localhost:8080/src/lib/logger.ts:106
[  228434ms] [LOG] %s [227.873] [CHAT] [BATCH-PROCESSOR-1] [queue] render item time 95.29999999981374 {bubble: div.bubble.channel-post.with-beside-button.with-replies.hide-name.is-in.can-have-tail, promises: Array(2), message: Object, reverse: true, updatePosition: true} @ http://localhost:8080/src/lib/logger.ts:106
[  228434ms] [LOG] %s [227.873] [CHAT] [BATCH-PROCESSOR-1] [queue] render item time 95.40000000037253 {bubble: div.bubble.channel-post.with-beside-button.with-replies.hide-name.is-in.can-have-tail, promises: Array(4), message: Object, reverse: true, updatePosition: true} @ http://localhost:8080/src/lib/logger.ts:106
[  228435ms] [LOG] %s [227.873] [CHAT] [BATCH-PROCESSOR-1] [queue] render item time 95.59999999962747 {bubble: div.bubble.channel-post.with-beside-button.with-replies.hide-name.is-in.can-have-tail, promises: Array(4), message: Object, reverse: true, updatePosition: true} @ http://localhost:8080/src/lib/logger.ts:106
[  228435ms] [LOG] %s [227.873] [CHAT] [BATCH-PROCESSOR-1] [queue] render item time 95.70000000018626 {bubble: div.bubble.channel-post.with-beside-button.with-replies.hide-name.photo.is-album.is-grouped.is-in.c…, promises: Array(10), message: Object, reverse: true, updatePosition: true} @ http://localhost:8080/src/lib/logger.ts:106
[  228435ms] [LOG] %s [227.873] [CHAT] [BATCH-PROCESSOR-1] [queue] render item time 95.79999999981374 {bubble: div.bubble.channel-post.with-beside-button.with-replies.hide-name.photo.is-album.is-grouped.is-in.c…, promises: Array(5), message: Object, reverse: true, updatePosition: true} @ http://localhost:8080/src/lib/logger.ts:106
[  228435ms] [LOG] %s [227.873] [CHAT] [BATCH-PROCESSOR-1] [queue] render item time 96 {bubble: div.bubble.channel-post.with-beside-button.with-replies.hide-name.is-in.can-have-tail, promises: Array(3), message: Object, reverse: true, updatePosition: true} @ http://localhost:8080/src/lib/logger.ts:106
[  228435ms] [LOG] %s [227.874] [CHAT] [BATCH-PROCESSOR-1] [queue] render item time 96.20000000018626 {bubble: div.bubble.channel-post.with-beside-button.with-replies.hide-name.photo.is-message-empty.has-floati…, promises: Array(3), message: Object, reverse: true, updatePosition: true} @ http://localhost:8080/src/lib/logger.ts:106
[  228435ms] [LOG] %s [227.874] [CHAT] [BATCH-PROCESSOR-1] [queue] render item time 96.29999999981374 {bubble: div.bubble.channel-post.with-beside-button.with-replies.hide-name.photo.is-in.can-have-tail, promises: Array(5), message: Object, reverse: true, updatePosition: true} @ http://localhost:8080/src/lib/logger.ts:106
[  228435ms] [LOG] %s [227.874] [CHAT] [BATCH-PROCESSOR-1] [queue] render item time 96.40000000037253 {bubble: div.bubble.channel-post.with-beside-button.with-replies.hide-name.is-in.can-have-tail, promises: Array(4), message: Object, reverse: true, updatePosition: true} @ http://localhost:8080/src/lib/logger.ts:106
[  228435ms] [LOG] %s [227.874] [CHAT] [BATCH-PROCESSOR-1] [queue] render item time 96.5 {bubble: div.bubble.channel-post.with-beside-button.with-replies.hide-name.is-in.can-have-tail, promises: Array(2), message: Object, reverse: true, updatePosition: true} @ http://localhost:8080/src/lib/logger.ts:106
[  228436ms] [LOG] %s [227.874] [CHAT] [BATCH-PROCESSOR-1] [queue] render item time 96.59999999962747 {bubble: div.bubble.channel-post.with-beside-button.with-replies.hide-name.is-in.can-have-tail, promises: Array(3), message: Object, reverse: true, updatePosition: true} @ http://localhost:8080/src/lib/logger.ts:106
[  228436ms] [LOG] %s [227.874] [CHAT] [BATCH-PROCESSOR-1] [queue] render item time 96.79999999981374 {bubble: div.bubble.channel-post.with-beside-button.with-replies.hide-name.is-in.can-have-tail, promises: Array(4), message: Object, reverse: true, updatePosition: true} @ http://localhost:8080/src/lib/logger.ts:106
[  228436ms] [LOG] %s [227.874] [CHAT] [BATCH-PROCESSOR-1] [queue] render item time 96.90000000037253 {bubble: div.bubble.channel-post.with-beside-button.with-replies.hide-name.is-in.can-have-tail, promises: Array(3), message: Object, reverse: true, updatePosition: true} @ http://localhost:8080/src/lib/logger.ts:106
[  228436ms] [LOG] %s [227.874] [CHAT] [BATCH-PROCESSOR-1] [queue] render item time 96.90000000037253 {bubble: div.bubble.channel-post.with-beside-button.with-replies.hide-name.is-in.can-have-tail, promises: Array(2), message: Object, reverse: true, updatePosition: true} @ http://localhost:8080/src/lib/logger.ts:106
[  228436ms] [LOG] %s [227.875] [CHAT] [BATCH-PROCESSOR-1] [queue] messages rendered @ http://localhost:8080/src/lib/logger.ts:106
[  228436ms] [LOG] %s [227.875] [CHAT] [BATCH-PROCESSOR-1] [queue] changed ends true false @ http://localhost:8080/src/lib/logger.ts:106
[  228437ms] [LOG] %s [227.876] [CHAT] [BATCH-PROCESSOR-1] [queue] media promises to call [Promise, Promise, Promise, Promise, Promise, Promise, Promise, Promise, Promise, Promise, Promise, Promise, Promise, Promise, Promise, Promise, Promise, Promise, Promise, Promise, Promise, Promise, Promise, Promise, Promise, Promise, Promise, Promise, Promise, Promise, Promise, Promise, Promise, Promise, Promise, Promise, Promise, Promise, Promise, Promise, Promise, Promise, Promise, Promise, Promise, Promise, Promise, Promise, Promise, Promise, undefined, Promise, Promise, Promise, Promise, Promise, Promise, Promise, Promise, Promise, Promise, Promise, Promise, Promise, Promise, Promise, Promise, Promise, Promise, Promise, Promise, Promise, Promise, Promise, Promise, Promise, Promise, Promise, Promise, Promise, Promise, Promise, Promise, Promise, Promise, Promise, Promise, Promise, Promise, Promise, Promise, Promise, Promise, Promise, Promise, Promise, Promise, Promise, Promise, Promise] [Object, Object, Object, Object, Object, Object, Object, Object, Object, Object, Object, Object, Object, Object, Object, Object, Object, Object, Object, Object, Object, Object, Object, Object, Object, Object, Object, Object, Object, Object, Object, Object, Object, Object, Object, Object, Object] false @ http://localhost:8080/src/lib/logger.ts:106
[  228438ms] [LOG] %s [227.876] [CHAT] [BATCH-PROCESSOR-1] [queue] media message time 1.2000000001862645 0 Promise @ http://localhost:8080/src/lib/logger.ts:106
[  228438ms] [LOG] %s [227.877] [CHAT] [BATCH-PROCESSOR-1] [queue] media message time 1.2000000001862645 0 Promise @ http://localhost:8080/src/lib/logger.ts:106
[  228438ms] [LOG] %s [227.877] [CHAT] [BATCH-PROCESSOR-1] [queue] media message time 1.2000000001862645 1 Promise @ http://localhost:8080/src/lib/logger.ts:106
[  228438ms] [LOG] %s [227.877] [CHAT] [BATCH-PROCESSOR-1] [queue] media message time 1.2000000001862645 2 Promise @ http://localhost:8080/src/lib/logger.ts:106
[  228438ms] [LOG] %s [227.877] [CHAT] [BATCH-PROCESSOR-1] [queue] media message time 1.2000000001862645 3 Promise @ http://localhost:8080/src/lib/logger.ts:106
[  228439ms] [LOG] %s [227.877] [CHAT] [BATCH-PROCESSOR-1] [queue] media message time 1.2000000001862645 0 Promise @ http://localhost:8080/src/lib/logger.ts:106
[  228439ms] [LOG] %s [227.877] [CHAT] [BATCH-PROCESSOR-1] [queue] media message time 1.2000000001862645 1 Promise @ http://localhost:8080/src/lib/logger.ts:106
[  228439ms] [LOG] %s [227.877] [CHAT] [BATCH-PROCESSOR-1] [queue] media message time 1.2000000001862645 2 Promise @ http://localhost:8080/src/lib/logger.ts:106
[  228439ms] [LOG] %s [227.877] [CHAT] [BATCH-PROCESSOR-1] [queue] media message time 1.2000000001862645 3 Promise @ http://localhost:8080/src/lib/logger.ts:106
[  228439ms] [LOG] %s [227.878] [CHAT] [BATCH-PROCESSOR-1] [queue] media message time 1.2000000001862645 0 Promise @ http://localhost:8080/src/lib/logger.ts:106
[  228439ms] [LOG] %s [227.878] [CHAT] [BATCH-PROCESSOR-1] [queue] media message time 1.2000000001862645 1 Promise @ http://localhost:8080/src/lib/logger.ts:106
[  228439ms] [LOG] %s [227.878] [CHAT] [BATCH-PROCESSOR-1] [queue] media message time 1.300000000745058 2 Promise @ http://localhost:8080/src/lib/logger.ts:106
[  228439ms] [LOG] %s [227.878] [CHAT] [BATCH-PROCESSOR-1] [queue] media message time 1.300000000745058 3 Promise @ http://localhost:8080/src/lib/logger.ts:106
[  228440ms] [LOG] %s [227.878] [CHAT] [BATCH-PROCESSOR-1] [queue] media message time 1.300000000745058 0 Promise @ http://localhost:8080/src/lib/logger.ts:106
[  228440ms] [LOG] %s [227.878] [CHAT] [BATCH-PROCESSOR-1] [queue] media message time 1.300000000745058 1 Promise @ http://localhost:8080/src/lib/logger.ts:106
[  228440ms] [LOG] %s [227.878] [CHAT] [BATCH-PROCESSOR-1] [queue] media message time 1.300000000745058 2 Promise @ http://localhost:8080/src/lib/logger.ts:106
[  228440ms] [LOG] %s [227.878] [CHAT] [BATCH-PROCESSOR-1] [queue] media message time 1.300000000745058 3 Promise @ http://localhost:8080/src/lib/logger.ts:106
[  228440ms] [LOG] %s [227.879] [CHAT] [BATCH-PROCESSOR-1] [queue] media message time 1.300000000745058 0 Promise @ http://localhost:8080/src/lib/logger.ts:106
[  228440ms] [LOG] %s [227.879] [CHAT] [BATCH-PROCESSOR-1] [queue] media message time 1.300000000745058 1 Promise @ http://localhost:8080/src/lib/logger.ts:106
[  228440ms] [LOG] %s [227.879] [CHAT] [BATCH-PROCESSOR-1] [queue] media message time 1.300000000745058 2 Promise @ http://localhost:8080/src/lib/logger.ts:106
[  228440ms] [LOG] %s [227.879] [CHAT] [BATCH-PROCESSOR-1] [queue] media message time 1.300000000745058 3 Promise @ http://localhost:8080/src/lib/logger.ts:106
[  228441ms] [LOG] %s [227.879] [CHAT] [BATCH-PROCESSOR-1] [queue] media message time 1.300000000745058 0 Promise @ http://localhost:8080/src/lib/logger.ts:106
[  228441ms] [LOG] %s [227.879] [CHAT] [BATCH-PROCESSOR-1] [queue] media message time 1.300000000745058 0 Promise @ http://localhost:8080/src/lib/logger.ts:106
[  228441ms] [LOG] %s [227.879] [CHAT] [BATCH-PROCESSOR-1] [queue] media message time 1.300000000745058 1 Promise @ http://localhost:8080/src/lib/logger.ts:106
[  228441ms] [LOG] %s [227.880] [CHAT] [BATCH-PROCESSOR-1] [queue] media message time 1.300000000745058 2 Promise @ http://localhost:8080/src/lib/logger.ts:106
[  228441ms] [LOG] %s [227.880] [CHAT] [BATCH-PROCESSOR-1] [queue] media message time 1.300000000745058 3 Promise @ http://localhost:8080/src/lib/logger.ts:106
[  228441ms] [LOG] %s [227.880] [CHAT] [BATCH-PROCESSOR-1] [queue] media message time 1.300000000745058 0 Promise @ http://localhost:8080/src/lib/logger.ts:106
[  228441ms] [LOG] %s [227.880] [CHAT] [BATCH-PROCESSOR-1] [queue] media message time 1.300000000745058 1 Promise @ http://localhost:8080/src/lib/logger.ts:106
[  228441ms] [LOG] %s [227.880] [CHAT] [BATCH-PROCESSOR-1] [queue] media message time 1.300000000745058 2 Promise @ http://localhost:8080/src/lib/logger.ts:106
[  228442ms] [LOG] %s [227.880] [CHAT] [BATCH-PROCESSOR-1] [queue] media message time 1.300000000745058 3 Promise @ http://localhost:8080/src/lib/logger.ts:106
[  228442ms] [LOG] %s [227.880] [CHAT] [BATCH-PROCESSOR-1] [queue] media message time 1.300000000745058 0 Promise @ http://localhost:8080/src/lib/logger.ts:106
[  228442ms] [LOG] %s [227.880] [CHAT] [BATCH-PROCESSOR-1] [queue] media message time 1.300000000745058 1 Promise @ http://localhost:8080/src/lib/logger.ts:106
[  228442ms] [LOG] %s [227.880] [CHAT] [BATCH-PROCESSOR-1] [queue] media message time 1.300000000745058 2 Promise @ http://localhost:8080/src/lib/logger.ts:106
[  228442ms] [LOG] %s [227.880] [CHAT] [BATCH-PROCESSOR-1] [queue] media message time 1.300000000745058 3 Promise @ http://localhost:8080/src/lib/logger.ts:106
[  228442ms] [LOG] %s [227.881] [CHAT] [BATCH-PROCESSOR-1] [queue] media message time 1.300000000745058 0 Promise @ http://localhost:8080/src/lib/logger.ts:106
[  228442ms] [LOG] %s [227.881] [CHAT] [BATCH-PROCESSOR-1] [queue] media message time 1.300000000745058 0 Promise @ http://localhost:8080/src/lib/logger.ts:106
[  228443ms] [LOG] %s [227.881] [CHAT] [BATCH-PROCESSOR-1] [queue] media message time 1.300000000745058 0 Promise @ http://localhost:8080/src/lib/logger.ts:106
[  228443ms] [LOG] %s [227.881] [CHAT] [BATCH-PROCESSOR-1] [queue] media message time 1.300000000745058 1 Promise @ http://localhost:8080/src/lib/logger.ts:106
[  228443ms] [LOG] %s [227.881] [CHAT] [BATCH-PROCESSOR-1] [queue] media message time 1.300000000745058 2 Promise @ http://localhost:8080/src/lib/logger.ts:106
[  228443ms] [LOG] %s [227.881] [CHAT] [BATCH-PROCESSOR-1] [queue] media message time 1.300000000745058 3 Promise @ http://localhost:8080/src/lib/logger.ts:106
[  228443ms] [LOG] %s [227.881] [CHAT] [BATCH-PROCESSOR-1] [queue] media message time 1.300000000745058 0 Promise @ http://localhost:8080/src/lib/logger.ts:106
[  228443ms] [LOG] %s [227.882] [CHAT] [BATCH-PROCESSOR-1] [queue] media message time 1.300000000745058 1 undefined @ http://localhost:8080/src/lib/logger.ts:106
[  228443ms] [LOG] %s [227.882] [CHAT] [BATCH-PROCESSOR-1] [queue] media message time 1.300000000745058 0 Promise @ http://localhost:8080/src/lib/logger.ts:106
[  228444ms] [LOG] %s [227.882] [CHAT] [BATCH-PROCESSOR-1] [queue] media message time 1.300000000745058 0 Promise @ http://localhost:8080/src/lib/logger.ts:106
[  228444ms] [LOG] %s [227.882] [CHAT] [BATCH-PROCESSOR-1] [queue] media message time 1.300000000745058 1 Promise @ http://localhost:8080/src/lib/logger.ts:106
[  228444ms] [LOG] %s [227.882] [CHAT] [BATCH-PROCESSOR-1] [queue] media message time 1.300000000745058 2 Promise @ http://localhost:8080/src/lib/logger.ts:106
[  228444ms] [LOG] %s [227.882] [CHAT] [BATCH-PROCESSOR-1] [queue] media message time 1.300000000745058 3 Promise @ http://localhost:8080/src/lib/logger.ts:106
[  228444ms] [LOG] %s [227.882] [CHAT] [BATCH-PROCESSOR-1] [queue] media message time 1.300000000745058 0 Promise @ http://localhost:8080/src/lib/logger.ts:106
[  228444ms] [LOG] %s [227.883] [CHAT] [BATCH-PROCESSOR-1] [queue] media message time 1.300000000745058 1 Promise @ http://localhost:8080/src/lib/logger.ts:106
[  228444ms] [LOG] %s [227.883] [CHAT] [BATCH-PROCESSOR-1] [queue] media message time 1.300000000745058 2 Promise @ http://localhost:8080/src/lib/logger.ts:106
[  228444ms] [LOG] %s [227.883] [CHAT] [BATCH-PROCESSOR-1] [queue] media message time 1.300000000745058 3 Promise @ http://localhost:8080/src/lib/logger.ts:106
[  228444ms] [LOG] %s [227.883] [CHAT] [BATCH-PROCESSOR-1] [queue] media message time 1.300000000745058 0 Promise @ http://localhost:8080/src/lib/logger.ts:106
[  228445ms] [LOG] %s [227.883] [CHAT] [BATCH-PROCESSOR-1] [queue] media message time 1.300000000745058 1 Promise @ http://localhost:8080/src/lib/logger.ts:106
[  228445ms] [LOG] %s [227.883] [CHAT] [BATCH-PROCESSOR-1] [queue] media message time 1.300000000745058 2 Promise @ http://localhost:8080/src/lib/logger.ts:106
[  228445ms] [LOG] %s [227.883] [CHAT] [BATCH-PROCESSOR-1] [queue] media message time 1.300000000745058 3 Promise @ http://localhost:8080/src/lib/logger.ts:106
[  228445ms] [LOG] %s [227.883] [CHAT] [BATCH-PROCESSOR-1] [queue] media message time 1.2000000001862645 0 Promise @ http://localhost:8080/src/lib/logger.ts:106
[  228445ms] [LOG] %s [227.884] [CHAT] [BATCH-PROCESSOR-1] [queue] media message time 1.2000000001862645 0 Promise @ http://localhost:8080/src/lib/logger.ts:106
[  228445ms] [LOG] %s [227.884] [CHAT] [BATCH-PROCESSOR-1] [queue] media message time 1.2000000001862645 0 Promise @ http://localhost:8080/src/lib/logger.ts:106
[  228445ms] [LOG] %s [227.884] [CHAT] [BATCH-PROCESSOR-1] [queue] media message time 1.2000000001862645 1 Promise @ http://localhost:8080/src/lib/logger.ts:106
[  228446ms] [LOG] %s [227.884] [CHAT] [BATCH-PROCESSOR-1] [queue] media message time 1.2000000001862645 0 Promise @ http://localhost:8080/src/lib/logger.ts:106
[  228446ms] [LOG] %s [227.884] [CHAT] [BATCH-PROCESSOR-1] [queue] media message time 1.2000000001862645 1 Promise @ http://localhost:8080/src/lib/logger.ts:106
[  228454ms] [LOG] %s [227.893] [CHAT] [BATCH-PROCESSOR-1] [queue] media message time 1.2000000001862645 0 Promise @ http://localhost:8080/src/lib/logger.ts:106
[  228454ms] [LOG] %s [227.893] [CHAT] [BATCH-PROCESSOR-1] [queue] media message time 17.700000000186265 1 Promise @ http://localhost:8080/src/lib/logger.ts:106
[  228455ms] [LOG] %s [227.893] [CHAT] [BATCH-PROCESSOR-1] [queue] media message time 1.2000000001862645 2 Promise @ http://localhost:8080/src/lib/logger.ts:106
[  228455ms] [LOG] %s [227.893] [CHAT] [BATCH-PROCESSOR-1] [queue] media message time 1.2000000001862645 3 Promise @ http://localhost:8080/src/lib/logger.ts:106
[  228460ms] [LOG] %s [227.899] [CHAT] [BATCH-PROCESSOR-1] [queue] media message time 1.300000000745058 0 Promise @ http://localhost:8080/src/lib/logger.ts:106
[  228460ms] [LOG] %s [227.899] [CHAT] [BATCH-PROCESSOR-1] [queue] media message time 23.40000000037253 1 Promise @ http://localhost:8080/src/lib/logger.ts:106
[  228460ms] [LOG] %s [227.899] [CHAT] [BATCH-PROCESSOR-1] [queue] media message time 1.300000000745058 2 Promise @ http://localhost:8080/src/lib/logger.ts:106
[  228460ms] [LOG] %s [227.899] [CHAT] [BATCH-PROCESSOR-1] [queue] media message time 23.40000000037253 3 Promise @ http://localhost:8080/src/lib/logger.ts:106
[  228461ms] [LOG] %s [227.899] [CHAT] [BATCH-PROCESSOR-1] [queue] media message time 1.300000000745058 0 Promise @ http://localhost:8080/src/lib/logger.ts:106
[  228461ms] [LOG] %s [227.899] [CHAT] [BATCH-PROCESSOR-1] [queue] media message time 24.200000000186265 1 Promise @ http://localhost:8080/src/lib/logger.ts:106
[  228461ms] [LOG] %s [227.900] [CHAT] [BATCH-PROCESSOR-1] [queue] media message time 1.300000000745058 0 Promise @ http://localhost:8080/src/lib/logger.ts:106
[  228461ms] [LOG] %s [227.900] [CHAT] [BATCH-PROCESSOR-1] [queue] media message time 1.300000000745058 1 Promise @ http://localhost:8080/src/lib/logger.ts:106
[  228462ms] [LOG] %s [227.900] [CHAT] [BATCH-PROCESSOR-1] [queue] media message time 1.300000000745058 2 Promise @ http://localhost:8080/src/lib/logger.ts:106
[  228462ms] [LOG] %s [227.900] [CHAT] [BATCH-PROCESSOR-1] [queue] media message time 24.600000000558794 3 Promise @ http://localhost:8080/src/lib/logger.ts:106
[  228462ms] [LOG] %s [227.901] [CHAT] [BATCH-PROCESSOR-1] [queue] media message time 1.300000000745058 0 Promise @ http://localhost:8080/src/lib/logger.ts:106
[  228462ms] [LOG] %s [227.901] [CHAT] [BATCH-PROCESSOR-1] [queue] media message time 1.300000000745058 1 Promise @ http://localhost:8080/src/lib/logger.ts:106
[  228462ms] [LOG] %s [227.901] [CHAT] [BATCH-PROCESSOR-1] [queue] media message time 1.300000000745058 2 Promise @ http://localhost:8080/src/lib/logger.ts:106
[  228462ms] [LOG] %s [227.901] [CHAT] [BATCH-PROCESSOR-1] [queue] media message time 25.40000000037253 3 Promise @ http://localhost:8080/src/lib/logger.ts:106
[  228463ms] [LOG] %s [227.901] [CHAT] [BATCH-PROCESSOR-1] [queue] media message time 1.300000000745058 0 Promise @ http://localhost:8080/src/lib/logger.ts:106
[  228463ms] [LOG] %s [227.901] [CHAT] [BATCH-PROCESSOR-1] [queue] media message time 1.300000000745058 1 Promise @ http://localhost:8080/src/lib/logger.ts:106
[  228463ms] [LOG] %s [227.901] [CHAT] [BATCH-PROCESSOR-1] [queue] media message time 26.100000000558794 2 Promise @ http://localhost:8080/src/lib/logger.ts:106
[  228464ms] [LOG] %s [227.902] [CHAT] [BATCH-PROCESSOR-1] [queue] media message time 1.300000000745058 0 Promise @ http://localhost:8080/src/lib/logger.ts:106
[  228464ms] [LOG] %s [227.902] [CHAT] [BATCH-PROCESSOR-1] [queue] media message time 26.800000000745058 1 Promise @ http://localhost:8080/src/lib/logger.ts:106
[  228464ms] [LOG] %s [227.902] [CHAT] [BATCH-PROCESSOR-1] [queue] media message time 26.800000000745058 2 Promise @ http://localhost:8080/src/lib/logger.ts:106
[  228464ms] [LOG] %s [227.902] [CHAT] [BATCH-PROCESSOR-1] [queue] media message time 26.90000000037253 3 Promise @ http://localhost:8080/src/lib/logger.ts:106
[  228464ms] [LOG] %s [227.903] [CHAT] [BATCH-PROCESSOR-1] [queue] media message time 1.2000000001862645 0 Promise @ http://localhost:8080/src/lib/logger.ts:106
[  228464ms] [LOG] %s [227.903] [CHAT] [BATCH-PROCESSOR-1] [queue] media message time 27.399999999441206 1 Promise @ http://localhost:8080/src/lib/logger.ts:106
[  228464ms] [LOG] %s [227.903] [CHAT] [BATCH-PROCESSOR-1] [queue] media message time 1.2000000001862645 2 Promise @ http://localhost:8080/src/lib/logger.ts:106
[  228465ms] [LOG] %s [227.903] [CHAT] [BATCH-PROCESSOR-1] [queue] media message time 1.2000000001862645 0 Promise @ http://localhost:8080/src/lib/logger.ts:106
[  228465ms] [LOG] %s [227.903] [CHAT] [BATCH-PROCESSOR-1] [queue] media message time 1.2000000001862645 1 Promise @ http://localhost:8080/src/lib/logger.ts:106
[  228465ms] [LOG] %s [227.903] [CHAT] [BATCH-PROCESSOR-1] [queue] media message time 1.2000000001862645 2 Promise @ http://localhost:8080/src/lib/logger.ts:106
[  228465ms] [LOG] %s [227.903] [CHAT] [BATCH-PROCESSOR-1] [queue] media message time 27.899999999441206 3 Promise @ http://localhost:8080/src/lib/logger.ts:106
[  228465ms] [LOG] %s [227.904] [CHAT] [BATCH-PROCESSOR-1] [queue] media message time 1.2000000001862645 0 Promise @ http://localhost:8080/src/lib/logger.ts:106
[  228465ms] [LOG] %s [227.904] [CHAT] [BATCH-PROCESSOR-1] [queue] media message time 1.2000000001862645 1 Promise @ http://localhost:8080/src/lib/logger.ts:106
[  228465ms] [LOG] %s [227.904] [CHAT] [BATCH-PROCESSOR-1] [queue] media message time 28.399999999441206 2 Promise @ http://localhost:8080/src/lib/logger.ts:106
[  228472ms] [LOG] %s [227.910] [CHAT] [BATCH-PROCESSOR-1] [queue] media message time 1.300000000745058 0 Promise @ http://localhost:8080/src/lib/logger.ts:106
[  228472ms] [LOG] %s [227.910] [CHAT] [BATCH-PROCESSOR-1] [queue] media message time 34.90000000037253 1 Promise @ http://localhost:8080/src/lib/logger.ts:106
[  228472ms] [LOG] %s [227.911] [CHAT] [BATCH-PROCESSOR-1] [queue] media message time 1.300000000745058 2 Promise @ http://localhost:8080/src/lib/logger.ts:106
[  228472ms] [LOG] %s [227.911] [CHAT] [BATCH-PROCESSOR-1] [queue] media message time 34.90000000037253 3 Promise @ http://localhost:8080/src/lib/logger.ts:106
[  228472ms] [LOG] %s [227.911] [CHAT] [BATCH-PROCESSOR-1] [queue] media message time 1.300000000745058 4 Promise @ http://localhost:8080/src/lib/logger.ts:106
[  228472ms] [LOG] %s [227.911] [CHAT] [BATCH-PROCESSOR-1] [queue] media message time 34.90000000037253 5 Promise @ http://localhost:8080/src/lib/logger.ts:106
[  228472ms] [LOG] %s [227.911] [CHAT] [BATCH-PROCESSOR-1] [queue] media message time 1.300000000745058 6 Promise @ http://localhost:8080/src/lib/logger.ts:106
[  228472ms] [LOG] %s [227.911] [CHAT] [BATCH-PROCESSOR-1] [queue] media message time 1.300000000745058 7 Promise @ http://localhost:8080/src/lib/logger.ts:106
[  228473ms] [LOG] %s [227.911] [CHAT] [BATCH-PROCESSOR-1] [queue] media message time 26.100000000558794 8 Promise @ http://localhost:8080/src/lib/logger.ts:106
[  228473ms] [LOG] %s [227.911] [CHAT] [BATCH-PROCESSOR-1] [queue] media message time 1.300000000745058 9 Promise @ http://localhost:8080/src/lib/logger.ts:106
[  228473ms] [LOG] %s [227.911] [CHAT] [BATCH-PROCESSOR-1] [queue] media message time 1.300000000745058 0 Promise @ http://localhost:8080/src/lib/logger.ts:106
[  228473ms] [LOG] %s [227.911] [CHAT] [BATCH-PROCESSOR-1] [queue] media message time 34.90000000037253 1 Promise @ http://localhost:8080/src/lib/logger.ts:106
[  228473ms] [LOG] %s [227.911] [CHAT] [BATCH-PROCESSOR-1] [queue] media message time 1.300000000745058 2 Promise @ http://localhost:8080/src/lib/logger.ts:106
[  228473ms] [LOG] %s [227.912] [CHAT] [BATCH-PROCESSOR-1] [queue] media message time 34.90000000037253 3 Promise @ http://localhost:8080/src/lib/logger.ts:106
[  228473ms] [LOG] %s [227.912] [CHAT] [BATCH-PROCESSOR-1] [queue] media message time 1.300000000745058 4 Promise @ http://localhost:8080/src/lib/logger.ts:106
[  228473ms] [LOG] %s [227.912] [CHAT] [BATCH-PROCESSOR-1] [queue] media message time 34.90000000037253 0 Promise @ http://localhost:8080/src/lib/logger.ts:106
[  228474ms] [LOG] %s [227.912] [CHAT] [BATCH-PROCESSOR-1] [queue] media message time 1.300000000745058 1 Promise @ http://localhost:8080/src/lib/logger.ts:106
[  228474ms] [LOG] %s [227.912] [CHAT] [BATCH-PROCESSOR-1] [queue] media message time 1.300000000745058 2 Promise @ http://localhost:8080/src/lib/logger.ts:106
[  228474ms] [LOG] %s [227.912] [CHAT] [BATCH-PROCESSOR-1] [queue] media message time 1.300000000745058 0 Promise @ http://localhost:8080/src/lib/logger.ts:106
[  228474ms] [LOG] %s [227.912] [CHAT] [BATCH-PROCESSOR-1] [queue] media message time 34.90000000037253 1 Promise @ http://localhost:8080/src/lib/logger.ts:106
[  228474ms] [LOG] %s [227.913] [CHAT] [BATCH-PROCESSOR-1] [queue] media message time 26.700000000186265 2 Promise @ http://localhost:8080/src/lib/logger.ts:106
[  228474ms] [LOG] %s [227.913] [CHAT] [BATCH-PROCESSOR-1] [queue] media message time 26.700000000186265 3 Promise @ http://localhost:8080/src/lib/logger.ts:106
[  228474ms] [LOG] %s [227.913] [CHAT] [BATCH-PROCESSOR-1] [queue] media message time 1.300000000745058 4 Promise @ http://localhost:8080/src/lib/logger.ts:106
[  228500ms] [LOG] %s [227.939] [CHAT] [BATCH-PROCESSOR-1] [queue] media message time 1.2000000001862645 0 Promise @ http://localhost:8080/src/lib/logger.ts:106
[  228501ms] [LOG] %s [227.939] [CHAT] [BATCH-PROCESSOR-1] [queue] media message time 17.700000000186265 1 Promise @ http://localhost:8080/src/lib/logger.ts:106
[  228501ms] [LOG] %s [227.939] [CHAT] [BATCH-PROCESSOR-1] [queue] media message time 63.60000000055879 2 Promise @ http://localhost:8080/src/lib/logger.ts:106
[  228501ms] [LOG] %s [227.939] [CHAT] [BATCH-PROCESSOR-1] [queue] media message time 1.2000000001862645 3 Promise @ http://localhost:8080/src/lib/logger.ts:106
[  228501ms] [LOG] %s [227.939] [CHAT] [BATCH-PROCESSOR-1] [queue] media message time 1.2000000001862645 4 Promise @ http://localhost:8080/src/lib/logger.ts:106
[  228508ms] [LOG] %s [227.947] [CHAT] [BATCH-PROCESSOR-1] [queue] media promises end @ http://localhost:8080/src/lib/logger.ts:106
[  228511ms] [LOG] %s [227.949] [CHAT] [BATCH-PROCESSOR-1] [queue] queue rendered @ http://localhost:8080/src/lib/logger.ts:106
[  228511ms] [LOG] %s [227.949] [CHAT] [BATCH-PROCESSOR-1] [queue] end @ http://localhost:8080/src/lib/logger.ts:106
[  228511ms] [LOG] %s [227.949] [CHAT--1395363861-chat] [perform-620] performHistoryResult end @ http://localhost:8080/src/lib/logger.ts:106
[  228511ms] [WARNING] %s [227.949] [CHAT] [setPeer] promise fulfilled @ http://localhost:8080/src/lib/logger.ts:126
[  228511ms] [WARNING] %s [227.949] [CHAT] [setPeer] finishing peer change @ http://localhost:8080/src/lib/logger.ts:126
[  228518ms] [LOG] %s [227.956] [CHAT] [handleBackgrounds] updating undefined undefined undefined @ http://localhost:8080/src/lib/logger.ts:106
[  228518ms] [WARNING] %s [227.956] [CHAT--1395363861-chat] [227.956] start topbar @ http://localhost:8080/src/lib/logger.ts:126
[  228518ms] [WARNING] %s [227.956] [CHAT--1395363861-chat] [227.956] start bubbles @ http://localhost:8080/src/lib/logger.ts:126
[  228518ms] [WARNING] %s [227.956] [CHAT--1395363861-chat] [227.956] start input @ http://localhost:8080/src/lib/logger.ts:126
[  228518ms] [WARNING] %s [227.957] [CHAT--1395363861-chat] [227.957] start sharedMedia @ http://localhost:8080/src/lib/logger.ts:126
[  228518ms] [WARNING] %s [227.957] [CHAT--1395363861-chat] [227.957] start backgrounds @ http://localhost:8080/src/lib/logger.ts:126
[  228518ms] [WARNING] %s [227.957] [CHAT--1395363861-chat] [227.957] end backgrounds 0.20000000018626451 @ http://localhost:8080/src/lib/logger.ts:126
[  228526ms] [WARNING] %s [227.964] [CHAT--1395363861-chat] [227.964] end sharedMedia 7.7999999998137355 @ http://localhost:8080/src/lib/logger.ts:126
[  228535ms] [WARNING] %s [227.973] [CHAT--1395363861-chat] [227.973] end bubbles 16.59999999962747 @ http://localhost:8080/src/lib/logger.ts:126
[  228535ms] [WARNING] %s [227.973] [CHAT--1395363861-chat] [227.973] end topbar 17.09999999962747 @ http://localhost:8080/src/lib/logger.ts:126
[  228535ms] [WARNING] %s [227.974] [CHAT--1395363861-chat] [227.974] end input 17.199999999254942 @ http://localhost:8080/src/lib/logger.ts:126
[  228535ms] [LOG] %s [227.974] [SEARCH-SUPER] load true -1327967885 {} @ http://localhost:8080/src/lib/logger.ts:106
[  228560ms] [LOG] %s [227.998] [SWIPE-HANDLER] remove listeners @ http://localhost:8080/src/lib/logger.ts:106
[  228560ms] [LOG] %s [227.998] [SWIPE-HANDLER] reset @ http://localhost:8080/src/lib/logger.ts:106
[  228560ms] [WARNING] %s [227.999] [CHAT] [setPeer] finished peer change @ http://localhost:8080/src/lib/logger.ts:126
[  228612ms] [LOG] %s [228.050] [PM] [setCorrectIndex] direction 0 mid 4294968433 @ http://localhost:8080/src/lib/logger.ts:106
[  228612ms] [LOG] %s [228.050] [PM] [getCurrentIndex] start 4294968433 true @ http://localhost:8080/src/lib/logger.ts:106
[  228612ms] [WARNING] %s [228.050] [CHAT] [setPeer] mounted chat true JSHandle@node 323.8999999994412 @ http://localhost:8080/src/lib/logger.ts:126
[  228613ms] [LOG] %s [228.051] [PM] handleFollowingPinnedMessage @ http://localhost:8080/src/lib/logger.ts:106
[  228649ms] [WARNING] %s [228.087] [NC] replace @ http://localhost:8080/src/lib/logger.ts:126
[  228649ms] [LOG] %s [228.088] [NC] [navigate] NavigateEvent NavigationHistoryEntry @ http://localhost:8080/src/lib/logger.ts:106
[  228651ms] [LOG] %s [228.090] [CHAT--1327967885-chat] will readHistory by maxId: 4294968446 @ http://localhost:8080/src/lib/logger.ts:106
[  228659ms] [LOG] %s [228.098] [CHAT] [setPeer] scrolledAllDown: false @ http://localhost:8080/src/lib/logger.ts:106
[  228661ms] [LOG] %s [228.099] [NOTIFICATIONS] cancel msg_1_-1327967885_4294968446 undefined @ http://localhost:8080/src/lib/logger.ts:106
[  228662ms] [LOG] %s [228.100] [IM] selectTab 1 1 @ http://localhost:8080/src/lib/logger.ts:106
[  228718ms] [LOG] %s [228.156] [PM] [setCorrectIndex] not needed 1 @ http://localhost:8080/src/lib/logger.ts:106
[  228852ms] [LOG] %s [228.291] [CHAT] [handleBackgrounds] updating Proxy(Object) undefined undefined @ http://localhost:8080/src/lib/logger.ts:106
[  228854ms] [LOG] %s [228.292] [CHAT] [handleBackgrounds] updating Proxy(Object) undefined undefined @ http://localhost:8080/src/lib/logger.ts:106
[  228855ms] [LOG] %s [228.293] [CHAT--1395363861-chat] [sponsored-274] sponsored messages: {_: messages.sponsoredMessages, pFlags: Object, posts_between: 10, messages: Array(2), chats: Array(2)} @ http://localhost:8080/src/lib/logger.ts:106
[  229260ms] [LOG] %s [228.698] [PM] setPinnedMessage: fromTop false 0 0 @ http://localhost:8080/src/lib/logger.ts:106
[  229294ms] [LOG] %s [228.733] [PM] [getCurrentIndex] result 4294968433 {count: 5, history: Array(5), isEnd: Object, offsetIdOffset: 1, messages: undefined} 1 0 true true @ http://localhost:8080/src/lib/logger.ts:106
[  229295ms] [LOG] %s [228.733] [PM] handleFollowingPinnedMessage: unlock @ http://localhost:8080/src/lib/logger.ts:106
[  229369ms] [LOG] %s [228.808] [CS] connecting false @ http://localhost:8080/src/lib/logger.ts:106
[  229369ms] [LOG] %s [228.808] [CS] setState false @ http://localhost:8080/src/lib/logger.ts:106
[  229385ms] [LOG] %s [228.823] [PM] [setCorrectIndex] direction 1 mid 4294968447 @ http://localhost:8080/src/lib/logger.ts:106
[  229397ms] [LOG] %s [228.835] [PM] setPinnedMessage: fromTop true 1 0 @ http://localhost:8080/src/lib/logger.ts:106
[  229724ms] [LOG] %s [229.162] [CS] connecting false @ http://localhost:8080/src/lib/logger.ts:106
[  229724ms] [LOG] %s [229.162] [CS] setState false @ http://localhost:8080/src/lib/logger.ts:106
[  229858ms] [LOG] %s [229.296] [SEARCH-SUPER] load true -1327967885 {media: null} @ http://localhost:8080/src/lib/logger.ts:106
[  229987ms] [LOG] %s [229.425] [CS] connecting false @ http://localhost:8080/src/lib/logger.ts:106
[  229987ms] [LOG] %s [229.425] [CS] setState false @ http://localhost:8080/src/lib/logger.ts:106
[  230394ms] [LOG] %s [229.833] [CS] setState: isShown: false @ http://localhost:8080/src/lib/logger.ts:106
[  230516ms] [LOG] %s [229.955] [DIALOGS] dialogs click list @ http://localhost:8080/src/lib/logger.ts:106
[  230533ms] [LOG] %s [229.972] [CHAT--2096687198-chat] [VIEWPORT-SLICE] will slice top [Object, Object, Object, Object, Object, Object, Object, Object, Object, Object, Object, Object, Object, Object, Object] @ http://localhost:8080/src/lib/logger.ts:106
[  230534ms] [LOG] %s [229.972] [CHAT--2096687198-chat] [VIEWPORT-SLICE] will slice bottom [Object, Object, Object, Object, Object, Object, Object, Object, Object, Object, Object, Object, Object, Object, Object] @ http://localhost:8080/src/lib/logger.ts:106
[  230534ms] [LOG] %s [229.973] [CHAT--2096687198-chat] [VIEWPORT-SLICE] slicing mids [-1327967885_4294968425, -1327967885_4294968426, -1327967885_4294968427, -1327967885_4294968428, -1327967885_4294968429, -1327967885_4294968430, -1327967885_4294968431, -1327967885_4294968432, -1327967885_4294968433, -1327967885_4294968434, -1327967885_4294968460, -1327967885_4294968461, -1327967885_4294968462, -1327967885_4294968463, -1327967885_4294968464] @ http://localhost:8080/src/lib/logger.ts:106
[  230539ms] [LOG] %s [229.977] [IM] saved chat position: {mids: Array(22), top: 5203, pinnedMessages: Object} @ http://localhost:8080/src/lib/logger.ts:106
[  230539ms] [WARNING] %s [229.978] [CHAT] [setPeer] start @ http://localhost:8080/src/lib/logger.ts:126
[  230539ms] [WARNING] %s [229.978] [CHAT--1327967885-chat] [229.978] start noForwards @ http://localhost:8080/src/lib/logger.ts:126
[  230539ms] [WARNING] %s [229.978] [CHAT--1327967885-chat] [229.978] start isRestricted @ http://localhost:8080/src/lib/logger.ts:126
[  230539ms] [WARNING] %s [229.978] [CHAT--1327967885-chat] [229.978] start isLikeGroup @ http://localhost:8080/src/lib/logger.ts:126
[  230540ms] [WARNING] %s [229.978] [CHAT--1327967885-chat] [229.978] start isRealGroup @ http://localhost:8080/src/lib/logger.ts:126
[  230540ms] [WARNING] %s [229.978] [CHAT--1327967885-chat] [229.978] start isMegagroup @ http://localhost:8080/src/lib/logger.ts:126
[  230540ms] [WARNING] %s [229.978] [CHAT--1327967885-chat] [229.978] start isBroadcast @ http://localhost:8080/src/lib/logger.ts:126
[  230540ms] [WARNING] %s [229.978] [CHAT--1327967885-chat] [229.978] start isChannel @ http://localhost:8080/src/lib/logger.ts:126
[  230540ms] [WARNING] %s [229.978] [CHAT--1327967885-chat] [229.978] start isBot @ http://localhost:8080/src/lib/logger.ts:126
[  230540ms] [WARNING] %s [229.978] [CHAT--1327967885-chat] [229.978] start isAnonymousSending @ http://localhost:8080/src/lib/logger.ts:126
[  230540ms] [WARNING] %s [229.979] [CHAT--1327967885-chat] [229.979] start isPremiumRequired @ http://localhost:8080/src/lib/logger.ts:126
[  230540ms] [WARNING] %s [229.979] [CHAT--1327967885-chat] [229.979] start starsAmount @ http://localhost:8080/src/lib/logger.ts:126
[  230540ms] [WARNING] %s [229.979] [CHAT--1327967885-chat] [229.979] start canManageDirectMessages @ http://localhost:8080/src/lib/logger.ts:126
[  230540ms] [WARNING] %s [229.979] [CHAT--1327967885-chat] [229.979] end isPremiumRequired 0.30000000074505806 @ http://localhost:8080/src/lib/logger.ts:126
[  230549ms] [WARNING] %s [229.988] [CHAT--1327967885-chat] [229.988] end noForwards 9.900000000372529 @ http://localhost:8080/src/lib/logger.ts:126
[  230549ms] [WARNING] %s [229.988] [CHAT--1327967885-chat] [229.988] end isRestricted 9.899999999441206 @ http://localhost:8080/src/lib/logger.ts:126
[  230549ms] [WARNING] %s [229.988] [CHAT--1327967885-chat] [229.988] end isRealGroup 9.800000000745058 @ http://localhost:8080/src/lib/logger.ts:126
[  230549ms] [WARNING] %s [229.988] [CHAT--1327967885-chat] [229.988] end isMegagroup 9.799999999813735 @ http://localhost:8080/src/lib/logger.ts:126
[  230550ms] [WARNING] %s [229.988] [CHAT--1327967885-chat] [229.988] end isBroadcast 9.799999999813735 @ http://localhost:8080/src/lib/logger.ts:126
[  230550ms] [WARNING] %s [229.988] [CHAT--1327967885-chat] [229.988] end isChannel 9.799999999813735 @ http://localhost:8080/src/lib/logger.ts:126
[  230550ms] [WARNING] %s [229.988] [CHAT--1327967885-chat] [229.988] end isBot 9.799999999813735 @ http://localhost:8080/src/lib/logger.ts:126
[  230550ms] [WARNING] %s [229.988] [CHAT--1327967885-chat] [229.988] end isAnonymousSending 9.700000000186265 @ http://localhost:8080/src/lib/logger.ts:126
[  230550ms] [WARNING] %s [229.988] [CHAT--1327967885-chat] [229.988] end starsAmount 9.599999999627471 @ http://localhost:8080/src/lib/logger.ts:126
[  230550ms] [WARNING] %s [229.988] [CHAT--1327967885-chat] [229.988] end canManageDirectMessages 9.600000000558794 @ http://localhost:8080/src/lib/logger.ts:126
[  230550ms] [WARNING] %s [229.988] [CHAT--1327967885-chat] [229.988] end isLikeGroup 10.5 @ http://localhost:8080/src/lib/logger.ts:126
[  230565ms] [LOG] %s [230.003] [CHAT] [setPeer] setPeer peerId: -2067219984 Proxy(Object) -2067219984_4295644694 -2067219984_4295721844 @ http://localhost:8080/src/lib/logger.ts:106
[  230565ms] [LOG] %s [230.004] [CHAT--1327967885-chat] cleanup @ http://localhost:8080/src/lib/logger.ts:106
[  230565ms] [LOG] %s [230.004] [CHAT] [BATCH-PROCESSOR-1] clear @ http://localhost:8080/src/lib/logger.ts:106
[  230572ms] [LOG] %s [230.011] [CHAT--1327967885-chat] i vin brehnya {cached: true, result: Promise} -2067219984_4295644694 17 17 @ http://localhost:8080/src/lib/logger.ts:106
[  230573ms] [WARNING] %s [230.011] [CHAT] [setPeer] got history @ http://localhost:8080/src/lib/logger.ts:126
[  230573ms] [LOG] %s [230.011] [CHAT--1327967885-chat] [perform-773] start null {count: 415137, history: Array(34), isEnd: Object, offsetIdOffset: 25, messages: undefined} @ http://localhost:8080/src/lib/logger.ts:106
[  230573ms] [LOG] %s [230.012] [CHAT] [BATCH-PROCESSOR-1] [queue] setting pause @ http://localhost:8080/src/lib/logger.ts:106
[  230583ms] [LOG] %s [230.022] [CHAT] [BATCH-PROCESSOR-1] [queue] start 34 @ http://localhost:8080/src/lib/logger.ts:106
[  230590ms] [LOG] %s [230.028] [CHAT] [BATCH-PROCESSOR-1] [queue] render item time 6.2000000001862645 {bubble: div.bubble.is-in.can-have-tail, promises: Array(1), message: Object, reverse: true, updatePosition: true} @ http://localhost:8080/src/lib/logger.ts:106
[  230590ms] [LOG] %s [230.029] [CHAT] [BATCH-PROCESSOR-1] [queue] render item time 6.7999999998137355 {bubble: div.bubble.is-in.can-have-tail, promises: Array(1), message: Object, reverse: true, updatePosition: true} @ http://localhost:8080/src/lib/logger.ts:106
[  230590ms] [LOG] %s [230.029] [CHAT] [BATCH-PROCESSOR-1] [queue] render item time 6.900000000372529 {bubble: div.bubble.is-in.can-have-tail, promises: Array(1), message: Object, reverse: true, updatePosition: true} @ http://localhost:8080/src/lib/logger.ts:106
[  230590ms] [LOG] %s [230.029] [CHAT] [BATCH-PROCESSOR-1] [queue] render item time 7 {bubble: div.bubble.is-in.can-have-tail, promises: Array(1), message: Object, reverse: true, updatePosition: true} @ http://localhost:8080/src/lib/logger.ts:106
[  230590ms] [LOG] %s [230.029] [CHAT] [BATCH-PROCESSOR-1] [queue] render item time 7.1000000005587935 {bubble: div.bubble.is-in.can-have-tail, promises: Array(1), message: Object, reverse: true, updatePosition: true} @ http://localhost:8080/src/lib/logger.ts:106
[  230590ms] [LOG] %s [230.029] [CHAT] [BATCH-PROCESSOR-1] [queue] render item time 7.2000000001862645 {bubble: div.bubble.is-in.can-have-tail, promises: Array(1), message: Object, reverse: true, updatePosition: true} @ http://localhost:8080/src/lib/logger.ts:106
[  230591ms] [LOG] %s [230.029] [CHAT] [BATCH-PROCESSOR-1] [queue] render item time 7.2999999998137355 {bubble: div.bubble.is-in.can-have-tail, promises: Array(1), message: Object, reverse: true, updatePosition: true} @ http://localhost:8080/src/lib/logger.ts:106
[  230591ms] [LOG] %s [230.029] [CHAT] [BATCH-PROCESSOR-1] [queue] render item time 7.2999999998137355 {bubble: div.bubble.hide-name.video.has-plain-media-tail.is-message-empty.has-floating-time.is-in.can-have-t…, promises: Array(1), message: Object, reverse: true, updatePosition: true} @ http://localhost:8080/src/lib/logger.ts:106
[  230591ms] [LOG] %s [230.029] [CHAT] [BATCH-PROCESSOR-1] [queue] render item time 7.400000000372529 {bubble: div.bubble.hide-name.photo.has-plain-media-tail.is-message-empty.has-floating-time.is-in.can-have-t…, promises: Array(1), message: Object, reverse: true, updatePosition: true} @ http://localhost:8080/src/lib/logger.ts:106
[  230591ms] [LOG] %s [230.029] [CHAT] [BATCH-PROCESSOR-1] [queue] render item time 7.5 {bubble: div.bubble.hide-name.photo.has-plain-media-tail.is-message-empty.has-floating-time.is-in.can-have-t…, promises: Array(1), message: Object, reverse: true, updatePosition: true} @ http://localhost:8080/src/lib/logger.ts:106
[  230591ms] [LOG] %s [230.029] [CHAT] [BATCH-PROCESSOR-1] [queue] render item time 7.6000000005587935 {bubble: div.bubble.hide-name.photo.has-plain-media-tail.is-message-empty.has-floating-time.is-in.can-have-t…, promises: Array(1), message: Object, reverse: true, updatePosition: true} @ http://localhost:8080/src/lib/logger.ts:106
[  230591ms] [LOG] %s [230.029] [CHAT] [BATCH-PROCESSOR-1] [queue] render item time 7.7999999998137355 {bubble: div.bubble.hide-name.photo.has-plain-media-tail.is-message-empty.has-floating-time.is-in.can-have-t…, promises: Array(1), message: Object, reverse: true, updatePosition: true} @ http://localhost:8080/src/lib/logger.ts:106
[  230591ms] [LOG] %s [230.030] [CHAT] [BATCH-PROCESSOR-1] [queue] render item time 7.7999999998137355 {bubble: div.bubble.hide-name.video.has-plain-media-tail.is-message-empty.has-floating-time.is-in.can-have-t…, promises: Array(1), message: Object, reverse: true, updatePosition: true} @ http://localhost:8080/src/lib/logger.ts:106
[  230591ms] [LOG] %s [230.030] [CHAT] [BATCH-PROCESSOR-1] [queue] render item time 7.900000000372529 {bubble: div.bubble.hide-name.photo.has-plain-media-tail.is-message-empty.has-floating-time.is-in.can-have-t…, promises: Array(1), message: Object, reverse: true, updatePosition: true} @ http://localhost:8080/src/lib/logger.ts:106
[  230591ms] [LOG] %s [230.030] [CHAT] [BATCH-PROCESSOR-1] [queue] render item time 8 {bubble: div.bubble.hide-name.video.has-plain-media-tail.is-message-empty.has-floating-time.is-in.can-have-t…, promises: Array(1), message: Object, reverse: true, updatePosition: true} @ http://localhost:8080/src/lib/logger.ts:106
[  230591ms] [LOG] %s [230.030] [CHAT] [BATCH-PROCESSOR-1] [queue] render item time 8.100000000558794 {bubble: div.bubble.hide-name.photo.has-plain-media-tail.is-message-empty.has-floating-time.is-in.can-have-t…, promises: Array(1), message: Object, reverse: true, updatePosition: true} @ http://localhost:8080/src/lib/logger.ts:106
[  230603ms] [LOG] %s [230.042] [CHAT] [BATCH-PROCESSOR-1] [queue] render item time 19.700000000186265 {bubble: div.bubble.hide-name.video.has-plain-media-tail.is-message-empty.has-floating-time.is-in.can-have-t…, promises: Array(1), message: Object, reverse: true, updatePosition: true} @ http://localhost:8080/src/lib/logger.ts:106
[  230603ms] [LOG] %s [230.042] [CHAT] [BATCH-PROCESSOR-1] [queue] render item time 20 {bubble: div.bubble.hide-name.photo.has-plain-media-tail.is-message-empty.has-floating-time.is-in.can-have-t…, promises: Array(1), message: Object, reverse: true, updatePosition: true} @ http://localhost:8080/src/lib/logger.ts:106
[  230603ms] [LOG] %s [230.042] [CHAT] [BATCH-PROCESSOR-1] [queue] render item time 20.200000000186265 {bubble: div.bubble.is-in.can-have-tail, promises: Array(1), message: Object, reverse: true, updatePosition: true} @ http://localhost:8080/src/lib/logger.ts:106
[  230604ms] [LOG] %s [230.042] [CHAT] [BATCH-PROCESSOR-1] [queue] render item time 20.299999999813735 {bubble: div.bubble.is-in.can-have-tail, promises: Array(1), message: Object, reverse: true, updatePosition: true} @ http://localhost:8080/src/lib/logger.ts:106
[  230604ms] [LOG] %s [230.042] [CHAT] [BATCH-PROCESSOR-1] [queue] render item time 20.40000000037253 {bubble: div.bubble.is-in.can-have-tail, promises: Array(1), message: Object, reverse: true, updatePosition: true} @ http://localhost:8080/src/lib/logger.ts:106
[  230604ms] [LOG] %s [230.042] [CHAT] [BATCH-PROCESSOR-1] [queue] render item time 20.40000000037253 {bubble: div.bubble.is-in.can-have-tail, promises: Array(1), message: Object, reverse: true, updatePosition: true} @ http://localhost:8080/src/lib/logger.ts:106
[  230604ms] [LOG] %s [230.042] [CHAT] [BATCH-PROCESSOR-1] [queue] render item time 20.5 {bubble: div.bubble.is-in.can-have-tail, promises: Array(1), message: Object, reverse: true, updatePosition: true} @ http://localhost:8080/src/lib/logger.ts:106
[  230604ms] [LOG] %s [230.042] [CHAT] [BATCH-PROCESSOR-1] [queue] render item time 20.600000000558794 {bubble: div.bubble.is-in.can-have-tail, promises: Array(1), message: Object, reverse: true, updatePosition: true} @ http://localhost:8080/src/lib/logger.ts:106
[  230604ms] [LOG] %s [230.042] [CHAT] [BATCH-PROCESSOR-1] [queue] render item time 20.700000000186265 {bubble: div.bubble.is-in.can-have-tail, promises: Array(1), message: Object, reverse: true, updatePosition: true} @ http://localhost:8080/src/lib/logger.ts:106
[  230604ms] [LOG] %s [230.043] [CHAT] [BATCH-PROCESSOR-1] [queue] render item time 20.799999999813735 {bubble: div.bubble.is-in.can-have-tail, promises: Array(1), message: Object, reverse: true, updatePosition: true} @ http://localhost:8080/src/lib/logger.ts:106
[  230604ms] [LOG] %s [230.043] [CHAT] [BATCH-PROCESSOR-1] [queue] render item time 20.799999999813735 {bubble: div.bubble.is-in.can-have-tail, promises: Array(1), message: Object, reverse: true, updatePosition: true} @ http://localhost:8080/src/lib/logger.ts:106
[  230604ms] [LOG] %s [230.043] [CHAT] [BATCH-PROCESSOR-1] [queue] render item time 20.90000000037253 {bubble: div.bubble.has-webpage.single-media.photo.is-square-photo.is-in.can-have-tail, promises: Array(2), message: Object, reverse: true, updatePosition: true} @ http://localhost:8080/src/lib/logger.ts:106
[  230604ms] [LOG] %s [230.043] [CHAT] [BATCH-PROCESSOR-1] [queue] render item time 21.100000000558794 {bubble: div.bubble.is-in.can-have-tail, promises: Array(1), message: Object, reverse: true, updatePosition: true} @ http://localhost:8080/src/lib/logger.ts:106
[  230604ms] [LOG] %s [230.043] [CHAT] [BATCH-PROCESSOR-1] [queue] render item time 21.100000000558794 {bubble: div.bubble.is-in.can-have-tail, promises: Array(1), message: Object, reverse: true, updatePosition: true} @ http://localhost:8080/src/lib/logger.ts:106
[  230604ms] [LOG] %s [230.043] [CHAT] [BATCH-PROCESSOR-1] [queue] render item time 21.200000000186265 {bubble: div.bubble.is-in.can-have-tail, promises: Array(1), message: Object, reverse: true, updatePosition: true} @ http://localhost:8080/src/lib/logger.ts:106
[  230605ms] [LOG] %s [230.043] [CHAT] [BATCH-PROCESSOR-1] [queue] render item time 21.299999999813735 {bubble: div.bubble.is-in.can-have-tail, promises: Array(1), message: Object, reverse: true, updatePosition: true} @ http://localhost:8080/src/lib/logger.ts:106
[  230605ms] [LOG] %s [230.043] [CHAT] [BATCH-PROCESSOR-1] [queue] render item time 21.40000000037253 {bubble: div.bubble.sticker.is-message-empty.has-floating-time.just-media.is-reply.hide-name.is-in, promises: Array(1), message: Object, reverse: true, updatePosition: true} @ http://localhost:8080/src/lib/logger.ts:106
[  230605ms] [LOG] %s [230.044] [SWIPE-HANDLER] reset @ http://localhost:8080/src/lib/logger.ts:106
[  230605ms] [LOG] %s [230.044] [SWIPE-HANDLER] reset @ http://localhost:8080/src/lib/logger.ts:106
[  230605ms] [LOG] %s [230.044] [SWIPE-HANDLER] reset @ http://localhost:8080/src/lib/logger.ts:106
[  230612ms] [LOG] %s [230.051] [CS] connecting false @ http://localhost:8080/src/lib/logger.ts:106
[  230613ms] [LOG] %s [230.051] [CS] setState false @ http://localhost:8080/src/lib/logger.ts:106
[  230613ms] [LOG] %s [230.052] [CHAT] [BATCH-PROCESSOR-1] [queue] render item time 30 {bubble: div.bubble.emoji-big.can-have-big-emoji.sticker.sticker-animated.is-message-empty.has-floating-time…, promises: Array(1), message: Object, reverse: true, updatePosition: true} @ http://localhost:8080/src/lib/logger.ts:106
[  230614ms] [LOG] %s [230.052] [CHAT] [BATCH-PROCESSOR-1] [queue] messages rendered @ http://localhost:8080/src/lib/logger.ts:106
[  230619ms] [LOG] %s [230.058] [CHAT] [BATCH-PROCESSOR-1] [queue] changed ends true false @ http://localhost:8080/src/lib/logger.ts:106
[  230620ms] [LOG] %s [230.058] [CHAT] [BATCH-PROCESSOR-1] [queue] media promises to call [Promise, Promise, Promise, Promise, Promise, Promise, Promise, Promise, Promise, Promise, Promise, Promise, Promise, Promise, Promise, Promise, Promise, Promise, Promise, Promise, Promise, Promise, Promise, Promise, Promise, Promise, Promise, Promise, Promise, Promise, Promise, Promise, Promise, Promise, Promise, Promise, Promise, Promise, Promise, Promise, Promise, Promise, Promise, Promise, Promise, Promise, Promise, Promise, Promise, Promise, Promise, Promise, Promise] [Object, Object, Object, Object, Object, Object, Object, Object, Object, Object, Object, Object, Object, Object, Object, Object, Object, Object, Object, Object, Object, Object, Object, Object, Object, Object, Object, Object, Object, Object, Object, Object, Object, Object] false @ http://localhost:8080/src/lib/logger.ts:106
[  230623ms] [LOG] %s [230.061] [CHAT] [BATCH-PROCESSOR-1] [queue] media message time 2.5 0 Promise @ http://localhost:8080/src/lib/logger.ts:106
[  230623ms] [LOG] %s [230.061] [CHAT] [BATCH-PROCESSOR-1] [queue] media message time 2.5 0 Promise @ http://localhost:8080/src/lib/logger.ts:106
[  230623ms] [LOG] %s [230.062] [CHAT] [BATCH-PROCESSOR-1] [queue] media message time 2.5 0 Promise @ http://localhost:8080/src/lib/logger.ts:106
[  230623ms] [LOG] %s [230.062] [CHAT] [BATCH-PROCESSOR-1] [queue] media message time 2.5 0 Promise @ http://localhost:8080/src/lib/logger.ts:106
[  230624ms] [LOG] %s [230.062] [CHAT] [BATCH-PROCESSOR-1] [queue] media message time 2.5 0 Promise @ http://localhost:8080/src/lib/logger.ts:106
[  230624ms] [LOG] %s [230.062] [CHAT] [BATCH-PROCESSOR-1] [queue] media message time 2.5 0 Promise @ http://localhost:8080/src/lib/logger.ts:106
[  230624ms] [LOG] %s [230.063] [CHAT] [BATCH-PROCESSOR-1] [queue] media message time 2.5 0 Promise @ http://localhost:8080/src/lib/logger.ts:106
[  230624ms] [LOG] %s [230.063] [CHAT] [BATCH-PROCESSOR-1] [queue] media message time 2.5 0 Promise @ http://localhost:8080/src/lib/logger.ts:106
[  230625ms] [LOG] %s [230.063] [CHAT] [BATCH-PROCESSOR-1] [queue] media message time 2.5 0 Promise @ http://localhost:8080/src/lib/logger.ts:106
[  230625ms] [LOG] %s [230.063] [CHAT] [BATCH-PROCESSOR-1] [queue] media message time 2.5 0 Promise @ http://localhost:8080/src/lib/logger.ts:106
[  230625ms] [LOG] %s [230.064] [CHAT] [BATCH-PROCESSOR-1] [queue] media message time 2.5 0 Promise @ http://localhost:8080/src/lib/logger.ts:106
[  230625ms] [LOG] %s [230.064] [CHAT] [BATCH-PROCESSOR-1] [queue] media message time 2.5 0 Promise @ http://localhost:8080/src/lib/logger.ts:106
[  230625ms] [LOG] %s [230.064] [CHAT] [BATCH-PROCESSOR-1] [queue] media message time 2.5 0 Promise @ http://localhost:8080/src/lib/logger.ts:106
[  230626ms] [LOG] %s [230.064] [CHAT] [BATCH-PROCESSOR-1] [queue] media message time 2.5 0 Promise @ http://localhost:8080/src/lib/logger.ts:106
[  230626ms] [LOG] %s [230.064] [CHAT] [BATCH-PROCESSOR-1] [queue] media message time 2.5 0 Promise @ http://localhost:8080/src/lib/logger.ts:106
[  230626ms] [LOG] %s [230.065] [CHAT] [BATCH-PROCESSOR-1] [queue] media message time 2.5 0 Promise @ http://localhost:8080/src/lib/logger.ts:106
[  230626ms] [LOG] %s [230.065] [CHAT] [BATCH-PROCESSOR-1] [queue] media message time 2.5 0 Promise @ http://localhost:8080/src/lib/logger.ts:106
[  230627ms] [LOG] %s [230.065] [CHAT] [BATCH-PROCESSOR-1] [queue] media message time 2.5 0 Promise @ http://localhost:8080/src/lib/logger.ts:106
[  230627ms] [LOG] %s [230.065] [CHAT] [BATCH-PROCESSOR-1] [queue] media message time 2.5 0 Promise @ http://localhost:8080/src/lib/logger.ts:106
[  230627ms] [LOG] %s [230.066] [CHAT] [BATCH-PROCESSOR-1] [queue] media message time 2.5 0 Promise @ http://localhost:8080/src/lib/logger.ts:106
[  230627ms] [LOG] %s [230.066] [CHAT] [BATCH-PROCESSOR-1] [queue] media message time 2.5 0 Promise @ http://localhost:8080/src/lib/logger.ts:106
[  230627ms] [LOG] %s [230.066] [CHAT] [BATCH-PROCESSOR-1] [queue] media message time 2.5 0 Promise @ http://localhost:8080/src/lib/logger.ts:106
[  230628ms] [LOG] %s [230.066] [CHAT] [BATCH-PROCESSOR-1] [queue] media message time 2.5 0 Promise @ http://localhost:8080/src/lib/logger.ts:106
[  230628ms] [LOG] %s [230.066] [CHAT] [BATCH-PROCESSOR-1] [queue] media message time 2.5 0 Promise @ http://localhost:8080/src/lib/logger.ts:106
[  230628ms] [LOG] %s [230.067] [CHAT] [BATCH-PROCESSOR-1] [queue] media message time 2.5 0 Promise @ http://localhost:8080/src/lib/logger.ts:106
[  230628ms] [LOG] %s [230.067] [CHAT] [BATCH-PROCESSOR-1] [queue] media message time 2.5 0 Promise @ http://localhost:8080/src/lib/logger.ts:106
[  230629ms] [LOG] %s [230.067] [CHAT] [BATCH-PROCESSOR-1] [queue] media message time 2.5 0 Promise @ http://localhost:8080/src/lib/logger.ts:106
[  230629ms] [LOG] %s [230.067] [CHAT] [BATCH-PROCESSOR-1] [queue] media message time 2.5 0 Promise @ http://localhost:8080/src/lib/logger.ts:106
[  230629ms] [LOG] %s [230.067] [CHAT] [BATCH-PROCESSOR-1] [queue] media message time 2.5 0 Promise @ http://localhost:8080/src/lib/logger.ts:106
[  230629ms] [LOG] %s [230.068] [CHAT] [BATCH-PROCESSOR-1] [queue] media message time 2.5 0 Promise @ http://localhost:8080/src/lib/logger.ts:106
[  230629ms] [LOG] %s [230.068] [CHAT] [BATCH-PROCESSOR-1] [queue] media message time 2.5 0 Promise @ http://localhost:8080/src/lib/logger.ts:106
[  230631ms] [LOG] %s [230.070] [CHAT] [BATCH-PROCESSOR-1] [queue] media message time 11.299999999813735 0 Promise @ http://localhost:8080/src/lib/logger.ts:106
[  230631ms] [LOG] %s [230.070] [CHAT] [BATCH-PROCESSOR-1] [queue] media message time 11.299999999813735 0 Promise @ http://localhost:8080/src/lib/logger.ts:106
[  230632ms] [LOG] %s [230.070] [CHAT] [BATCH-PROCESSOR-1] [queue] media message time 2.5 0 Promise @ http://localhost:8080/src/lib/logger.ts:106
[  230632ms] [LOG] %s [230.070] [CHAT] [BATCH-PROCESSOR-1] [queue] media message time 11.299999999813735 1 Promise @ http://localhost:8080/src/lib/logger.ts:106
[  230641ms] [LOG] %s [230.079] [CHAT] [BATCH-PROCESSOR-1] [queue] media promises end @ http://localhost:8080/src/lib/logger.ts:106
[  230641ms] [LOG] %s [230.080] [CHAT] [BATCH-PROCESSOR-1] [queue] queue rendered @ http://localhost:8080/src/lib/logger.ts:106
[  230641ms] [LOG] %s [230.080] [CHAT] [BATCH-PROCESSOR-1] [queue] end @ http://localhost:8080/src/lib/logger.ts:106
[  230641ms] [LOG] %s [230.080] [CHAT--1327967885-chat] [perform-773] performHistoryResult end @ http://localhost:8080/src/lib/logger.ts:106
[  230642ms] [WARNING] %s [230.080] [CHAT] [setPeer] promise fulfilled @ http://localhost:8080/src/lib/logger.ts:126
[  230642ms] [WARNING] %s [230.080] [CHAT] [setPeer] finishing peer change @ http://localhost:8080/src/lib/logger.ts:126
[  230647ms] [LOG] %s [230.086] [CHAT] [handleBackgrounds] updating undefined undefined undefined @ http://localhost:8080/src/lib/logger.ts:106
[  230647ms] [WARNING] %s [230.086] [CHAT--1327967885-chat] [230.086] start topbar @ http://localhost:8080/src/lib/logger.ts:126
[  230647ms] [WARNING] %s [230.086] [CHAT--1327967885-chat] [230.086] start bubbles @ http://localhost:8080/src/lib/logger.ts:126
[  230647ms] [WARNING] %s [230.086] [CHAT--1327967885-chat] [230.086] start input @ http://localhost:8080/src/lib/logger.ts:126
[  230648ms] [WARNING] %s [230.086] [CHAT--1327967885-chat] [230.086] start sharedMedia @ http://localhost:8080/src/lib/logger.ts:126
[  230648ms] [WARNING] %s [230.086] [CHAT--1327967885-chat] [230.086] start backgrounds @ http://localhost:8080/src/lib/logger.ts:126
[  230648ms] [WARNING] %s [230.086] [CHAT--1327967885-chat] [230.086] end backgrounds 0.2999999998137355 @ http://localhost:8080/src/lib/logger.ts:126
[  230655ms] [WARNING] %s [230.094] [CHAT--1327967885-chat] [230.094] end sharedMedia 7.5 @ http://localhost:8080/src/lib/logger.ts:126
[  230655ms] [WARNING] %s [230.094] [CHAT--1327967885-chat] [230.094] end bubbles 8 @ http://localhost:8080/src/lib/logger.ts:126
[  230656ms] [WARNING] %s [230.094] [CHAT--1327967885-chat] [230.094] end topbar 8.399999999441206 @ http://localhost:8080/src/lib/logger.ts:126
[  230656ms] [WARNING] %s [230.095] [CHAT--1327967885-chat] [230.095] end input 8.599999999627471 @ http://localhost:8080/src/lib/logger.ts:126
[  230656ms] [LOG] %s [230.095] [SEARCH-SUPER] load true -2067219984 {} @ http://localhost:8080/src/lib/logger.ts:106
[  230670ms] [LOG] %s [230.109] [SWIPE-HANDLER] remove listeners @ http://localhost:8080/src/lib/logger.ts:106
[  230671ms] [LOG] %s [230.109] [SWIPE-HANDLER] reset @ http://localhost:8080/src/lib/logger.ts:106
[  230671ms] [WARNING] %s [230.110] [CHAT] [setPeer] finished peer change @ http://localhost:8080/src/lib/logger.ts:126
[  230694ms] [LOG] %s [230.132] [PM] [setCorrectIndex] direction 0 mid 4295644708 @ http://localhost:8080/src/lib/logger.ts:106
[  230694ms] [LOG] %s [230.132] [PM] [getCurrentIndex] start 4295644708 true @ http://localhost:8080/src/lib/logger.ts:106
[  230694ms] [WARNING] %s [230.132] [CHAT] [setPeer] mounted chat true JSHandle@node 154.80000000074506 @ http://localhost:8080/src/lib/logger.ts:126
[  230695ms] [LOG] %s [230.133] [PM] handleFollowingPinnedMessage @ http://localhost:8080/src/lib/logger.ts:106
[  230704ms] [WARNING] %s [230.142] [NC] replace @ http://localhost:8080/src/lib/logger.ts:126
[  230704ms] [LOG] %s [230.142] [NC] [navigate] NavigateEvent NavigationHistoryEntry @ http://localhost:8080/src/lib/logger.ts:106
[  230711ms] [LOG] %s [230.149] [CHAT--2067219984-chat] will readHistory by maxId: 4295644696 @ http://localhost:8080/src/lib/logger.ts:106
[  230713ms] [LOG] %s [230.152] [CHAT] [setPeer] scrolledAllDown: false @ http://localhost:8080/src/lib/logger.ts:106
[  230716ms] [LOG] %s [230.154] [IM] selectTab 1 1 @ http://localhost:8080/src/lib/logger.ts:106
[  230719ms] [LOG] %s [230.157] [NOTIFICATIONS] cancel msg_1_-2067219984_4295644696 undefined @ http://localhost:8080/src/lib/logger.ts:106
[  230719ms] [LOG] %s [230.157] [NOTIFICATIONS] cancel msg_1_-2067219984_4295644695 undefined @ http://localhost:8080/src/lib/logger.ts:106
[  230796ms] [LOG] %s [230.234] [PM] [setCorrectIndex] not needed 1 @ http://localhost:8080/src/lib/logger.ts:106
[  231033ms] [LOG] %s [230.471] [CS] setState: isShown: false @ http://localhost:8080/src/lib/logger.ts:106
[  231078ms] [LOG] %s [230.516] [DIALOGS] dialogs click list @ http://localhost:8080/src/lib/logger.ts:106
[  231095ms] [LOG] %s [230.534] [CHAT--2096687198-chat] [VIEWPORT-SLICE] will slice top [Object, Object, Object, Object, Object, Object, Object] @ http://localhost:8080/src/lib/logger.ts:106
[  231095ms] [LOG] %s [230.534] [CHAT--2096687198-chat] [VIEWPORT-SLICE] will slice bottom [Object, Object, Object, Object, Object, Object, Object] @ http://localhost:8080/src/lib/logger.ts:106
[  231096ms] [LOG] %s [230.534] [CHAT--2096687198-chat] [VIEWPORT-SLICE] slicing mids [-2067219984_4295644661, -2067219984_4295644706, -2067219984_4295644708, -2067219984_4295644710, -2067219984_4295644712, -2067219984_4295644713, -2067219984_4295644716] @ http://localhost:8080/src/lib/logger.ts:106
[  231098ms] [LOG] %s [230.536] [IM] saved chat position: {mids: Array(27), top: 1948, pinnedMessages: undefined} @ http://localhost:8080/src/lib/logger.ts:106
[  231098ms] [WARNING] %s [230.537] [CHAT] [setPeer] start @ http://localhost:8080/src/lib/logger.ts:126
[  231099ms] [WARNING] %s [230.537] [CHAT--2067219984-chat] [230.537] start noForwards @ http://localhost:8080/src/lib/logger.ts:126
[  231099ms] [WARNING] %s [230.537] [CHAT--2067219984-chat] [230.537] start isRestricted @ http://localhost:8080/src/lib/logger.ts:126
[  231099ms] [WARNING] %s [230.537] [CHAT--2067219984-chat] [230.537] start isLikeGroup @ http://localhost:8080/src/lib/logger.ts:126
[  231099ms] [WARNING] %s [230.537] [CHAT--2067219984-chat] [230.537] start isRealGroup @ http://localhost:8080/src/lib/logger.ts:126
[  231099ms] [WARNING] %s [230.538] [CHAT--2067219984-chat] [230.537] start isMegagroup @ http://localhost:8080/src/lib/logger.ts:126
[  231099ms] [WARNING] %s [230.538] [CHAT--2067219984-chat] [230.538] start isBroadcast @ http://localhost:8080/src/lib/logger.ts:126
[  231099ms] [WARNING] %s [230.538] [CHAT--2067219984-chat] [230.538] start isChannel @ http://localhost:8080/src/lib/logger.ts:126
[  231099ms] [WARNING] %s [230.538] [CHAT--2067219984-chat] [230.538] start isBot @ http://localhost:8080/src/lib/logger.ts:126
[  231099ms] [WARNING] %s [230.538] [CHAT--2067219984-chat] [230.538] start isAnonymousSending @ http://localhost:8080/src/lib/logger.ts:126
[  231100ms] [WARNING] %s [230.538] [CHAT--2067219984-chat] [230.538] start isPremiumRequired @ http://localhost:8080/src/lib/logger.ts:126
[  231100ms] [WARNING] %s [230.538] [CHAT--2067219984-chat] [230.538] start starsAmount @ http://localhost:8080/src/lib/logger.ts:126
[  231100ms] [WARNING] %s [230.538] [CHAT--2067219984-chat] [230.538] start canManageDirectMessages @ http://localhost:8080/src/lib/logger.ts:126
[  231100ms] [WARNING] %s [230.538] [CHAT--2067219984-chat] [230.538] end isPremiumRequired 0.39999999944120646 @ http://localhost:8080/src/lib/logger.ts:126
[  231100ms] [WARNING] %s [230.539] [CHAT--2067219984-chat] [230.539] end noForwards 1.599999999627471 @ http://localhost:8080/src/lib/logger.ts:126
[  231100ms] [WARNING] %s [230.539] [CHAT--2067219984-chat] [230.539] end isRestricted 1.7000000001862645 @ http://localhost:8080/src/lib/logger.ts:126
[  231100ms] [WARNING] %s [230.539] [CHAT--2067219984-chat] [230.539] end isRealGroup 1.5 @ http://localhost:8080/src/lib/logger.ts:126
[  231100ms] [WARNING] %s [230.539] [CHAT--2067219984-chat] [230.539] end isMegagroup 1.2999999998137355 @ http://localhost:8080/src/lib/logger.ts:126
[  231100ms] [WARNING] %s [230.539] [CHAT--2067219984-chat] [230.539] end isBroadcast 1.3999999994412065 @ http://localhost:8080/src/lib/logger.ts:126
[  231101ms] [WARNING] %s [230.539] [CHAT--2067219984-chat] [230.539] end isChannel 1.2999999998137355 @ http://localhost:8080/src/lib/logger.ts:126
[  231101ms] [WARNING] %s [230.539] [CHAT--2067219984-chat] [230.539] end isBot 1.2000000001862645 @ http://localhost:8080/src/lib/logger.ts:126
[  231101ms] [WARNING] %s [230.539] [CHAT--2067219984-chat] [230.539] end isAnonymousSending 1.2999999998137355 @ http://localhost:8080/src/lib/logger.ts:126
[  231101ms] [WARNING] %s [230.539] [CHAT--2067219984-chat] [230.539] end starsAmount 1 @ http://localhost:8080/src/lib/logger.ts:126
[  231101ms] [WARNING] %s [230.539] [CHAT--2067219984-chat] [230.539] end canManageDirectMessages 1 @ http://localhost:8080/src/lib/logger.ts:126
[  231101ms] [WARNING] %s [230.539] [CHAT--2067219984-chat] [230.539] end isLikeGroup 2 @ http://localhost:8080/src/lib/logger.ts:126
[  231113ms] [LOG] %s [230.552] [CHAT] [setPeer] setPeer peerId: -1282153693 Proxy(Object) -1282153693_4295093174 -1282153693_4295097605 @ http://localhost:8080/src/lib/logger.ts:106
[  231113ms] [LOG] %s [230.552] [CHAT--2067219984-chat] cleanup @ http://localhost:8080/src/lib/logger.ts:106
[  231114ms] [LOG] %s [230.552] [CHAT] [BATCH-PROCESSOR-1] clear @ http://localhost:8080/src/lib/logger.ts:106
[  231121ms] [LOG] %s [230.559] [CHAT--2067219984-chat] i vin brehnya {cached: true, result: Promise} -1282153693_4295093174 17 17 @ http://localhost:8080/src/lib/logger.ts:106
[  231121ms] [WARNING] %s [230.559] [CHAT] [setPeer] got history @ http://localhost:8080/src/lib/logger.ts:126
[  231121ms] [LOG] %s [230.560] [CHAT--2067219984-chat] [perform-391] start null {count: 69377, history: Array(34), isEnd: Object, offsetIdOffset: 25, messages: undefined} @ http://localhost:8080/src/lib/logger.ts:106
[  231121ms] [LOG] %s [230.560] [CHAT] [BATCH-PROCESSOR-1] [queue] setting pause @ http://localhost:8080/src/lib/logger.ts:106
[  231126ms] [LOG] %s [230.564] [CHAT] [BATCH-PROCESSOR-1] [queue] start 34 @ http://localhost:8080/src/lib/logger.ts:106
[  231126ms] [LOG] %s [230.565] [CHAT] [BATCH-PROCESSOR-1] [queue] render item time 0 {bubble: div.bubble.service, promises: Array(1), message: Object, reverse: true, updatePosition: true} @ http://localhost:8080/src/lib/logger.ts:106
[  231126ms] [LOG] %s [230.565] [CHAT] [BATCH-PROCESSOR-1] [queue] render item time 0.20000000018626451 {bubble: div.bubble.service, promises: Array(1), message: Object, reverse: true, updatePosition: true} @ http://localhost:8080/src/lib/logger.ts:106
[  231126ms] [LOG] %s [230.565] [CHAT] [BATCH-PROCESSOR-1] [queue] render item time 0.2999999998137355 {bubble: div.bubble.service, promises: Array(1), message: Object, reverse: true, updatePosition: true} @ http://localhost:8080/src/lib/logger.ts:106
[  231134ms] [LOG] %s [230.572] [CHAT] [BATCH-PROCESSOR-1] [queue] render item time 7.900000000372529 {bubble: div.bubble.channel-post.with-beside-button.is-in.can-have-tail, promises: Array(1), message: Object, reverse: true, updatePosition: true} @ http://localhost:8080/src/lib/logger.ts:106
[  231134ms] [LOG] %s [230.573] [CHAT] [BATCH-PROCESSOR-1] [queue] render item time 8.200000000186265 {bubble: div.bubble.is-in.can-have-tail, promises: Array(1), message: Object, reverse: true, updatePosition: true} @ http://localhost:8080/src/lib/logger.ts:106
[  231134ms] [LOG] %s [230.573] [CHAT] [BATCH-PROCESSOR-1] [queue] render item time 8.299999999813735 {bubble: div.bubble.channel-post.hide-name.photo.with-beside-button.is-in.can-have-tail, promises: Array(2), message: Object, reverse: true, updatePosition: true} @ http://localhost:8080/src/lib/logger.ts:106
[  231134ms] [LOG] %s [230.573] [CHAT] [BATCH-PROCESSOR-1] [queue] render item time 8.299999999813735 {bubble: div.bubble.channel-post.with-beside-button.is-in.can-have-tail, promises: Array(1), message: Object, reverse: true, updatePosition: true} @ http://localhost:8080/src/lib/logger.ts:106
[  231134ms] [LOG] %s [230.573] [CHAT] [BATCH-PROCESSOR-1] [queue] render item time 8.5 {bubble: div.bubble.is-in.can-have-tail, promises: Array(1), message: Object, reverse: true, updatePosition: true} @ http://localhost:8080/src/lib/logger.ts:106
[  231135ms] [LOG] %s [230.573] [CHAT] [BATCH-PROCESSOR-1] [queue] render item time 8.600000000558794 {bubble: div.bubble.sticker.sticker-animated.is-message-empty.has-floating-time.just-media.hide-name.is-in, promises: Array(1), message: Object, reverse: true, updatePosition: true} @ http://localhost:8080/src/lib/logger.ts:106
[  231135ms] [LOG] %s [230.573] [CHAT] [BATCH-PROCESSOR-1] [queue] render item time 8.700000000186265 {bubble: div.bubble.sticker.sticker-animated.is-message-empty.has-floating-time.just-media.hide-name.is-in, promises: Array(1), message: Object, reverse: true, updatePosition: true} @ http://localhost:8080/src/lib/logger.ts:106
[  231135ms] [LOG] %s [230.573] [CHAT] [BATCH-PROCESSOR-1] [queue] render item time 8.799999999813735 {bubble: div.bubble.is-in.can-have-tail, promises: Array(1), message: Object, reverse: true, updatePosition: true} @ http://localhost:8080/src/lib/logger.ts:106
[  231135ms] [LOG] %s [230.573] [CHAT] [BATCH-PROCESSOR-1] [queue] render item time 8.900000000372529 {bubble: div.bubble.service, promises: Array(1), message: Object, reverse: true, updatePosition: true} @ http://localhost:8080/src/lib/logger.ts:106
[  231135ms] [LOG] %s [230.573] [CHAT] [BATCH-PROCESSOR-1] [queue] render item time 8.900000000372529 {bubble: div.bubble.service, promises: Array(1), message: Object, reverse: true, updatePosition: true} @ http://localhost:8080/src/lib/logger.ts:106
[  231135ms] [LOG] %s [230.574] [CHAT] [BATCH-PROCESSOR-1] [queue] render item time 9 {bubble: div.bubble.service, promises: Array(1), message: Object, reverse: true, updatePosition: true} @ http://localhost:8080/src/lib/logger.ts:106
[  231135ms] [LOG] %s [230.574] [CHAT] [BATCH-PROCESSOR-1] [queue] render item time 9.400000000372529 {bubble: div.bubble.is-reply.is-in.can-have-tail, promises: Array(1), message: Object, reverse: true, updatePosition: true} @ http://localhost:8080/src/lib/logger.ts:106
[  231136ms] [LOG] %s [230.574] [CHAT] [BATCH-PROCESSOR-1] [queue] render item time 9.5 {bubble: div.bubble.is-reply.is-in.can-have-tail, promises: Array(1), message: Object, reverse: true, updatePosition: true} @ http://localhost:8080/src/lib/logger.ts:106
[  231136ms] [LOG] %s [230.574] [CHAT] [BATCH-PROCESSOR-1] [queue] render item time 9.600000000558794 {bubble: div.bubble.is-reply.is-in.can-have-tail, promises: Array(1), message: Object, reverse: true, updatePosition: true} @ http://localhost:8080/src/lib/logger.ts:106
[  231136ms] [LOG] %s [230.574] [CHAT] [BATCH-PROCESSOR-1] [queue] render item time 9.700000000186265 {bubble: div.bubble.is-reply.is-in.can-have-tail, promises: Array(1), message: Object, reverse: true, updatePosition: true} @ http://localhost:8080/src/lib/logger.ts:106
[  231141ms] [LOG] %s [230.579] [CHAT] [BATCH-PROCESSOR-1] [queue] render item time 14.5 {bubble: div.bubble.hide-name.photo.is-in.can-have-tail, promises: Array(2), message: Object, reverse: true, updatePosition: true} @ http://localhost:8080/src/lib/logger.ts:106
[  231141ms] [LOG] %s [230.579] [CHAT] [BATCH-PROCESSOR-1] [queue] render item time 14.700000000186265 {bubble: div.bubble.sticker.sticker-animated.is-message-empty.has-floating-time.just-media.hide-name.is-in, promises: Array(1), message: Object, reverse: true, updatePosition: true} @ http://localhost:8080/src/lib/logger.ts:106
[  231141ms] [LOG] %s [230.579] [CHAT] [BATCH-PROCESSOR-1] [queue] render item time 14.799999999813735 {bubble: div.bubble.is-in.can-have-tail, promises: Array(1), message: Object, reverse: true, updatePosition: true} @ http://localhost:8080/src/lib/logger.ts:106
[  231141ms] [LOG] %s [230.579] [CHAT] [BATCH-PROCESSOR-1] [queue] render item time 15 {bubble: div.bubble.channel-post.with-beside-button.is-in.can-have-tail, promises: Array(1), message: Object, reverse: true, updatePosition: true} @ http://localhost:8080/src/lib/logger.ts:106
[  231141ms] [LOG] %s [230.580] [CHAT] [BATCH-PROCESSOR-1] [queue] render item time 15.100000000558794 {bubble: div.bubble.is-in.can-have-tail, promises: Array(1), message: Object, reverse: true, updatePosition: true} @ http://localhost:8080/src/lib/logger.ts:106
[  231141ms] [LOG] %s [230.580] [CHAT] [BATCH-PROCESSOR-1] [queue] render item time 15.100000000558794 {bubble: div.bubble.is-in.can-have-tail, promises: Array(1), message: Object, reverse: true, updatePosition: true} @ http://localhost:8080/src/lib/logger.ts:106
[  231141ms] [LOG] %s [230.580] [CHAT] [BATCH-PROCESSOR-1] [queue] render item time 15.200000000186265 {bubble: div.bubble.is-in.can-have-tail, promises: Array(1), message: Object, reverse: true, updatePosition: true} @ http://localhost:8080/src/lib/logger.ts:106
[  231142ms] [LOG] %s [230.580] [CHAT] [BATCH-PROCESSOR-1] [queue] render item time 15.700000000186265 {bubble: div.bubble.is-reply.is-in.can-have-tail, promises: Array(1), message: Object, reverse: true, updatePosition: true} @ http://localhost:8080/src/lib/logger.ts:106
[  231142ms] [LOG] %s [230.580] [CHAT] [BATCH-PROCESSOR-1] [queue] render item time 15.799999999813735 {bubble: div.bubble.is-reply.is-in.can-have-tail, promises: Array(1), message: Object, reverse: true, updatePosition: true} @ http://localhost:8080/src/lib/logger.ts:106
[  231142ms] [LOG] %s [230.580] [CHAT] [BATCH-PROCESSOR-1] [queue] render item time 15.900000000372529 {bubble: div.bubble.is-reply.is-in.can-have-tail, promises: Array(1), message: Object, reverse: true, updatePosition: true} @ http://localhost:8080/src/lib/logger.ts:106
[  231142ms] [LOG] %s [230.580] [CHAT] [BATCH-PROCESSOR-1] [queue] render item time 15.900000000372529 {bubble: div.bubble.is-reply.is-in.can-have-tail, promises: Array(1), message: Object, reverse: true, updatePosition: true} @ http://localhost:8080/src/lib/logger.ts:106
[  231142ms] [LOG] %s [230.581] [CHAT] [BATCH-PROCESSOR-1] [queue] render item time 16 {bubble: div.bubble.is-reply.is-in.can-have-tail, promises: Array(1), message: Object, reverse: true, updatePosition: true} @ http://localhost:8080/src/lib/logger.ts:106
[  231142ms] [LOG] %s [230.581] [CHAT] [BATCH-PROCESSOR-1] [queue] render item time 16.100000000558794 {bubble: div.bubble.is-reply.is-in.can-have-tail, promises: Array(1), message: Object, reverse: true, updatePosition: true} @ http://localhost:8080/src/lib/logger.ts:106
[  231142ms] [LOG] %s [230.581] [CHAT] [BATCH-PROCESSOR-1] [queue] render item time 16.200000000186265 {bubble: div.bubble.is-reply.is-in.can-have-tail, promises: Array(1), message: Object, reverse: true, updatePosition: true} @ http://localhost:8080/src/lib/logger.ts:106
[  231142ms] [LOG] %s [230.581] [CHAT] [BATCH-PROCESSOR-1] [queue] render item time 16.200000000186265 {bubble: div.bubble.is-reply.is-in.can-have-tail, promises: Array(1), message: Object, reverse: true, updatePosition: true} @ http://localhost:8080/src/lib/logger.ts:106
[  231142ms] [LOG] %s [230.581] [CHAT] [BATCH-PROCESSOR-1] [queue] render item time 16.40000000037253 {bubble: div.bubble.emoji-big.can-have-big-emoji.sticker.sticker-animated.is-message-empty.has-floating-time…, promises: Array(1), message: Object, reverse: true, updatePosition: true} @ http://localhost:8080/src/lib/logger.ts:106
[  231142ms] [LOG] %s [230.581] [CHAT] [BATCH-PROCESSOR-1] [queue] messages rendered @ http://localhost:8080/src/lib/logger.ts:106
[  231148ms] [LOG] %s [230.586] [CHAT] [BATCH-PROCESSOR-1] [queue] changed ends true false @ http://localhost:8080/src/lib/logger.ts:106
[  231148ms] [LOG] %s [230.587] [CHAT] [BATCH-PROCESSOR-1] [queue] media promises to call [Promise, Promise, Promise, Promise, Promise, Promise, Promise, Promise, Promise, Promise, Promise, Promise, Promise, Promise, Promise, Promise, Promise, Promise, Promise, Promise, Promise, Promise, Promise, Promise, Promise, Promise, Promise, Promise, Promise, Promise, Promise, Promise, Promise, Promise, Promise, Promise, Promise, Promise, Promise, Promise, Promise, Promise, Promise, Promise, Promise, Promise, Promise, Promise, Promise, Promise, Promise, Promise, Promise, Promise, Promise, Promise, Promise, Promise, Promise, Promise] [Object, Object, Object, Object, Object, Object, Object, Object, Object, Object, Object, Object, Object, Object, Object, Object, Object, Object, Object, Object, Object, Object, Object, Object, Object, Object, Object, Object, Object, Object, Object, Object, Object, Object] false @ http://localhost:8080/src/lib/logger.ts:106
[  231150ms] [LOG] %s [230.589] [CHAT] [BATCH-PROCESSOR-1] [queue] media message time 1.8999999994412065 0 Promise @ http://localhost:8080/src/lib/logger.ts:106
[  231151ms] [LOG] %s [230.589] [CHAT] [BATCH-PROCESSOR-1] [queue] media message time 1.8999999994412065 0 Promise @ http://localhost:8080/src/lib/logger.ts:106
[  231151ms] [LOG] %s [230.589] [CHAT] [BATCH-PROCESSOR-1] [queue] media message time 1.8999999994412065 0 Promise @ http://localhost:8080/src/lib/logger.ts:106
[  231151ms] [LOG] %s [230.589] [CHAT] [BATCH-PROCESSOR-1] [queue] media message time 1.8999999994412065 0 Promise @ http://localhost:8080/src/lib/logger.ts:106
[  231151ms] [LOG] %s [230.590] [CHAT] [BATCH-PROCESSOR-1] [queue] media message time 1.8999999994412065 0 Promise @ http://localhost:8080/src/lib/logger.ts:106
[  231151ms] [LOG] %s [230.590] [CHAT] [BATCH-PROCESSOR-1] [queue] media message time 1.8999999994412065 0 Promise @ http://localhost:8080/src/lib/logger.ts:106
[  231152ms] [LOG] %s [230.590] [CHAT] [BATCH-PROCESSOR-1] [queue] media message time 1.8999999994412065 0 Promise @ http://localhost:8080/src/lib/logger.ts:106
[  231152ms] [LOG] %s [230.590] [CHAT] [BATCH-PROCESSOR-1] [queue] media message time 1.8999999994412065 0 Promise @ http://localhost:8080/src/lib/logger.ts:106
[  231152ms] [LOG] %s [230.590] [CHAT] [BATCH-PROCESSOR-1] [queue] media message time 1.8999999994412065 1 Promise @ http://localhost:8080/src/lib/logger.ts:106
[  231152ms] [LOG] %s [230.591] [CHAT] [BATCH-PROCESSOR-1] [queue] media message time 1.8999999994412065 0 Promise @ http://localhost:8080/src/lib/logger.ts:106
[  231152ms] [LOG] %s [230.591] [CHAT] [BATCH-PROCESSOR-1] [queue] media message time 1.8999999994412065 0 Promise @ http://localhost:8080/src/lib/logger.ts:106
[  231153ms] [LOG] %s [230.591] [CHAT] [BATCH-PROCESSOR-1] [queue] media message time 1.8999999994412065 0 Promise @ http://localhost:8080/src/lib/logger.ts:106
[  231153ms] [LOG] %s [230.591] [CHAT] [BATCH-PROCESSOR-1] [queue] media message time 1.8999999994412065 0 Promise @ http://localhost:8080/src/lib/logger.ts:106
[  231153ms] [LOG] %s [230.592] [CHAT] [BATCH-PROCESSOR-1] [queue] media message time 1.8999999994412065 0 Promise @ http://localhost:8080/src/lib/logger.ts:106
[  231153ms] [LOG] %s [230.592] [CHAT] [BATCH-PROCESSOR-1] [queue] media message time 1.8999999994412065 0 Promise @ http://localhost:8080/src/lib/logger.ts:106
[  231153ms] [LOG] %s [230.592] [CHAT] [BATCH-PROCESSOR-1] [queue] media message time 1.8999999994412065 0 Promise @ http://localhost:8080/src/lib/logger.ts:106
[  231154ms] [LOG] %s [230.592] [CHAT] [BATCH-PROCESSOR-1] [queue] media message time 1.8999999994412065 0 Promise @ http://localhost:8080/src/lib/logger.ts:106
[  231154ms] [LOG] %s [230.592] [CHAT] [BATCH-PROCESSOR-1] [queue] media message time 1.8999999994412065 0 Promise @ http://localhost:8080/src/lib/logger.ts:106
[  231154ms] [LOG] %s [230.593] [CHAT] [BATCH-PROCESSOR-1] [queue] media message time 1.8999999994412065 0 Promise @ http://localhost:8080/src/lib/logger.ts:106
[  231154ms] [LOG] %s [230.593] [CHAT] [BATCH-PROCESSOR-1] [queue] media message time 1.8999999994412065 0 Promise @ http://localhost:8080/src/lib/logger.ts:106
[  231155ms] [LOG] %s [230.593] [CHAT] [BATCH-PROCESSOR-1] [queue] media message time 1.8999999994412065 0 Promise @ http://localhost:8080/src/lib/logger.ts:106
[  231155ms] [LOG] %s [230.593] [CHAT] [BATCH-PROCESSOR-1] [queue] media message time 1.8999999994412065 0 Promise @ http://localhost:8080/src/lib/logger.ts:106
[  231155ms] [LOG] %s [230.593] [CHAT] [BATCH-PROCESSOR-1] [queue] media message time 1.8999999994412065 0 Promise @ http://localhost:8080/src/lib/logger.ts:106
[  231155ms] [LOG] %s [230.594] [CHAT] [BATCH-PROCESSOR-1] [queue] media message time 1.8999999994412065 0 Promise @ http://localhost:8080/src/lib/logger.ts:106
[  231155ms] [LOG] %s [230.594] [CHAT] [BATCH-PROCESSOR-1] [queue] media message time 1.8999999994412065 0 Promise @ http://localhost:8080/src/lib/logger.ts:106
[  231156ms] [LOG] %s [230.594] [CHAT] [BATCH-PROCESSOR-1] [queue] media message time 1.8999999994412065 0 Promise @ http://localhost:8080/src/lib/logger.ts:106
[  231156ms] [LOG] %s [230.594] [CHAT] [BATCH-PROCESSOR-1] [queue] media message time 1.8999999994412065 0 Promise @ http://localhost:8080/src/lib/logger.ts:106
[  231156ms] [LOG] %s [230.595] [CHAT] [BATCH-PROCESSOR-1] [queue] media message time 1.8999999994412065 0 Promise @ http://localhost:8080/src/lib/logger.ts:106
[  231156ms] [LOG] %s [230.595] [CHAT] [BATCH-PROCESSOR-1] [queue] media message time 1.8999999994412065 0 Promise @ http://localhost:8080/src/lib/logger.ts:106
[  231156ms] [LOG] %s [230.595] [CHAT] [BATCH-PROCESSOR-1] [queue] media message time 1.8999999994412065 0 Promise @ http://localhost:8080/src/lib/logger.ts:106
[  231157ms] [LOG] %s [230.595] [CHAT] [BATCH-PROCESSOR-1] [queue] media message time 2 0 Promise @ http://localhost:8080/src/lib/logger.ts:106
[  231157ms] [LOG] %s [230.595] [CHAT] [BATCH-PROCESSOR-1] [queue] media message time 2 0 Promise @ http://localhost:8080/src/lib/logger.ts:106
[  231157ms] [LOG] %s [230.596] [CHAT] [BATCH-PROCESSOR-1] [queue] media message time 2 0 Promise @ http://localhost:8080/src/lib/logger.ts:106
[  231158ms] [LOG] %s [230.596] [CHAT] [BATCH-PROCESSOR-1] [queue] media message time 2 0 Promise @ http://localhost:8080/src/lib/logger.ts:106
[  231175ms] [LOG] %s [230.614] [CHAT] [BATCH-PROCESSOR-1] [queue] media message time 1.8999999994412065 0 Promise @ http://localhost:8080/src/lib/logger.ts:106
[  231175ms] [LOG] %s [230.614] [CHAT] [BATCH-PROCESSOR-1] [queue] media message time 27.09999999962747 1 Promise @ http://localhost:8080/src/lib/logger.ts:106
[  231191ms] [LOG] %s [230.630] [SWIPE-HANDLER] reset @ http://localhost:8080/src/lib/logger.ts:106
[  231191ms] [LOG] %s [230.630] [SWIPE-HANDLER] reset @ http://localhost:8080/src/lib/logger.ts:106
[  231191ms] [LOG] %s [230.630] [SWIPE-HANDLER] reset @ http://localhost:8080/src/lib/logger.ts:106
[  231192ms] [LOG] %s [230.630] [CHAT] [BATCH-PROCESSOR-1] [queue] media promises end @ http://localhost:8080/src/lib/logger.ts:106
[  231193ms] [LOG] %s [230.631] [CHAT] [BATCH-PROCESSOR-1] [queue] queue rendered @ http://localhost:8080/src/lib/logger.ts:106
[  231193ms] [LOG] %s [230.631] [CHAT] [BATCH-PROCESSOR-1] [queue] end @ http://localhost:8080/src/lib/logger.ts:106
[  231193ms] [LOG] %s [230.631] [CHAT--2067219984-chat] [perform-391] performHistoryResult end @ http://localhost:8080/src/lib/logger.ts:106
[  231193ms] [WARNING] %s [230.632] [CHAT] [setPeer] promise fulfilled @ http://localhost:8080/src/lib/logger.ts:126
[  231193ms] [WARNING] %s [230.632] [CHAT] [setPeer] finishing peer change @ http://localhost:8080/src/lib/logger.ts:126
[  231196ms] [LOG] %s [230.634] [CHAT] [handleBackgrounds] updating undefined undefined undefined @ http://localhost:8080/src/lib/logger.ts:106
[  231196ms] [WARNING] %s [230.635] [CHAT--2067219984-chat] [230.635] start topbar @ http://localhost:8080/src/lib/logger.ts:126
[  231196ms] [WARNING] %s [230.635] [CHAT--2067219984-chat] [230.635] start bubbles @ http://localhost:8080/src/lib/logger.ts:126
[  231196ms] [WARNING] %s [230.635] [CHAT--2067219984-chat] [230.635] start input @ http://localhost:8080/src/lib/logger.ts:126
[  231197ms] [WARNING] %s [230.635] [CHAT--2067219984-chat] [230.635] start sharedMedia @ http://localhost:8080/src/lib/logger.ts:126
[  231197ms] [WARNING] %s [230.635] [CHAT--2067219984-chat] [230.635] start backgrounds @ http://localhost:8080/src/lib/logger.ts:126
[  231197ms] [WARNING] %s [230.635] [CHAT--2067219984-chat] [230.635] end backgrounds 0.09999999962747097 @ http://localhost:8080/src/lib/logger.ts:126
[  231202ms] [WARNING] %s [230.641] [CHAT--2067219984-chat] [230.640] end sharedMedia 5.400000000372529 @ http://localhost:8080/src/lib/logger.ts:126
[  231202ms] [WARNING] %s [230.641] [CHAT--2067219984-chat] [230.641] end bubbles 6 @ http://localhost:8080/src/lib/logger.ts:126
[  231203ms] [WARNING] %s [230.641] [CHAT--2067219984-chat] [230.641] end topbar 6.400000000372529 @ http://localhost:8080/src/lib/logger.ts:126
[  231216ms] [WARNING] %s [230.654] [CHAT--2067219984-chat] [230.654] end input 19.200000000186265 @ http://localhost:8080/src/lib/logger.ts:126
[  231216ms] [LOG] %s [230.654] [SEARCH-SUPER] load true -1282153693 {} @ http://localhost:8080/src/lib/logger.ts:106
[  231219ms] [LOG] %s [230.657] [SWIPE-HANDLER] remove listeners @ http://localhost:8080/src/lib/logger.ts:106
[  231219ms] [LOG] %s [230.658] [SWIPE-HANDLER] reset @ http://localhost:8080/src/lib/logger.ts:106
[  231220ms] [WARNING] %s [230.658] [CHAT] [setPeer] finished peer change @ http://localhost:8080/src/lib/logger.ts:126
[  231243ms] [LOG] %s [230.682] [PM] [setCorrectIndex] direction 0 mid 4295093180 @ http://localhost:8080/src/lib/logger.ts:106
[  231243ms] [LOG] %s [230.682] [PM] [getCurrentIndex] start 4295093180 true @ http://localhost:8080/src/lib/logger.ts:106
[  231244ms] [WARNING] %s [230.682] [CHAT] [setPeer] mounted chat true JSHandle@node 145.09999999962747 @ http://localhost:8080/src/lib/logger.ts:126
[  231244ms] [LOG] %s [230.683] [PM] handleFollowingPinnedMessage @ http://localhost:8080/src/lib/logger.ts:106
[  231245ms] [WARNING] %s [230.683] [NC] replace @ http://localhost:8080/src/lib/logger.ts:126
[  231245ms] [LOG] %s [230.684] [NC] [navigate] NavigateEvent NavigationHistoryEntry @ http://localhost:8080/src/lib/logger.ts:106
[  231267ms] [LOG] %s [230.705] [CHAT--1282153693-chat] will readHistory by maxId: 4295093180 @ http://localhost:8080/src/lib/logger.ts:106
[  231289ms] [LOG] %s [230.727] [CHAT] [setPeer] scrolledAllDown: false @ http://localhost:8080/src/lib/logger.ts:106
[  231298ms] [LOG] %s [230.737] [IM] selectTab 1 1 @ http://localhost:8080/src/lib/logger.ts:106
[  231302ms] [LOG] %s [230.740] [NOTIFICATIONS] cancel msg_1_-1282153693_4295093180 undefined @ http://localhost:8080/src/lib/logger.ts:106
[  231302ms] [LOG] %s [230.741] [NOTIFICATIONS] cancel msg_1_-1282153693_4295093179 undefined @ http://localhost:8080/src/lib/logger.ts:106
[  231302ms] [LOG] %s [230.741] [NOTIFICATIONS] cancel msg_1_-1282153693_4295093178 undefined @ http://localhost:8080/src/lib/logger.ts:106
[  231302ms] [LOG] %s [230.741] [NOTIFICATIONS] cancel msg_1_-1282153693_4295093177 undefined @ http://localhost:8080/src/lib/logger.ts:106
[  231302ms] [LOG] %s [230.741] [NOTIFICATIONS] cancel msg_1_-1282153693_4295093176 undefined @ http://localhost:8080/src/lib/logger.ts:106
[  231302ms] [LOG] %s [230.741] [NOTIFICATIONS] cancel msg_1_-1282153693_4295093175 undefined @ http://localhost:8080/src/lib/logger.ts:106
[  231309ms] [ERROR] video load error JSHandle@node MediaError @ http://localhost:8080/src/components/wrappers/video.ts:513
[  231310ms] [ERROR] video load error JSHandle@node MediaError @ http://localhost:8080/src/components/wrappers/video.ts:513
[  231316ms] Error: leak
    at onVideoLeak (http://localhost:8080/src/helpers/dom/handleVideoLeak.ts:16:9)
    at testVideoLeak (http://localhost:8080/src/helpers/dom/handleVideoLeak.ts:32:9)
    at onTimeUpdate (http://localhost:8080/src/helpers/dom/handleVideoLeak.ts:42:41)
    at handleVideoLeak (http://localhost:8080/src/helpers/dom/handleVideoLeak.ts:47:3)
[  231316ms] Error: leak
    at onVideoLeak (http://localhost:8080/src/helpers/dom/handleVideoLeak.ts:16:9)
    at testVideoLeak (http://localhost:8080/src/helpers/dom/handleVideoLeak.ts:32:9)
    at onTimeUpdate (http://localhost:8080/src/helpers/dom/handleVideoLeak.ts:42:41)
    at handleVideoLeak (http://localhost:8080/src/helpers/dom/handleVideoLeak.ts:47:3)
[  231322ms] [LOG] %s [230.760] [PM] setPinnedMessage: fromTop false 0 0 @ http://localhost:8080/src/lib/logger.ts:106
[  231346ms] [LOG] %s [230.784] [PM] [setCorrectIndex] not needed 1 @ http://localhost:8080/src/lib/logger.ts:106
[  231472ms] [LOG] %s [230.911] [PM] [getCurrentIndex] result 4295644708 {count: 8, history: Array(8), isEnd: Object, offsetIdOffset: 1, messages: undefined} 1 0 true true @ http://localhost:8080/src/lib/logger.ts:106
[  231473ms] [LOG] %s [230.911] [PM] setPinnedMessage: fromTop true 1 0 @ http://localhost:8080/src/lib/logger.ts:106
[  231473ms] [LOG] %s [230.911] [PM] handleFollowingPinnedMessage: unlock @ http://localhost:8080/src/lib/logger.ts:106
[  231561ms] [LOG] %s [231.000] [CS] connecting false @ http://localhost:8080/src/lib/logger.ts:106
[  231561ms] [LOG] %s [231.000] [CS] setState false @ http://localhost:8080/src/lib/logger.ts:106
[  231672ms] [LOG] %s [231.110] [CHAT] [handleBackgrounds] updating Proxy(Object) undefined undefined @ http://localhost:8080/src/lib/logger.ts:106
[  231673ms] [LOG] %s [231.112] [CHAT] [handleBackgrounds] updating Proxy(Object) undefined undefined @ http://localhost:8080/src/lib/logger.ts:106
[  231858ms] [LOG] %s [231.296] [PM] setPinnedMessage: fromTop false 0 0 @ http://localhost:8080/src/lib/logger.ts:106
[  231976ms] [LOG] %s [231.415] [CS] setState: isShown: false @ http://localhost:8080/src/lib/logger.ts:106
[  232031ms] [LOG] %s [231.469] [PM] [getCurrentIndex] result 4295093180 {count: 830, history: Array(100), isEnd: Object, offsetIdOffset: 131, messages: undefined} 49 82 false false @ http://localhost:8080/src/lib/logger.ts:106
[  232035ms] [LOG] %s [231.474] [PM] setPinnedMessage: fromTop true 131 0 @ http://localhost:8080/src/lib/logger.ts:106
[  232036ms] [LOG] %s [231.474] [PM] handleFollowingPinnedMessage: unlock @ http://localhost:8080/src/lib/logger.ts:106
[  232242ms] [LOG] %s [231.680] [PM] [setCorrectIndex] direction 1 mid 4295093180 @ http://localhost:8080/src/lib/logger.ts:106
[  232329ms] [LOG] %s [231.768] [CS] connecting false @ http://localhost:8080/src/lib/logger.ts:106
[  232329ms] [LOG] %s [231.768] [CS] setState false @ http://localhost:8080/src/lib/logger.ts:106
[  232383ms] [LOG] %s [231.822] [BATCH-PROCESSOR-3] [queue] setting pause @ http://localhost:8080/src/lib/logger.ts:106
[  232406ms] [LOG] %s [231.845] [BATCH-PROCESSOR-3] [queue] start 50 @ http://localhost:8080/src/lib/logger.ts:106
[  232430ms] [LOG] %s [231.869] [BATCH-PROCESSOR-3] [queue] queue rendered @ http://localhost:8080/src/lib/logger.ts:106
[  232431ms] [LOG] %s [231.869] [BATCH-PROCESSOR-3] [queue] end @ http://localhost:8080/src/lib/logger.ts:106
[  232744ms] [LOG] %s [232.183] [CS] setState: isShown: false @ http://localhost:8080/src/lib/logger.ts:106
[  232874ms] [LOG] %s [232.313] [SWIPE-HANDLER] reset @ http://localhost:8080/src/lib/logger.ts:106
[  232874ms] [LOG] %s [232.313] [SWIPE-HANDLER] reset @ http://localhost:8080/src/lib/logger.ts:106
[  232874ms] [LOG] %s [232.313] [SWIPE-HANDLER] reset @ http://localhost:8080/src/lib/logger.ts:106
[  232875ms] [WARNING] %s [232.313] [CHAT] [setPeer] start @ http://localhost:8080/src/lib/logger.ts:126
[  232877ms] [LOG] %s [232.316] [CHAT] [setPeer] setPeer peerId: -1282153693 Proxy(Object) -1282153693_4295097605 -1282153693_4295097605 @ http://localhost:8080/src/lib/logger.ts:106
[  232878ms] [LOG] %s [232.316] [CHAT--1282153693-chat] cleanup @ http://localhost:8080/src/lib/logger.ts:106
[  232878ms] [LOG] %s [232.316] [CHAT] [BATCH-PROCESSOR-1] clear @ http://localhost:8080/src/lib/logger.ts:106
[  232879ms] [LOG] %s [232.318] [CHAT--1282153693-chat] i vin brehnya {cached: true, result: Promise} -1282153693_4295097584 0 0 @ http://localhost:8080/src/lib/logger.ts:106
[  232880ms] [WARNING] %s [232.318] [CHAT] [setPeer] got history @ http://localhost:8080/src/lib/logger.ts:126
[  232880ms] [LOG] %s [232.318] [CHAT--1282153693-chat] [perform-447] start null {history: Array(18)} @ http://localhost:8080/src/lib/logger.ts:106
[  232880ms] [LOG] %s [232.318] [CHAT] [setLoaded] change bottom true @ http://localhost:8080/src/lib/logger.ts:106
[  232880ms] [LOG] %s [232.318] [CHAT--1282153693-chat] [perform-225] start null {count: 69377, history: Array(0), isEnd: Object, offsetIdOffset: 18, messages: undefined} @ http://localhost:8080/src/lib/logger.ts:106
[  232880ms] [LOG] %s [232.319] [CHAT] [BATCH-PROCESSOR-1] [queue] setting pause @ http://localhost:8080/src/lib/logger.ts:106
[  232883ms] [LOG] %s [232.322] [CHAT] [BATCH-PROCESSOR-1] [queue] start 18 @ http://localhost:8080/src/lib/logger.ts:106
[  232883ms] [LOG] %s [232.322] [CHAT] [BATCH-PROCESSOR-1] [queue] render item time 0 {bubble: div.bubble.service, promises: Array(1), message: Object, reverse: true, updatePosition: true} @ http://localhost:8080/src/lib/logger.ts:106
[  232883ms] [LOG] %s [232.322] [CHAT] [BATCH-PROCESSOR-1] [queue] render item time 0.20000000018626451 {bubble: div.bubble.service, promises: Array(1), message: Object, reverse: true, updatePosition: true} @ http://localhost:8080/src/lib/logger.ts:106
[  232883ms] [LOG] %s [232.322] [CHAT] [BATCH-PROCESSOR-1] [queue] render item time 0.2999999998137355 {bubble: div.bubble.service, promises: Array(1), message: Object, reverse: true, updatePosition: true} @ http://localhost:8080/src/lib/logger.ts:106
[  232884ms] [LOG] %s [232.322] [CHAT] [BATCH-PROCESSOR-1] [queue] render item time 0.40000000037252903 {bubble: div.bubble.service, promises: Array(1), message: Object, reverse: true, updatePosition: true} @ http://localhost:8080/src/lib/logger.ts:106
[  232888ms] [LOG] %s [232.327] [CHAT] [BATCH-PROCESSOR-1] [queue] render item time 5 {bubble: div.bubble.is-in.can-have-tail, promises: Array(1), message: Object, reverse: true, updatePosition: true} @ http://localhost:8080/src/lib/logger.ts:106
[  232888ms] [LOG] %s [232.327] [CHAT] [BATCH-PROCESSOR-1] [queue] render item time 5.2000000001862645 {bubble: div.bubble.is-in.can-have-tail, promises: Array(1), message: Object, reverse: true, updatePosition: true} @ http://localhost:8080/src/lib/logger.ts:106
[  232889ms] [LOG] %s [232.327] [CHAT] [BATCH-PROCESSOR-1] [queue] render item time 5.2999999998137355 {bubble: div.bubble.is-in.can-have-tail, promises: Array(1), message: Object, reverse: true, updatePosition: true} @ http://localhost:8080/src/lib/logger.ts:106
[  232889ms] [LOG] %s [232.327] [CHAT] [BATCH-PROCESSOR-1] [queue] render item time 5.5 {bubble: div.bubble.is-in.can-have-tail, promises: Array(1), message: Object, reverse: true, updatePosition: true} @ http://localhost:8080/src/lib/logger.ts:106
[  232889ms] [LOG] %s [232.327] [CHAT] [BATCH-PROCESSOR-1] [queue] render item time 5.6000000005587935 {bubble: div.bubble.is-in.can-have-tail, promises: Array(1), message: Object, reverse: true, updatePosition: true} @ http://localhost:8080/src/lib/logger.ts:106
[  232889ms] [LOG] %s [232.327] [CHAT] [BATCH-PROCESSOR-1] [queue] render item time 5.7000000001862645 {bubble: div.bubble.is-in.can-have-tail, promises: Array(1), message: Object, reverse: true, updatePosition: true} @ http://localhost:8080/src/lib/logger.ts:106
[  232889ms] [LOG] %s [232.328] [CHAT] [BATCH-PROCESSOR-1] [queue] render item time 5.7999999998137355 {bubble: div.bubble.channel-post.hide-name.photo.has-plain-media-tail.is-message-empty.has-floating-time.wit…, promises: Array(1), message: Object, reverse: true, updatePosition: true} @ http://localhost:8080/src/lib/logger.ts:106
[  232889ms] [LOG] %s [232.328] [CHAT] [BATCH-PROCESSOR-1] [queue] render item time 6 {bubble: div.bubble.sticker.sticker-animated.is-message-empty.has-floating-time.just-media.hide-name.is-in, promises: Array(1), message: Object, reverse: true, updatePosition: true} @ http://localhost:8080/src/lib/logger.ts:106
[  232890ms] [LOG] %s [232.328] [CHAT] [BATCH-PROCESSOR-1] [queue] render item time 6.2999999998137355 {bubble: div.bubble.is-reply.is-in.can-have-tail, promises: Array(1), message: Object, reverse: true, updatePosition: true} @ http://localhost:8080/src/lib/logger.ts:106
[  232890ms] [LOG] %s [232.328] [CHAT] [BATCH-PROCESSOR-1] [queue] render item time 6.5 {bubble: div.bubble.is-reply.is-in.can-have-tail, promises: Array(1), message: Object, reverse: true, updatePosition: true} @ http://localhost:8080/src/lib/logger.ts:106
[  232890ms] [LOG] %s [232.328] [CHAT] [BATCH-PROCESSOR-1] [queue] render item time 6.6000000005587935 {bubble: div.bubble.is-reply.is-in.can-have-tail, promises: Array(1), message: Object, reverse: true, updatePosition: true} @ http://localhost:8080/src/lib/logger.ts:106
[  232890ms] [LOG] %s [232.328] [CHAT] [BATCH-PROCESSOR-1] [queue] render item time 6.7000000001862645 {bubble: div.bubble.sticker.is-message-empty.has-floating-time.just-media.is-reply.hide-name.is-in, promises: Array(1), message: Object, reverse: true, updatePosition: true} @ http://localhost:8080/src/lib/logger.ts:106
[  232890ms] [LOG] %s [232.328] [CHAT] [BATCH-PROCESSOR-1] [queue] render item time 6.7999999998137355 {bubble: div.bubble.sticker.is-message-empty.has-floating-time.just-media.is-reply.hide-name.is-in, promises: Array(1), message: Object, reverse: true, updatePosition: true} @ http://localhost:8080/src/lib/logger.ts:106
[  232890ms] [LOG] %s [232.329] [CHAT] [BATCH-PROCESSOR-1] [queue] render item time 6.900000000372529 {bubble: div.bubble.is-reply.is-in.can-have-tail, promises: Array(1), message: Object, reverse: true, updatePosition: true} @ http://localhost:8080/src/lib/logger.ts:106
[  232890ms] [LOG] %s [232.329] [CHAT] [BATCH-PROCESSOR-1] [queue] messages rendered @ http://localhost:8080/src/lib/logger.ts:106
[  232893ms] [LOG] %s [232.332] [CHAT] [BATCH-PROCESSOR-1] [queue] changed ends true false @ http://localhost:8080/src/lib/logger.ts:106
[  232893ms] [LOG] %s [232.332] [CHAT] [BATCH-PROCESSOR-1] [queue] media promises to call [Promise, Promise, Promise, Promise, Promise, Promise, Promise, Promise, Promise, Promise, Promise, Promise, Promise, Promise, Promise, Promise, Promise, Promise, Promise, Promise, Promise, Promise, Promise, Promise, Promise, Promise, Promise, Promise, Promise, Promise] [Object, Object, Object, Object, Object, Object, Object, Object, Object, Object, Object, Object, Object, Object, Object, Object, Object, Object] false @ http://localhost:8080/src/lib/logger.ts:106
[  232894ms] [LOG] %s [232.333] [CHAT] [BATCH-PROCESSOR-1] [queue] media message time 0.900000000372529 0 Promise @ http://localhost:8080/src/lib/logger.ts:106
[  232895ms] [LOG] %s [232.333] [CHAT] [BATCH-PROCESSOR-1] [queue] media message time 0.900000000372529 0 Promise @ http://localhost:8080/src/lib/logger.ts:106
[  232895ms] [LOG] %s [232.333] [CHAT] [BATCH-PROCESSOR-1] [queue] media message time 0.900000000372529 0 Promise @ http://localhost:8080/src/lib/logger.ts:106
[  232895ms] [LOG] %s [232.333] [CHAT] [BATCH-PROCESSOR-1] [queue] media message time 0.900000000372529 0 Promise @ http://localhost:8080/src/lib/logger.ts:106
[  232895ms] [LOG] %s [232.334] [CHAT] [BATCH-PROCESSOR-1] [queue] media message time 0.900000000372529 0 Promise @ http://localhost:8080/src/lib/logger.ts:106
[  232895ms] [LOG] %s [232.334] [CHAT] [BATCH-PROCESSOR-1] [queue] media message time 0.900000000372529 0 Promise @ http://localhost:8080/src/lib/logger.ts:106
[  232896ms] [LOG] %s [232.334] [CHAT] [BATCH-PROCESSOR-1] [queue] media message time 0.900000000372529 0 Promise @ http://localhost:8080/src/lib/logger.ts:106
[  232896ms] [LOG] %s [232.334] [CHAT] [BATCH-PROCESSOR-1] [queue] media message time 0.900000000372529 0 Promise @ http://localhost:8080/src/lib/logger.ts:106
[  232896ms] [LOG] %s [232.335] [CHAT] [BATCH-PROCESSOR-1] [queue] media message time 0.900000000372529 0 Promise @ http://localhost:8080/src/lib/logger.ts:106
[  232896ms] [LOG] %s [232.335] [CHAT] [BATCH-PROCESSOR-1] [queue] media message time 0.900000000372529 0 Promise @ http://localhost:8080/src/lib/logger.ts:106
[  232896ms] [LOG] %s [232.335] [CHAT] [BATCH-PROCESSOR-1] [queue] media message time 0.900000000372529 0 Promise @ http://localhost:8080/src/lib/logger.ts:106
[  232897ms] [LOG] %s [232.335] [CHAT] [BATCH-PROCESSOR-1] [queue] media message time 0.900000000372529 0 Promise @ http://localhost:8080/src/lib/logger.ts:106
[  232897ms] [LOG] %s [232.335] [CHAT] [BATCH-PROCESSOR-1] [queue] media message time 0.900000000372529 0 Promise @ http://localhost:8080/src/lib/logger.ts:106
[  232897ms] [LOG] %s [232.336] [CHAT] [BATCH-PROCESSOR-1] [queue] media message time 0.900000000372529 0 Promise @ http://localhost:8080/src/lib/logger.ts:106
[  232897ms] [LOG] %s [232.336] [CHAT] [BATCH-PROCESSOR-1] [queue] media message time 0.900000000372529 0 Promise @ http://localhost:8080/src/lib/logger.ts:106
[  232897ms] [LOG] %s [232.336] [CHAT] [BATCH-PROCESSOR-1] [queue] media message time 0.900000000372529 0 Promise @ http://localhost:8080/src/lib/logger.ts:106
[  232898ms] [LOG] %s [232.336] [CHAT] [BATCH-PROCESSOR-1] [queue] media message time 0.900000000372529 0 Promise @ http://localhost:8080/src/lib/logger.ts:106
[  232903ms] [LOG] %s [232.342] [CHAT] [BATCH-PROCESSOR-1] [queue] media message time 10.100000000558794 0 Promise @ http://localhost:8080/src/lib/logger.ts:106
[  232908ms] [LOG] %s [232.346] [CHAT] [BATCH-PROCESSOR-1] [queue] media promises end @ http://localhost:8080/src/lib/logger.ts:106
[  232908ms] [LOG] %s [232.347] [CHAT] [BATCH-PROCESSOR-1] [queue] queue rendered @ http://localhost:8080/src/lib/logger.ts:106
[  232908ms] [LOG] %s [232.347] [CHAT] [BATCH-PROCESSOR-1] [queue] end @ http://localhost:8080/src/lib/logger.ts:106
[  232908ms] [LOG] %s [232.347] [CHAT--1282153693-chat] [perform-225] performHistoryResult end @ http://localhost:8080/src/lib/logger.ts:106
[  232908ms] [LOG] %s [232.347] [CHAT--1282153693-chat] [perform-447] performHistoryResult end @ http://localhost:8080/src/lib/logger.ts:106
[  232908ms] [WARNING] %s [232.347] [CHAT] [setPeer] promise fulfilled @ http://localhost:8080/src/lib/logger.ts:126
[  232917ms] [LOG] %s [232.355] [PM] [setCorrectIndex] direction 0 mid 4295097605 @ http://localhost:8080/src/lib/logger.ts:106
[  232917ms] [LOG] %s [232.355] [PM] [getCurrentIndex] start 4295097605 true @ http://localhost:8080/src/lib/logger.ts:106
[  232917ms] [WARNING] %s [232.356] [CHAT] [setPeer] mounted chat true JSHandle@node 42.299999999813735 @ http://localhost:8080/src/lib/logger.ts:126
[  232917ms] [LOG] [HEAVY-ANIMATION]: start @ http://localhost:8080/src/hooks/useHeavyAnimationCheck.ts:17
[  232918ms] [LOG] [HEAVY-ANIMATION]: attach promise, length: 1 undefined @ http://localhost:8080/src/hooks/useHeavyAnimationCheck.ts:20
[  232919ms] [LOG] %s [232.357] [PM] [setCorrectIndex] direction 0 mid 4295097587 @ http://localhost:8080/src/lib/logger.ts:106
[  232923ms] [LOG] %s [232.362] [CHAT] [setPeer] scrolledAllDown: true @ http://localhost:8080/src/lib/logger.ts:106
[  232924ms] [LOG] %s [232.362] [CHAT--1282153693-chat] will readHistory by maxId: 4295097587 @ http://localhost:8080/src/lib/logger.ts:106
[  232934ms] [LOG] %s [232.372] [NOTIFICATIONS] cancel msg_1_-1282153693_4295097587 undefined @ http://localhost:8080/src/lib/logger.ts:106
[  232934ms] [LOG] %s [232.373] [NOTIFICATIONS] cancel msg_1_-1282153693_4295097586 undefined @ http://localhost:8080/src/lib/logger.ts:106
[  232934ms] [LOG] %s [232.373] [NOTIFICATIONS] cancel msg_1_-1282153693_4295097584 undefined @ http://localhost:8080/src/lib/logger.ts:106
[  232934ms] [LOG] %s [232.373] [NOTIFICATIONS] cancel msg_1_-1282153693_4295097583 undefined @ http://localhost:8080/src/lib/logger.ts:106
[  232934ms] [LOG] %s [232.373] [NOTIFICATIONS] cancel msg_1_-1282153693_4295097582 undefined @ http://localhost:8080/src/lib/logger.ts:106
[  232934ms] [LOG] %s [232.373] [NOTIFICATIONS] cancel msg_1_-1282153693_4295097581 undefined @ http://localhost:8080/src/lib/logger.ts:106
[  232934ms] [LOG] %s [232.373] [NOTIFICATIONS] cancel msg_1_-1282153693_4295097580 undefined @ http://localhost:8080/src/lib/logger.ts:106
[  232935ms] [LOG] %s [232.373] [NOTIFICATIONS] cancel msg_1_-1282153693_4295097579 undefined @ http://localhost:8080/src/lib/logger.ts:106
[  232935ms] [LOG] %s [232.373] [NOTIFICATIONS] cancel msg_1_-1282153693_4295097578 undefined @ http://localhost:8080/src/lib/logger.ts:106
[  232935ms] [LOG] %s [232.373] [NOTIFICATIONS] cancel msg_1_-1282153693_4295097577 undefined @ http://localhost:8080/src/lib/logger.ts:106
[  232935ms] [LOG] %s [232.373] [NOTIFICATIONS] cancel msg_1_-1282153693_4295097576 undefined @ http://localhost:8080/src/lib/logger.ts:106
[  232935ms] [LOG] %s [232.373] [NOTIFICATIONS] cancel msg_1_-1282153693_4295097575 undefined @ http://localhost:8080/src/lib/logger.ts:106
[  232935ms] [LOG] %s [232.373] [NOTIFICATIONS] cancel msg_1_-1282153693_4295097574 undefined @ http://localhost:8080/src/lib/logger.ts:106
[  232935ms] [LOG] %s [232.373] [NOTIFICATIONS] cancel msg_1_-1282153693_4295097573 undefined @ http://localhost:8080/src/lib/logger.ts:106
[  232935ms] [LOG] %s [232.373] [NOTIFICATIONS] cancel msg_1_-1282153693_4295097572 undefined @ http://localhost:8080/src/lib/logger.ts:106
[  232935ms] [LOG] %s [232.373] [NOTIFICATIONS] cancel msg_1_-1282153693_4295097571 undefined @ http://localhost:8080/src/lib/logger.ts:106
[  232935ms] [LOG] %s [232.373] [NOTIFICATIONS] cancel msg_1_-1282153693_4295097570 undefined @ http://localhost:8080/src/lib/logger.ts:106
[  232935ms] [LOG] %s [232.374] [NOTIFICATIONS] cancel msg_1_-1282153693_4295097569 undefined @ http://localhost:8080/src/lib/logger.ts:106
[  232935ms] [LOG] %s [232.374] [NOTIFICATIONS] cancel msg_1_-1282153693_4295097568 undefined @ http://localhost:8080/src/lib/logger.ts:106
[  232935ms] [LOG] %s [232.374] [NOTIFICATIONS] cancel msg_1_-1282153693_4295097566 undefined @ http://localhost:8080/src/lib/logger.ts:106
[  232935ms] [LOG] %s [232.374] [NOTIFICATIONS] cancel msg_1_-1282153693_4295097565 undefined @ http://localhost:8080/src/lib/logger.ts:106
[  232935ms] [LOG] %s [232.374] [NOTIFICATIONS] cancel msg_1_-1282153693_4295097564 undefined @ http://localhost:8080/src/lib/logger.ts:106
[  232935ms] [LOG] %s [232.374] [NOTIFICATIONS] cancel msg_1_-1282153693_4295097562 undefined @ http://localhost:8080/src/lib/logger.ts:106
[  232935ms] [LOG] %s [232.374] [NOTIFICATIONS] cancel msg_1_-1282153693_4295097558 undefined @ http://localhost:8080/src/lib/logger.ts:106
[  232935ms] [LOG] %s [232.374] [NOTIFICATIONS] cancel msg_1_-1282153693_4295097557 undefined @ http://localhost:8080/src/lib/logger.ts:106
[  232935ms] [LOG] %s [232.374] [NOTIFICATIONS] cancel msg_1_-1282153693_4295097556 undefined @ http://localhost:8080/src/lib/logger.ts:106
[  232936ms] [LOG] %s [232.374] [NOTIFICATIONS] cancel msg_1_-1282153693_4295097555 undefined @ http://localhost:8080/src/lib/logger.ts:106
[  232936ms] [LOG] %s [232.374] [NOTIFICATIONS] cancel msg_1_-1282153693_4295097553 undefined @ http://localhost:8080/src/lib/logger.ts:106
[  232936ms] [LOG] %s [232.374] [NOTIFICATIONS] cancel msg_1_-1282153693_4295097547 undefined @ http://localhost:8080/src/lib/logger.ts:106
[  232936ms] [LOG] %s [232.374] [NOTIFICATIONS] cancel msg_1_-1282153693_4295097538 undefined @ http://localhost:8080/src/lib/logger.ts:106
[  232936ms] [LOG] %s [232.374] [NOTIFICATIONS] cancel msg_1_-1282153693_4295097536 undefined @ http://localhost:8080/src/lib/logger.ts:106
[  232936ms] [LOG] %s [232.374] [NOTIFICATIONS] cancel msg_1_-1282153693_4295097534 undefined @ http://localhost:8080/src/lib/logger.ts:106
[  232936ms] [LOG] %s [232.374] [NOTIFICATIONS] cancel msg_1_-1282153693_4295097530 undefined @ http://localhost:8080/src/lib/logger.ts:106
[  232936ms] [LOG] %s [232.374] [NOTIFICATIONS] cancel msg_1_-1282153693_4295097529 undefined @ http://localhost:8080/src/lib/logger.ts:106
[  232936ms] [LOG] %s [232.374] [NOTIFICATIONS] cancel msg_1_-1282153693_4295097528 undefined @ http://localhost:8080/src/lib/logger.ts:106
[  232936ms] [LOG] %s [232.375] [NOTIFICATIONS] cancel msg_1_-1282153693_4295095327 undefined @ http://localhost:8080/src/lib/logger.ts:106
[  232936ms] [LOG] %s [232.375] [NOTIFICATIONS] cancel msg_1_-1282153693_4295095061 undefined @ http://localhost:8080/src/lib/logger.ts:106
[  232936ms] [LOG] %s [232.375] [NOTIFICATIONS] cancel msg_1_-1282153693_4295095018 undefined @ http://localhost:8080/src/lib/logger.ts:106
[  232936ms] [LOG] %s [232.375] [NOTIFICATIONS] cancel msg_1_-1282153693_4295095004 undefined @ http://localhost:8080/src/lib/logger.ts:106
[  232936ms] [LOG] %s [232.375] [NOTIFICATIONS] cancel msg_1_-1282153693_4295094971 undefined @ http://localhost:8080/src/lib/logger.ts:106
[  232936ms] [LOG] %s [232.375] [NOTIFICATIONS] cancel msg_1_-1282153693_4295094923 undefined @ http://localhost:8080/src/lib/logger.ts:106
[  232936ms] [LOG] %s [232.375] [NOTIFICATIONS] cancel msg_1_-1282153693_4295094859 undefined @ http://localhost:8080/src/lib/logger.ts:106
[  232937ms] [LOG] %s [232.375] [NOTIFICATIONS] cancel msg_1_-1282153693_4295094798 undefined @ http://localhost:8080/src/lib/logger.ts:106
[  232937ms] [LOG] %s [232.375] [NOTIFICATIONS] cancel msg_1_-1282153693_4295094743 undefined @ http://localhost:8080/src/lib/logger.ts:106
[  232937ms] [LOG] %s [232.375] [NOTIFICATIONS] cancel msg_1_-1282153693_4295094733 undefined @ http://localhost:8080/src/lib/logger.ts:106
[  232937ms] [LOG] %s [232.375] [NOTIFICATIONS] cancel msg_1_-1282153693_4295094704 undefined @ http://localhost:8080/src/lib/logger.ts:106
[  232937ms] [LOG] %s [232.375] [NOTIFICATIONS] cancel msg_1_-1282153693_4295094687 undefined @ http://localhost:8080/src/lib/logger.ts:106
[  232937ms] [LOG] %s [232.375] [NOTIFICATIONS] cancel msg_1_-1282153693_4295094647 undefined @ http://localhost:8080/src/lib/logger.ts:106
[  232937ms] [LOG] %s [232.375] [NOTIFICATIONS] cancel msg_1_-1282153693_4295094646 undefined @ http://localhost:8080/src/lib/logger.ts:106
[  232937ms] [LOG] %s [232.375] [NOTIFICATIONS] cancel msg_1_-1282153693_4295094605 undefined @ http://localhost:8080/src/lib/logger.ts:106
[  232937ms] [LOG] %s [232.375] [NOTIFICATIONS] cancel msg_1_-1282153693_4295094584 undefined @ http://localhost:8080/src/lib/logger.ts:106
[  232937ms] [LOG] %s [232.376] [NOTIFICATIONS] cancel msg_1_-1282153693_4295094502 undefined @ http://localhost:8080/src/lib/logger.ts:106
[  232937ms] [LOG] %s [232.376] [NOTIFICATIONS] cancel msg_1_-1282153693_4295094273 undefined @ http://localhost:8080/src/lib/logger.ts:106
[  232937ms] [LOG] %s [232.376] [NOTIFICATIONS] cancel msg_1_-1282153693_4295094257 undefined @ http://localhost:8080/src/lib/logger.ts:106
[  232937ms] [LOG] %s [232.376] [NOTIFICATIONS] cancel msg_1_-1282153693_4295094174 undefined @ http://localhost:8080/src/lib/logger.ts:106
[  232937ms] [LOG] %s [232.376] [NOTIFICATIONS] cancel msg_1_-1282153693_4295094105 undefined @ http://localhost:8080/src/lib/logger.ts:106
[  232937ms] [LOG] %s [232.376] [NOTIFICATIONS] cancel msg_1_-1282153693_4295094046 undefined @ http://localhost:8080/src/lib/logger.ts:106
[  232937ms] [LOG] %s [232.376] [NOTIFICATIONS] cancel msg_1_-1282153693_4295093976 undefined @ http://localhost:8080/src/lib/logger.ts:106
[  232937ms] [LOG] %s [232.376] [NOTIFICATIONS] cancel msg_1_-1282153693_4295093975 undefined @ http://localhost:8080/src/lib/logger.ts:106
[  232937ms] [LOG] %s [232.376] [NOTIFICATIONS] cancel msg_1_-1282153693_4295093968 undefined @ http://localhost:8080/src/lib/logger.ts:106
[  232938ms] [LOG] %s [232.376] [NOTIFICATIONS] cancel msg_1_-1282153693_4295093961 undefined @ http://localhost:8080/src/lib/logger.ts:106
[  232938ms] [LOG] %s [232.376] [NOTIFICATIONS] cancel msg_1_-1282153693_4295093955 undefined @ http://localhost:8080/src/lib/logger.ts:106
[  232938ms] [LOG] %s [232.376] [NOTIFICATIONS] cancel msg_1_-1282153693_4295093924 undefined @ http://localhost:8080/src/lib/logger.ts:106
[  232938ms] [LOG] %s [232.376] [NOTIFICATIONS] cancel msg_1_-1282153693_4295093915 undefined @ http://localhost:8080/src/lib/logger.ts:106
[  232938ms] [LOG] %s [232.376] [NOTIFICATIONS] cancel msg_1_-1282153693_4295093905 undefined @ http://localhost:8080/src/lib/logger.ts:106
[  232938ms] [LOG] %s [232.376] [NOTIFICATIONS] cancel msg_1_-1282153693_4295093893 undefined @ http://localhost:8080/src/lib/logger.ts:106
[  232938ms] [LOG] %s [232.376] [NOTIFICATIONS] cancel msg_1_-1282153693_4295093854 undefined @ http://localhost:8080/src/lib/logger.ts:106
[  232938ms] [LOG] %s [232.376] [NOTIFICATIONS] cancel msg_1_-1282153693_4295093833 undefined @ http://localhost:8080/src/lib/logger.ts:106
[  232938ms] [LOG] %s [232.376] [NOTIFICATIONS] cancel msg_1_-1282153693_4295093807 undefined @ http://localhost:8080/src/lib/logger.ts:106
[  232938ms] [LOG] %s [232.377] [NOTIFICATIONS] cancel msg_1_-1282153693_4295093791 undefined @ http://localhost:8080/src/lib/logger.ts:106
[  232938ms] [LOG] %s [232.377] [NOTIFICATIONS] cancel msg_1_-1282153693_4295093782 undefined @ http://localhost:8080/src/lib/logger.ts:106
[  232938ms] [LOG] %s [232.377] [NOTIFICATIONS] cancel msg_1_-1282153693_4295093769 undefined @ http://localhost:8080/src/lib/logger.ts:106
[  232938ms] [LOG] %s [232.377] [NOTIFICATIONS] cancel msg_1_-1282153693_4295093749 undefined @ http://localhost:8080/src/lib/logger.ts:106
[  232938ms] [LOG] %s [232.377] [NOTIFICATIONS] cancel msg_1_-1282153693_4295093681 undefined @ http://localhost:8080/src/lib/logger.ts:106
[  232938ms] [LOG] %s [232.377] [NOTIFICATIONS] cancel msg_1_-1282153693_4295093677 undefined @ http://localhost:8080/src/lib/logger.ts:106
[  232938ms] [LOG] %s [232.377] [NOTIFICATIONS] cancel msg_1_-1282153693_4295093564 undefined @ http://localhost:8080/src/lib/logger.ts:106
[  232938ms] [LOG] %s [232.377] [NOTIFICATIONS] cancel msg_1_-1282153693_4295093524 undefined @ http://localhost:8080/src/lib/logger.ts:106
[  232938ms] [LOG] %s [232.377] [NOTIFICATIONS] cancel msg_1_-1282153693_4295093433 undefined @ http://localhost:8080/src/lib/logger.ts:106
[  232939ms] [LOG] %s [232.377] [NOTIFICATIONS] cancel msg_1_-1282153693_4295093417 undefined @ http://localhost:8080/src/lib/logger.ts:106
[  232939ms] [LOG] %s [232.377] [NOTIFICATIONS] cancel msg_1_-1282153693_4295093370 undefined @ http://localhost:8080/src/lib/logger.ts:106
[  232939ms] [LOG] %s [232.377] [NOTIFICATIONS] cancel msg_1_-1282153693_4295093307 undefined @ http://localhost:8080/src/lib/logger.ts:106
[  232939ms] [LOG] %s [232.377] [NOTIFICATIONS] cancel msg_1_-1282153693_4295093282 undefined @ http://localhost:8080/src/lib/logger.ts:106
[  232939ms] [LOG] %s [232.377] [NOTIFICATIONS] cancel msg_1_-1282153693_4295093280 undefined @ http://localhost:8080/src/lib/logger.ts:106
[  232939ms] [LOG] %s [232.377] [NOTIFICATIONS] cancel msg_1_-1282153693_4295093269 undefined @ http://localhost:8080/src/lib/logger.ts:106
[  232939ms] [LOG] %s [232.377] [NOTIFICATIONS] cancel msg_1_-1282153693_4295093218 undefined @ http://localhost:8080/src/lib/logger.ts:106
[  232939ms] [LOG] %s [232.377] [NOTIFICATIONS] cancel msg_1_-1282153693_4295093209 undefined @ http://localhost:8080/src/lib/logger.ts:106
[  232939ms] [LOG] %s [232.377] [NOTIFICATIONS] cancel msg_1_-1282153693_4295093208 undefined @ http://localhost:8080/src/lib/logger.ts:106
[  232939ms] [LOG] %s [232.378] [NOTIFICATIONS] cancel msg_1_-1282153693_4295093207 undefined @ http://localhost:8080/src/lib/logger.ts:106
[  232939ms] [LOG] %s [232.378] [NOTIFICATIONS] cancel msg_1_-1282153693_4295093206 undefined @ http://localhost:8080/src/lib/logger.ts:106
[  232939ms] [LOG] %s [232.378] [NOTIFICATIONS] cancel msg_1_-1282153693_4295093205 undefined @ http://localhost:8080/src/lib/logger.ts:106
[  232939ms] [LOG] %s [232.378] [NOTIFICATIONS] cancel msg_1_-1282153693_4295093204 undefined @ http://localhost:8080/src/lib/logger.ts:106
[  232939ms] [LOG] %s [232.378] [NOTIFICATIONS] cancel msg_1_-1282153693_4295093201 undefined @ http://localhost:8080/src/lib/logger.ts:106
[  232939ms] [LOG] %s [232.378] [NOTIFICATIONS] cancel msg_1_-1282153693_4295093200 undefined @ http://localhost:8080/src/lib/logger.ts:106
[  232939ms] [LOG] %s [232.378] [NOTIFICATIONS] cancel msg_1_-1282153693_4295093199 undefined @ http://localhost:8080/src/lib/logger.ts:106
[  232939ms] [LOG] %s [232.378] [NOTIFICATIONS] cancel msg_1_-1282153693_4295093198 undefined @ http://localhost:8080/src/lib/logger.ts:106
[  232939ms] [LOG] %s [232.378] [NOTIFICATIONS] cancel msg_1_-1282153693_4295093197 undefined @ http://localhost:8080/src/lib/logger.ts:106
[  232940ms] [LOG] %s [232.378] [NOTIFICATIONS] cancel msg_1_-1282153693_4295093193 undefined @ http://localhost:8080/src/lib/logger.ts:106
[  232940ms] [LOG] %s [232.378] [NOTIFICATIONS] cancel msg_1_-1282153693_4295093190 undefined @ http://localhost:8080/src/lib/logger.ts:106
[  232940ms] [LOG] %s [232.378] [NOTIFICATIONS] cancel msg_1_-1282153693_4295093189 undefined @ http://localhost:8080/src/lib/logger.ts:106
[  232940ms] [LOG] %s [232.378] [NOTIFICATIONS] cancel msg_1_-1282153693_4295093186 undefined @ http://localhost:8080/src/lib/logger.ts:106
[  232940ms] [LOG] %s [232.378] [NOTIFICATIONS] cancel msg_1_-1282153693_4295093185 undefined @ http://localhost:8080/src/lib/logger.ts:106
[  232940ms] [LOG] %s [232.378] [NOTIFICATIONS] cancel msg_1_-1282153693_4295093182 undefined @ http://localhost:8080/src/lib/logger.ts:106
[  232940ms] [LOG] %s [232.378] [NOTIFICATIONS] cancel msg_1_-1282153693_4295093181 undefined @ http://localhost:8080/src/lib/logger.ts:106
[  233001ms] [LOG] %s [232.440] [PM] [setCorrectIndex] direction 0 mid 4295097594 @ http://localhost:8080/src/lib/logger.ts:106
[  233476ms] [LOG] %s [232.915] [CHAT--1282153693-chat] will readHistory by maxId: 4295097605 @ http://localhost:8080/src/lib/logger.ts:106
[  233478ms] [LOG] %s [232.917] [NOTIFICATIONS] cancel msg_1_-1282153693_4295097605 undefined @ http://localhost:8080/src/lib/logger.ts:106
[  233478ms] [LOG] %s [232.917] [NOTIFICATIONS] cancel msg_1_-1282153693_4295097603 undefined @ http://localhost:8080/src/lib/logger.ts:106
[  233478ms] [LOG] %s [232.917] [NOTIFICATIONS] cancel msg_1_-1282153693_4295097602 undefined @ http://localhost:8080/src/lib/logger.ts:106
[  233479ms] [LOG] %s [232.917] [NOTIFICATIONS] cancel msg_1_-1282153693_4295097601 undefined @ http://localhost:8080/src/lib/logger.ts:106
[  233479ms] [LOG] %s [232.917] [NOTIFICATIONS] cancel msg_1_-1282153693_4295097600 undefined @ http://localhost:8080/src/lib/logger.ts:106
[  233479ms] [LOG] %s [232.917] [NOTIFICATIONS] cancel msg_1_-1282153693_4295097599 undefined @ http://localhost:8080/src/lib/logger.ts:106
[  233479ms] [LOG] %s [232.917] [NOTIFICATIONS] cancel msg_1_-1282153693_4295097598 undefined @ http://localhost:8080/src/lib/logger.ts:106
[  233479ms] [LOG] %s [232.917] [NOTIFICATIONS] cancel msg_1_-1282153693_4295097597 undefined @ http://localhost:8080/src/lib/logger.ts:106
[  233479ms] [LOG] %s [232.917] [NOTIFICATIONS] cancel msg_1_-1282153693_4295097595 undefined @ http://localhost:8080/src/lib/logger.ts:106
[  233479ms] [LOG] %s [232.917] [NOTIFICATIONS] cancel msg_1_-1282153693_4295097594 undefined @ http://localhost:8080/src/lib/logger.ts:106
[  233479ms] [LOG] %s [232.917] [NOTIFICATIONS] cancel msg_1_-1282153693_4295097593 undefined @ http://localhost:8080/src/lib/logger.ts:106
[  233479ms] [LOG] %s [232.917] [NOTIFICATIONS] cancel msg_1_-1282153693_4295097592 undefined @ http://localhost:8080/src/lib/logger.ts:106
[  233479ms] [LOG] %s [232.918] [NOTIFICATIONS] cancel msg_1_-1282153693_4295097590 undefined @ http://localhost:8080/src/lib/logger.ts:106
[  233479ms] [LOG] %s [232.918] [NOTIFICATIONS] cancel msg_1_-1282153693_4295097589 undefined @ http://localhost:8080/src/lib/logger.ts:106
[  233479ms] [LOG] %s [232.918] [NOTIFICATIONS] cancel msg_1_-1282153693_4295097588 undefined @ http://localhost:8080/src/lib/logger.ts:106
[  233491ms] [LOG] [HEAVY-ANIMATION]: promise end, length: 0 573.0999999996275 @ http://localhost:8080/src/hooks/useHeavyAnimationCheck.ts:29
[  233492ms] [LOG] [HEAVY-ANIMATION]: end @ http://localhost:8080/src/hooks/useHeavyAnimationCheck.ts:45
[  233532ms] [LOG] %s [232.971] [PM] [getCurrentIndex] result 4295097605 {count: 830, history: Array(50), isEnd: Object, offsetIdOffset: 0, messages: undefined} 0 0 false true @ http://localhost:8080/src/lib/logger.ts:106
[  233533ms] [LOG] %s [232.971] [PM] [setCorrectIndex] direction 0 mid 4295097605 @ http://localhost:8080/src/lib/logger.ts:106
[  233533ms] [LOG] %s [232.971] [PM] setPinnedMessage: fromTop false 0 131 @ http://localhost:8080/src/lib/logger.ts:106
[  233594ms] [LOG] %s [233.032] [CS] connecting false @ http://localhost:8080/src/lib/logger.ts:106
[  233594ms] [LOG] %s [233.032] [CS] setState false @ http://localhost:8080/src/lib/logger.ts:106
[  233609ms] [LOG] %s [233.048] [PM] [setCorrectIndex] direction 1 mid 4295097605 @ http://localhost:8080/src/lib/logger.ts:106
[  234008ms] [LOG] %s [233.447] [CS] setState: isShown: false @ http://localhost:8080/src/lib/logger.ts:106
[  234459ms] [LOG] %s [233.898] [CS] connecting false @ http://localhost:8080/src/lib/logger.ts:106
[  234459ms] [LOG] %s [233.898] [CS] setState false @ http://localhost:8080/src/lib/logger.ts:106
[  234634ms] [WARNING] %s [234.073] [MP-MTPROTO] [STUCK] manager pending 6278ms (id=3507.414535966835) @ http://localhost:8080/src/lib/logger.ts:126
[  234645ms] [LOG] %s [234.084] [DIALOGS] dialogs click list @ http://localhost:8080/src/lib/logger.ts:106
[  234660ms] [LOG] %s [234.098] [IM] saved pinned-only hint: {mid: 4295097587, index: 0, count: 830} @ http://localhost:8080/src/lib/logger.ts:106
[  234660ms] [WARNING] %s [234.099] [CHAT] [setPeer] start @ http://localhost:8080/src/lib/logger.ts:126
[  234660ms] [WARNING] %s [234.099] [CHAT--1282153693-chat] [234.099] start noForwards @ http://localhost:8080/src/lib/logger.ts:126
[  234661ms] [WARNING] %s [234.099] [CHAT--1282153693-chat] [234.099] start isRestricted @ http://localhost:8080/src/lib/logger.ts:126
[  234661ms] [WARNING] %s [234.099] [CHAT--1282153693-chat] [234.099] start isLikeGroup @ http://localhost:8080/src/lib/logger.ts:126
[  234661ms] [WARNING] %s [234.099] [CHAT--1282153693-chat] [234.099] start isRealGroup @ http://localhost:8080/src/lib/logger.ts:126
[  234661ms] [WARNING] %s [234.099] [CHAT--1282153693-chat] [234.099] start isMegagroup @ http://localhost:8080/src/lib/logger.ts:126
[  234661ms] [WARNING] %s [234.099] [CHAT--1282153693-chat] [234.099] start isBroadcast @ http://localhost:8080/src/lib/logger.ts:126
[  234661ms] [WARNING] %s [234.100] [CHAT--1282153693-chat] [234.100] start isChannel @ http://localhost:8080/src/lib/logger.ts:126
[  234661ms] [WARNING] %s [234.100] [CHAT--1282153693-chat] [234.100] start isBot @ http://localhost:8080/src/lib/logger.ts:126
[  234661ms] [WARNING] %s [234.100] [CHAT--1282153693-chat] [234.100] start isAnonymousSending @ http://localhost:8080/src/lib/logger.ts:126
[  234661ms] [WARNING] %s [234.100] [CHAT--1282153693-chat] [234.100] start isPremiumRequired @ http://localhost:8080/src/lib/logger.ts:126
[  234661ms] [WARNING] %s [234.100] [CHAT--1282153693-chat] [234.100] start starsAmount @ http://localhost:8080/src/lib/logger.ts:126
[  234662ms] [WARNING] %s [234.100] [CHAT--1282153693-chat] [234.100] start canManageDirectMessages @ http://localhost:8080/src/lib/logger.ts:126
[  234662ms] [WARNING] %s [234.100] [CHAT--1282153693-chat] [234.100] end isPremiumRequired 0.30000000074505806 @ http://localhost:8080/src/lib/logger.ts:126
[  234662ms] [WARNING] %s [234.101] [CHAT--1282153693-chat] [234.101] end noForwards 1.900000000372529 @ http://localhost:8080/src/lib/logger.ts:126
[  234662ms] [WARNING] %s [234.101] [CHAT--1282153693-chat] [234.101] end isRestricted 1.900000000372529 @ http://localhost:8080/src/lib/logger.ts:126
[  234663ms] [WARNING] %s [234.101] [CHAT--1282153693-chat] [234.101] end isRealGroup 1.7000000001862645 @ http://localhost:8080/src/lib/logger.ts:126
[  234663ms] [WARNING] %s [234.101] [CHAT--1282153693-chat] [234.101] end isMegagroup 1.7000000001862645 @ http://localhost:8080/src/lib/logger.ts:126
[  234663ms] [WARNING] %s [234.101] [CHAT--1282153693-chat] [234.101] end isBroadcast 1.800000000745058 @ http://localhost:8080/src/lib/logger.ts:126
[  234663ms] [WARNING] %s [234.101] [CHAT--1282153693-chat] [234.101] end isChannel 1.7999999998137355 @ http://localhost:8080/src/lib/logger.ts:126
[  234663ms] [WARNING] %s [234.101] [CHAT--1282153693-chat] [234.101] end isBot 1.7000000001862645 @ http://localhost:8080/src/lib/logger.ts:126
[  234663ms] [WARNING] %s [234.101] [CHAT--1282153693-chat] [234.101] end isAnonymousSending 1.699999999254942 @ http://localhost:8080/src/lib/logger.ts:126
[  234663ms] [WARNING] %s [234.101] [CHAT--1282153693-chat] [234.101] end starsAmount 1.3999999994412065 @ http://localhost:8080/src/lib/logger.ts:126
[  234663ms] [WARNING] %s [234.101] [CHAT--1282153693-chat] [234.101] end canManageDirectMessages 1.400000000372529 @ http://localhost:8080/src/lib/logger.ts:126
[  234663ms] [WARNING] %s [234.102] [CHAT--1282153693-chat] [234.102] end isLikeGroup 2.3999999994412065 @ http://localhost:8080/src/lib/logger.ts:126
[  234669ms] [LOG] %s [234.108] [CHAT] [setPeer] setPeer peerId: -1502675110 Proxy(Object) -1502675110_4295053013 -1502675110_4295057321 @ http://localhost:8080/src/lib/logger.ts:106
[  234670ms] [LOG] %s [234.108] [CHAT--1282153693-chat] cleanup @ http://localhost:8080/src/lib/logger.ts:106
[  234670ms] [LOG] %s [234.108] [CHAT] [setLoaded] change bottom false @ http://localhost:8080/src/lib/logger.ts:106
[  234670ms] [LOG] %s [234.108] [CHAT] [BATCH-PROCESSOR-1] clear @ http://localhost:8080/src/lib/logger.ts:106
[  234673ms] [LOG] %s [234.111] [CHAT--1282153693-chat] i vin brehnya {cached: true, result: Promise} -1502675110_4295053013 17 17 @ http://localhost:8080/src/lib/logger.ts:106
[  234673ms] [WARNING] %s [234.111] [CHAT] [setPeer] got history @ http://localhost:8080/src/lib/logger.ts:126
[  234673ms] [LOG] %s [234.112] [CHAT--1282153693-chat] [perform-2] start null {count: 48989, history: Array(34), isEnd: Object, offsetIdOffset: 25, messages: undefined} @ http://localhost:8080/src/lib/logger.ts:106
[  234674ms] [LOG] %s [234.112] [CHAT] [BATCH-PROCESSOR-1] [queue] setting pause @ http://localhost:8080/src/lib/logger.ts:106
[  234678ms] [LOG] %s [234.117] [CHAT] [BATCH-PROCESSOR-1] [queue] start 34 @ http://localhost:8080/src/lib/logger.ts:106
[  234683ms] [LOG] %s [234.121] [CHAT] [BATCH-PROCESSOR-1] [queue] render item time 4.400000000372529 {bubble: div.bubble.is-in.can-have-tail, promises: Array(1), message: Object, reverse: true, updatePosition: true} @ http://localhost:8080/src/lib/logger.ts:106
[  234683ms] [LOG] %s [234.122] [CHAT] [BATCH-PROCESSOR-1] [queue] render item time 4.6000000005587935 {bubble: div.bubble.is-in.can-have-tail, promises: Array(1), message: Object, reverse: true, updatePosition: true} @ http://localhost:8080/src/lib/logger.ts:106
[  234683ms] [LOG] %s [234.122] [CHAT] [BATCH-PROCESSOR-1] [queue] render item time 4.7000000001862645 {bubble: div.bubble.is-in.can-have-tail, promises: Array(1), message: Object, reverse: true, updatePosition: true} @ http://localhost:8080/src/lib/logger.ts:106
[  234683ms] [LOG] %s [234.122] [CHAT] [BATCH-PROCESSOR-1] [queue] render item time 4.800000000745058 {bubble: div.bubble.is-in.can-have-tail, promises: Array(1), message: Object, reverse: true, updatePosition: true} @ http://localhost:8080/src/lib/logger.ts:106
[  234683ms] [LOG] %s [234.122] [CHAT] [BATCH-PROCESSOR-1] [queue] render item time 4.900000000372529 {bubble: div.bubble.is-in.can-have-tail, promises: Array(1), message: Object, reverse: true, updatePosition: true} @ http://localhost:8080/src/lib/logger.ts:106
[  234684ms] [LOG] %s [234.122] [CHAT] [BATCH-PROCESSOR-1] [queue] render item time 5.1000000005587935 {bubble: div.bubble.is-in.can-have-tail, promises: Array(1), message: Object, reverse: true, updatePosition: true} @ http://localhost:8080/src/lib/logger.ts:106
[  234684ms] [LOG] %s [234.122] [CHAT] [BATCH-PROCESSOR-1] [queue] render item time 5.2000000001862645 {bubble: div.bubble.is-in.can-have-tail, promises: Array(1), message: Object, reverse: true, updatePosition: true} @ http://localhost:8080/src/lib/logger.ts:106
[  234684ms] [LOG] %s [234.122] [CHAT] [BATCH-PROCESSOR-1] [queue] render item time 5.300000000745058 {bubble: div.bubble.is-in.can-have-tail, promises: Array(1), message: Object, reverse: true, updatePosition: true} @ http://localhost:8080/src/lib/logger.ts:106
[  234684ms] [LOG] %s [234.122] [CHAT] [BATCH-PROCESSOR-1] [queue] render item time 5.400000000372529 {bubble: div.bubble.is-in.can-have-tail, promises: Array(1), message: Object, reverse: true, updatePosition: true} @ http://localhost:8080/src/lib/logger.ts:106
[  234684ms] [LOG] %s [234.122] [CHAT] [BATCH-PROCESSOR-1] [queue] render item time 5.5 {bubble: div.bubble.is-in.can-have-tail, promises: Array(1), message: Object, reverse: true, updatePosition: true} @ http://localhost:8080/src/lib/logger.ts:106
[  234684ms] [LOG] %s [234.123] [CHAT] [BATCH-PROCESSOR-1] [queue] render item time 5.6000000005587935 {bubble: div.bubble.is-in.can-have-tail, promises: Array(1), message: Object, reverse: true, updatePosition: true} @ http://localhost:8080/src/lib/logger.ts:106
[  234684ms] [LOG] %s [234.123] [CHAT] [BATCH-PROCESSOR-1] [queue] render item time 5.7000000001862645 {bubble: div.bubble.is-in.can-have-tail, promises: Array(1), message: Object, reverse: true, updatePosition: true} @ http://localhost:8080/src/lib/logger.ts:106
[  234684ms] [LOG] %s [234.123] [CHAT] [BATCH-PROCESSOR-1] [queue] render item time 5.800000000745058 {bubble: div.bubble.hide-name.video.has-plain-media-tail.is-message-empty.has-floating-time.is-in.can-have-t…, promises: Array(1), message: Object, reverse: true, updatePosition: true} @ http://localhost:8080/src/lib/logger.ts:106
[  234684ms] [LOG] %s [234.123] [CHAT] [BATCH-PROCESSOR-1] [queue] render item time 5.900000000372529 {bubble: div.bubble.is-in.can-have-tail, promises: Array(1), message: Object, reverse: true, updatePosition: true} @ http://localhost:8080/src/lib/logger.ts:106
[  234684ms] [LOG] %s [234.123] [CHAT] [BATCH-PROCESSOR-1] [queue] render item time 6 {bubble: div.bubble.is-in.can-have-tail, promises: Array(1), message: Object, reverse: true, updatePosition: true} @ http://localhost:8080/src/lib/logger.ts:106
[  234686ms] [LOG] %s [234.124] [CHAT] [BATCH-PROCESSOR-1] [queue] render item time 7.300000000745058 {bubble: div.bubble.is-reply.is-in.can-have-tail, promises: Array(1), message: Object, reverse: true, updatePosition: true} @ http://localhost:8080/src/lib/logger.ts:106
[  234691ms] [LOG] %s [234.130] [CHAT] [BATCH-PROCESSOR-1] [queue] render item time 12.700000000186265 {bubble: div.bubble.is-in.can-have-tail, promises: Array(1), message: Object, reverse: true, updatePosition: true} @ http://localhost:8080/src/lib/logger.ts:106
[  234691ms] [LOG] %s [234.130] [CHAT] [BATCH-PROCESSOR-1] [queue] render item time 13 {bubble: div.bubble.sticker.is-message-empty.has-floating-time.just-media.hide-name.is-in, promises: Array(1), message: Object, reverse: true, updatePosition: true} @ http://localhost:8080/src/lib/logger.ts:106
[  234692ms] [LOG] %s [234.130] [CHAT] [BATCH-PROCESSOR-1] [queue] render item time 13.100000000558794 {bubble: div.bubble.has-webpage.single-media.is-in.can-have-tail, promises: Array(1), message: Object, reverse: true, updatePosition: true} @ http://localhost:8080/src/lib/logger.ts:106
[  234692ms] [LOG] %s [234.130] [CHAT] [BATCH-PROCESSOR-1] [queue] render item time 13.300000000745058 {bubble: div.bubble.is-in.can-have-tail, promises: Array(1), message: Object, reverse: true, updatePosition: true} @ http://localhost:8080/src/lib/logger.ts:106
[  234692ms] [LOG] %s [234.130] [CHAT] [BATCH-PROCESSOR-1] [queue] render item time 13.300000000745058 {bubble: div.bubble.is-in.can-have-tail, promises: Array(1), message: Object, reverse: true, updatePosition: true} @ http://localhost:8080/src/lib/logger.ts:106
[  234692ms] [LOG] %s [234.130] [CHAT] [BATCH-PROCESSOR-1] [queue] render item time 13.400000000372529 {bubble: div.bubble.is-in.can-have-tail, promises: Array(1), message: Object, reverse: true, updatePosition: true} @ http://localhost:8080/src/lib/logger.ts:106
[  234692ms] [LOG] %s [234.130] [CHAT] [BATCH-PROCESSOR-1] [queue] render item time 13.5 {bubble: div.bubble.is-in.can-have-tail, promises: Array(1), message: Object, reverse: true, updatePosition: true} @ http://localhost:8080/src/lib/logger.ts:106
[  234692ms] [LOG] %s [234.131] [CHAT] [BATCH-PROCESSOR-1] [queue] render item time 13.600000000558794 {bubble: div.bubble.is-in.can-have-tail, promises: Array(1), message: Object, reverse: true, updatePosition: true} @ http://localhost:8080/src/lib/logger.ts:106
[  234692ms] [LOG] %s [234.131] [CHAT] [BATCH-PROCESSOR-1] [queue] render item time 13.700000000186265 {bubble: div.bubble.is-in.can-have-tail, promises: Array(1), message: Object, reverse: true, updatePosition: true} @ http://localhost:8080/src/lib/logger.ts:106
[  234692ms] [LOG] %s [234.131] [CHAT] [BATCH-PROCESSOR-1] [queue] render item time 13.800000000745058 {bubble: div.bubble.sticker.is-message-empty.has-floating-time.just-media.hide-name.is-in, promises: Array(1), message: Object, reverse: true, updatePosition: true} @ http://localhost:8080/src/lib/logger.ts:106
[  234692ms] [LOG] %s [234.131] [CHAT] [BATCH-PROCESSOR-1] [queue] render item time 13.900000000372529 {bubble: div.bubble.is-in.can-have-tail, promises: Array(1), message: Object, reverse: true, updatePosition: true} @ http://localhost:8080/src/lib/logger.ts:106
[  234692ms] [LOG] %s [234.131] [CHAT] [BATCH-PROCESSOR-1] [queue] render item time 14 {bubble: div.bubble.channel-post.with-beside-button.video.forwarded.must-have-name.is-in.can-have-tail, promises: Array(2), message: Object, reverse: true, updatePosition: true} @ http://localhost:8080/src/lib/logger.ts:106
[  234693ms] [LOG] %s [234.131] [CHAT] [BATCH-PROCESSOR-1] [queue] render item time 14.100000000558794 {bubble: div.bubble.is-in.can-have-tail, promises: Array(1), message: Object, reverse: true, updatePosition: true} @ http://localhost:8080/src/lib/logger.ts:106
[  234693ms] [LOG] %s [234.131] [CHAT] [BATCH-PROCESSOR-1] [queue] render item time 14.200000000186265 {bubble: div.bubble.is-in.can-have-tail, promises: Array(1), message: Object, reverse: true, updatePosition: true} @ http://localhost:8080/src/lib/logger.ts:106
[  234693ms] [LOG] %s [234.131] [CHAT] [BATCH-PROCESSOR-1] [queue] render item time 14.5 {bubble: div.bubble.is-reply.is-in.can-have-tail, promises: Array(1), message: Object, reverse: true, updatePosition: true} @ http://localhost:8080/src/lib/logger.ts:106
[  234693ms] [LOG] %s [234.132] [CHAT] [BATCH-PROCESSOR-1] [queue] render item time 14.600000000558794 {bubble: div.bubble.is-reply.is-in.can-have-tail, promises: Array(1), message: Object, reverse: true, updatePosition: true} @ http://localhost:8080/src/lib/logger.ts:106
[  234693ms] [LOG] %s [234.132] [CHAT] [BATCH-PROCESSOR-1] [queue] render item time 14.800000000745058 {bubble: div.bubble.is-reply.is-in.can-have-tail, promises: Array(1), message: Object, reverse: true, updatePosition: true} @ http://localhost:8080/src/lib/logger.ts:106
[  234693ms] [LOG] %s [234.132] [CHAT] [BATCH-PROCESSOR-1] [queue] render item time 14.800000000745058 {bubble: div.bubble.is-reply.is-in.can-have-tail, promises: Array(1), message: Object, reverse: true, updatePosition: true} @ http://localhost:8080/src/lib/logger.ts:106
[  234693ms] [LOG] %s [234.132] [CHAT] [BATCH-PROCESSOR-1] [queue] messages rendered @ http://localhost:8080/src/lib/logger.ts:106
[  234698ms] [LOG] %s [234.136] [CHAT] [BATCH-PROCESSOR-1] [queue] changed ends true false @ http://localhost:8080/src/lib/logger.ts:106
[  234698ms] [LOG] %s [234.137] [CHAT] [BATCH-PROCESSOR-1] [queue] media promises to call [Promise, Promise, Promise, Promise, Promise, Promise, Promise, Promise, Promise, Promise, Promise, Promise, Promise, Promise, Promise, Promise, Promise, Promise, Promise, Promise, Promise, Promise, Promise, Promise, Promise, Promise, Promise, Promise, Promise, Promise, Promise, Promise, Promise, Promise, Promise, Promise, Promise, Promise, Promise, Promise, Promise, Promise, Promise, Promise, Promise, Promise, Promise, Promise, Promise, Promise, Promise, Promise, Promise, Promise, Promise, Promise] [Object, Object, Object, Object, Object, Object, Object, Object, Object, Object, Object, Object, Object, Object, Object, Object, Object, Object, Object, Object, Object, Object, Object, Object, Object, Object, Object, Object, Object, Object, Object, Object, Object, Object] false @ http://localhost:8080/src/lib/logger.ts:106
[  234700ms] [LOG] %s [234.138] [CHAT] [BATCH-PROCESSOR-1] [queue] media message time 1.5 0 Promise @ http://localhost:8080/src/lib/logger.ts:106
[  234700ms] [LOG] %s [234.139] [CHAT] [BATCH-PROCESSOR-1] [queue] media message time 1.5 0 Promise @ http://localhost:8080/src/lib/logger.ts:106
[  234700ms] [LOG] %s [234.139] [CHAT] [BATCH-PROCESSOR-1] [queue] media message time 1.5 0 Promise @ http://localhost:8080/src/lib/logger.ts:106
[  234701ms] [LOG] %s [234.139] [CHAT] [BATCH-PROCESSOR-1] [queue] media message time 1.5 0 Promise @ http://localhost:8080/src/lib/logger.ts:106
[  234701ms] [LOG] %s [234.139] [CHAT] [BATCH-PROCESSOR-1] [queue] media message time 1.5 0 Promise @ http://localhost:8080/src/lib/logger.ts:106
[  234701ms] [LOG] %s [234.140] [CHAT] [BATCH-PROCESSOR-1] [queue] media message time 1.5 0 Promise @ http://localhost:8080/src/lib/logger.ts:106
[  234701ms] [LOG] %s [234.140] [CHAT] [BATCH-PROCESSOR-1] [queue] media message time 1.5 0 Promise @ http://localhost:8080/src/lib/logger.ts:106
[  234702ms] [LOG] %s [234.140] [CHAT] [BATCH-PROCESSOR-1] [queue] media message time 1.5 0 Promise @ http://localhost:8080/src/lib/logger.ts:106
[  234702ms] [LOG] %s [234.140] [CHAT] [BATCH-PROCESSOR-1] [queue] media message time 1.5 0 Promise @ http://localhost:8080/src/lib/logger.ts:106
[  234702ms] [LOG] %s [234.141] [CHAT] [BATCH-PROCESSOR-1] [queue] media message time 1.5 0 Promise @ http://localhost:8080/src/lib/logger.ts:106
[  234702ms] [LOG] %s [234.141] [CHAT] [BATCH-PROCESSOR-1] [queue] media message time 1.5 0 Promise @ http://localhost:8080/src/lib/logger.ts:106
[  234702ms] [LOG] %s [234.141] [CHAT] [BATCH-PROCESSOR-1] [queue] media message time 1.5 0 Promise @ http://localhost:8080/src/lib/logger.ts:106
[  234703ms] [LOG] %s [234.141] [CHAT] [BATCH-PROCESSOR-1] [queue] media message time 1.5 0 Promise @ http://localhost:8080/src/lib/logger.ts:106
[  234703ms] [LOG] %s [234.141] [CHAT] [BATCH-PROCESSOR-1] [queue] media message time 1.5 0 Promise @ http://localhost:8080/src/lib/logger.ts:106
[  234703ms] [LOG] %s [234.142] [CHAT] [BATCH-PROCESSOR-1] [queue] media message time 1.5 0 Promise @ http://localhost:8080/src/lib/logger.ts:106
[  234703ms] [LOG] %s [234.142] [CHAT] [BATCH-PROCESSOR-1] [queue] media message time 1.5 0 Promise @ http://localhost:8080/src/lib/logger.ts:106
[  234704ms] [LOG] %s [234.142] [CHAT] [BATCH-PROCESSOR-1] [queue] media message time 1.5 0 Promise @ http://localhost:8080/src/lib/logger.ts:106
[  234704ms] [LOG] %s [234.142] [CHAT] [BATCH-PROCESSOR-1] [queue] media message time 1.5 0 Promise @ http://localhost:8080/src/lib/logger.ts:106
[  234704ms] [LOG] %s [234.143] [CHAT] [BATCH-PROCESSOR-1] [queue] media message time 1.5 0 Promise @ http://localhost:8080/src/lib/logger.ts:106
[  234704ms] [LOG] %s [234.143] [CHAT] [BATCH-PROCESSOR-1] [queue] media message time 1.5 0 Promise @ http://localhost:8080/src/lib/logger.ts:106
[  234705ms] [LOG] %s [234.143] [CHAT] [BATCH-PROCESSOR-1] [queue] media message time 1.5 0 Promise @ http://localhost:8080/src/lib/logger.ts:106
[  234705ms] [LOG] %s [234.143] [CHAT] [BATCH-PROCESSOR-1] [queue] media message time 1.5 0 Promise @ http://localhost:8080/src/lib/logger.ts:106
[  234705ms] [LOG] %s [234.144] [CHAT] [BATCH-PROCESSOR-1] [queue] media message time 1.5 0 Promise @ http://localhost:8080/src/lib/logger.ts:106
[  234705ms] [LOG] %s [234.144] [CHAT] [BATCH-PROCESSOR-1] [queue] media message time 1.5 0 Promise @ http://localhost:8080/src/lib/logger.ts:106
[  234705ms] [LOG] %s [234.144] [CHAT] [BATCH-PROCESSOR-1] [queue] media message time 1.5 0 Promise @ http://localhost:8080/src/lib/logger.ts:106
[  234706ms] [LOG] %s [234.144] [CHAT] [BATCH-PROCESSOR-1] [queue] media message time 1.5 0 Promise @ http://localhost:8080/src/lib/logger.ts:106
[  234706ms] [LOG] %s [234.144] [CHAT] [BATCH-PROCESSOR-1] [queue] media message time 1.5 0 Promise @ http://localhost:8080/src/lib/logger.ts:106
[  234706ms] [LOG] %s [234.145] [CHAT] [BATCH-PROCESSOR-1] [queue] media message time 1.5 0 Promise @ http://localhost:8080/src/lib/logger.ts:106
[  234706ms] [LOG] %s [234.145] [CHAT] [BATCH-PROCESSOR-1] [queue] media message time 1.5 0 Promise @ http://localhost:8080/src/lib/logger.ts:106
[  234707ms] [LOG] %s [234.145] [CHAT] [BATCH-PROCESSOR-1] [queue] media message time 1.5 0 Promise @ http://localhost:8080/src/lib/logger.ts:106
[  234707ms] [LOG] %s [234.146] [CHAT] [BATCH-PROCESSOR-1] [queue] media message time 1.5 0 Promise @ http://localhost:8080/src/lib/logger.ts:106
[  234707ms] [LOG] %s [234.146] [CHAT] [BATCH-PROCESSOR-1] [queue] media message time 1.5 0 Promise @ http://localhost:8080/src/lib/logger.ts:106
[  234709ms] [LOG] %s [234.147] [CHAT] [BATCH-PROCESSOR-1] [queue] media message time 10.899999999441206 0 Promise @ http://localhost:8080/src/lib/logger.ts:106
[  234724ms] [LOG] %s [234.162] [CHAT] [BATCH-PROCESSOR-1] [queue] media message time 1.5 0 Promise @ http://localhost:8080/src/lib/logger.ts:106
[  234724ms] [LOG] %s [234.162] [CHAT] [BATCH-PROCESSOR-1] [queue] media message time 25.899999999441206 1 Promise @ http://localhost:8080/src/lib/logger.ts:106
[  234731ms] [LOG] %s [234.170] [SWIPE-HANDLER] reset @ http://localhost:8080/src/lib/logger.ts:106
[  234731ms] [LOG] %s [234.170] [SWIPE-HANDLER] reset @ http://localhost:8080/src/lib/logger.ts:106
[  234731ms] [LOG] %s [234.170] [SWIPE-HANDLER] reset @ http://localhost:8080/src/lib/logger.ts:106
[  234741ms] [LOG] %s [234.179] [CHAT] [BATCH-PROCESSOR-1] [queue] media promises end @ http://localhost:8080/src/lib/logger.ts:106
[  234742ms] [LOG] %s [234.180] [CHAT] [BATCH-PROCESSOR-1] [queue] queue rendered @ http://localhost:8080/src/lib/logger.ts:106
[  234742ms] [LOG] %s [234.180] [CHAT] [BATCH-PROCESSOR-1] [queue] end @ http://localhost:8080/src/lib/logger.ts:106
[  234742ms] [LOG] %s [234.180] [CHAT--1282153693-chat] [perform-2] performHistoryResult end @ http://localhost:8080/src/lib/logger.ts:106
[  234742ms] [WARNING] %s [234.180] [CHAT] [setPeer] promise fulfilled @ http://localhost:8080/src/lib/logger.ts:126
[  234742ms] [WARNING] %s [234.181] [CHAT] [setPeer] finishing peer change @ http://localhost:8080/src/lib/logger.ts:126
[  234745ms] [LOG] %s [234.183] [CHAT] [handleBackgrounds] updating undefined undefined undefined @ http://localhost:8080/src/lib/logger.ts:106
[  234745ms] [WARNING] %s [234.184] [CHAT--1282153693-chat] [234.184] start topbar @ http://localhost:8080/src/lib/logger.ts:126
[  234745ms] [WARNING] %s [234.184] [CHAT--1282153693-chat] [234.184] start bubbles @ http://localhost:8080/src/lib/logger.ts:126
[  234745ms] [WARNING] %s [234.184] [CHAT--1282153693-chat] [234.184] start input @ http://localhost:8080/src/lib/logger.ts:126
[  234745ms] [WARNING] %s [234.184] [CHAT--1282153693-chat] [234.184] start sharedMedia @ http://localhost:8080/src/lib/logger.ts:126
[  234745ms] [WARNING] %s [234.184] [CHAT--1282153693-chat] [234.184] start backgrounds @ http://localhost:8080/src/lib/logger.ts:126
[  234746ms] [WARNING] %s [234.184] [CHAT--1282153693-chat] [234.184] end backgrounds 0.20000000018626451 @ http://localhost:8080/src/lib/logger.ts:126
[  234750ms] [WARNING] %s [234.188] [CHAT--1282153693-chat] [234.188] end sharedMedia 4.2999999998137355 @ http://localhost:8080/src/lib/logger.ts:126
[  234750ms] [WARNING] %s [234.188] [CHAT--1282153693-chat] [234.188] end bubbles 4.7000000001862645 @ http://localhost:8080/src/lib/logger.ts:126
[  234750ms] [WARNING] %s [234.189] [CHAT--1282153693-chat] [234.189] end topbar 5 @ http://localhost:8080/src/lib/logger.ts:126
[  234751ms] [WARNING] %s [234.189] [CHAT--1282153693-chat] [234.189] end input 5.6000000005587935 @ http://localhost:8080/src/lib/logger.ts:126
[  234751ms] [LOG] %s [234.189] [SEARCH-SUPER] load true -1502675110 {} @ http://localhost:8080/src/lib/logger.ts:106
[  234761ms] [LOG] %s [234.199] [SWIPE-HANDLER] remove listeners @ http://localhost:8080/src/lib/logger.ts:106
[  234761ms] [LOG] %s [234.199] [SWIPE-HANDLER] reset @ http://localhost:8080/src/lib/logger.ts:106
[  234762ms] [WARNING] %s [234.200] [CHAT] [setPeer] finished peer change @ http://localhost:8080/src/lib/logger.ts:126
[  234775ms] [LOG] %s [234.214] [PM] [setCorrectIndex] direction 0 mid 4295053007 @ http://localhost:8080/src/lib/logger.ts:106
[  234775ms] [LOG] %s [234.214] [PM] [getCurrentIndex] start 4295053007 true @ http://localhost:8080/src/lib/logger.ts:106
[  234776ms] [WARNING] %s [234.214] [CHAT] [setPeer] mounted chat true JSHandle@node 115.09999999962747 @ http://localhost:8080/src/lib/logger.ts:126
[  234776ms] [LOG] %s [234.215] [PM] handleFollowingPinnedMessage @ http://localhost:8080/src/lib/logger.ts:106
[  234783ms] [WARNING] %s [234.222] [NC] replace @ http://localhost:8080/src/lib/logger.ts:126
[  234784ms] [LOG] %s [234.222] [NC] [navigate] NavigateEvent NavigationHistoryEntry @ http://localhost:8080/src/lib/logger.ts:106
[  234785ms] [LOG] %s [234.224] [CHAT--1502675110-chat] will readHistory by maxId: 4295053023 @ http://localhost:8080/src/lib/logger.ts:106
[  234789ms] [LOG] %s [234.228] [CHAT] [setPeer] scrolledAllDown: false @ http://localhost:8080/src/lib/logger.ts:106
[  234789ms] [LOG] %s [234.228] [IM] selectTab 1 1 @ http://localhost:8080/src/lib/logger.ts:106
[  234791ms] [LOG] %s [234.229] [NOTIFICATIONS] cancel msg_1_-1502675110_4295053023 undefined @ http://localhost:8080/src/lib/logger.ts:106
[  234791ms] [LOG] %s [234.230] [NOTIFICATIONS] cancel msg_1_-1502675110_4295053021 undefined @ http://localhost:8080/src/lib/logger.ts:106
[  234791ms] [LOG] %s [234.230] [NOTIFICATIONS] cancel msg_1_-1502675110_4295053020 undefined @ http://localhost:8080/src/lib/logger.ts:106
[  234791ms] [LOG] %s [234.230] [NOTIFICATIONS] cancel msg_1_-1502675110_4295053019 undefined @ http://localhost:8080/src/lib/logger.ts:106
[  234791ms] [LOG] %s [234.230] [NOTIFICATIONS] cancel msg_1_-1502675110_4295053018 undefined @ http://localhost:8080/src/lib/logger.ts:106
[  234791ms] [LOG] %s [234.230] [NOTIFICATIONS] cancel msg_1_-1502675110_4295053017 undefined @ http://localhost:8080/src/lib/logger.ts:106
[  234791ms] [LOG] %s [234.230] [NOTIFICATIONS] cancel msg_1_-1502675110_4295053016 undefined @ http://localhost:8080/src/lib/logger.ts:106
[  234791ms] [LOG] %s [234.230] [NOTIFICATIONS] cancel msg_1_-1502675110_4295053015 undefined @ http://localhost:8080/src/lib/logger.ts:106
[  234791ms] [LOG] %s [234.230] [NOTIFICATIONS] cancel msg_1_-1502675110_4295053014 undefined @ http://localhost:8080/src/lib/logger.ts:106
[  234876ms] [LOG] %s [234.314] [CS] setState: isShown: false @ http://localhost:8080/src/lib/logger.ts:106
[  234877ms] [LOG] %s [234.316] [PM] [setCorrectIndex] not needed 1 @ http://localhost:8080/src/lib/logger.ts:106
[  235179ms] [LOG] %s [234.618] [CS] connecting false @ http://localhost:8080/src/lib/logger.ts:106
[  235179ms] [LOG] %s [234.618] [CS] setState false @ http://localhost:8080/src/lib/logger.ts:106
[  235250ms] [LOG] %s [234.689] [CHAT] [handleBackgrounds] updating Proxy(Object) undefined undefined @ http://localhost:8080/src/lib/logger.ts:106
[  235252ms] [LOG] %s [234.690] [CHAT] [handleBackgrounds] updating Proxy(Object) undefined undefined @ http://localhost:8080/src/lib/logger.ts:106
[  235260ms] Object
[  235302ms] [LOG] %s [234.741] [DIALOGS] dialogs click list @ http://localhost:8080/src/lib/logger.ts:106
[  235310ms] [LOG] %s [234.749] [IM] saved chat position: {mids: Array(34), top: 2221, pinnedMessages: undefined} @ http://localhost:8080/src/lib/logger.ts:106
[  235311ms] [WARNING] %s [234.749] [CHAT] [setPeer] start @ http://localhost:8080/src/lib/logger.ts:126
[  235311ms] [WARNING] %s [234.750] [CHAT--1502675110-chat] [234.750] start noForwards @ http://localhost:8080/src/lib/logger.ts:126
[  235311ms] [WARNING] %s [234.750] [CHAT--1502675110-chat] [234.750] start isRestricted @ http://localhost:8080/src/lib/logger.ts:126
[  235311ms] [WARNING] %s [234.750] [CHAT--1502675110-chat] [234.750] start isLikeGroup @ http://localhost:8080/src/lib/logger.ts:126
[  235312ms] [WARNING] %s [234.750] [CHAT--1502675110-chat] [234.750] start isRealGroup @ http://localhost:8080/src/lib/logger.ts:126
[  235312ms] [WARNING] %s [234.750] [CHAT--1502675110-chat] [234.750] start isMegagroup @ http://localhost:8080/src/lib/logger.ts:126
[  235312ms] [WARNING] %s [234.750] [CHAT--1502675110-chat] [234.750] start isBroadcast @ http://localhost:8080/src/lib/logger.ts:126
[  235312ms] [WARNING] %s [234.750] [CHAT--1502675110-chat] [234.750] start isChannel @ http://localhost:8080/src/lib/logger.ts:126
[  235312ms] [WARNING] %s [234.750] [CHAT--1502675110-chat] [234.750] start isBot @ http://localhost:8080/src/lib/logger.ts:126
[  235312ms] [WARNING] %s [234.751] [CHAT--1502675110-chat] [234.751] start isAnonymousSending @ http://localhost:8080/src/lib/logger.ts:126
[  235312ms] [WARNING] %s [234.751] [CHAT--1502675110-chat] [234.751] start isPremiumRequired @ http://localhost:8080/src/lib/logger.ts:126
[  235312ms] [WARNING] %s [234.751] [CHAT--1502675110-chat] [234.751] start starsAmount @ http://localhost:8080/src/lib/logger.ts:126
[  235312ms] [WARNING] %s [234.751] [CHAT--1502675110-chat] [234.751] start canManageDirectMessages @ http://localhost:8080/src/lib/logger.ts:126
[  235313ms] [WARNING] %s [234.751] [CHAT--1502675110-chat] [234.751] end isPremiumRequired 0.39999999944120646 @ http://localhost:8080/src/lib/logger.ts:126
[  235313ms] [WARNING] %s [234.751] [CHAT--1502675110-chat] [234.751] end noForwards 1.800000000745058 @ http://localhost:8080/src/lib/logger.ts:126
[  235313ms] [WARNING] %s [234.751] [CHAT--1502675110-chat] [234.751] end isRestricted 1.7000000001862645 @ http://localhost:8080/src/lib/logger.ts:126
[  235313ms] [WARNING] %s [234.752] [CHAT--1502675110-chat] [234.752] end isRealGroup 1.5 @ http://localhost:8080/src/lib/logger.ts:126
[  235313ms] [WARNING] %s [234.752] [CHAT--1502675110-chat] [234.752] end isMegagroup 1.5 @ http://localhost:8080/src/lib/logger.ts:126
[  235313ms] [WARNING] %s [234.752] [CHAT--1502675110-chat] [234.752] end isBroadcast 1.5 @ http://localhost:8080/src/lib/logger.ts:126
[  235313ms] [WARNING] %s [234.752] [CHAT--1502675110-chat] [234.752] end isChannel 1.3999999994412065 @ http://localhost:8080/src/lib/logger.ts:126
[  235313ms] [WARNING] %s [234.752] [CHAT--1502675110-chat] [234.752] end isBot 1.400000000372529 @ http://localhost:8080/src/lib/logger.ts:126
[  235313ms] [WARNING] %s [234.752] [CHAT--1502675110-chat] [234.752] end isAnonymousSending 1.300000000745058 @ http://localhost:8080/src/lib/logger.ts:126
[  235313ms] [WARNING] %s [234.752] [CHAT--1502675110-chat] [234.752] end starsAmount 1.1000000005587935 @ http://localhost:8080/src/lib/logger.ts:126
[  235313ms] [WARNING] %s [234.752] [CHAT--1502675110-chat] [234.752] end canManageDirectMessages 1.099999999627471 @ http://localhost:8080/src/lib/logger.ts:126
[  235313ms] [WARNING] %s [234.752] [CHAT--1502675110-chat] [234.752] end isLikeGroup 2.199999999254942 @ http://localhost:8080/src/lib/logger.ts:126
[  235321ms] [LOG] %s [234.759] [CHAT] [setPeer] setPeer peerId: -2837385042 Proxy(Object) -2837385042_4294981150 -2837385042_4294981190 @ http://localhost:8080/src/lib/logger.ts:106
[  235321ms] [LOG] %s [234.759] [CHAT--1502675110-chat] cleanup @ http://localhost:8080/src/lib/logger.ts:106
[  235321ms] [LOG] %s [234.759] [CHAT] [BATCH-PROCESSOR-1] clear @ http://localhost:8080/src/lib/logger.ts:106
[  235322ms] [LOG] %s [234.761] [CHAT--1502675110-chat] i vin brehnya {cached: true, result: Promise} -2837385042_4294981150 20 20 @ http://localhost:8080/src/lib/logger.ts:106
[  235322ms] [WARNING] %s [234.761] [CHAT] [setPeer] got history @ http://localhost:8080/src/lib/logger.ts:126
[  235323ms] [LOG] %s [234.761] [CHAT--1502675110-chat] [perform-371] start null {count: 13876, history: Array(40), isEnd: Object, offsetIdOffset: 41, messages: undefined} @ http://localhost:8080/src/lib/logger.ts:106
[  235323ms] [LOG] %s [234.762] [CHAT] [BATCH-PROCESSOR-1] [queue] setting pause @ http://localhost:8080/src/lib/logger.ts:106
[  235332ms] [LOG] %s [234.771] [CHAT] [BATCH-PROCESSOR-1] [queue] start 40 @ http://localhost:8080/src/lib/logger.ts:106
[  235341ms] [LOG] %s [234.779] [CHAT] [BATCH-PROCESSOR-1] [queue] render item time 8.200000000186265 {bubble: div.bubble.channel-post.with-beside-button.hide-name.photo.is-in.can-have-tail.no-forwards, promises: Array(2), message: Object, reverse: true, updatePosition: true} @ http://localhost:8080/src/lib/logger.ts:106
[  235341ms] [LOG] %s [234.780] [CHAT] [BATCH-PROCESSOR-1] [queue] render item time 8.799999999813735 {bubble: div.bubble.channel-post.with-beside-button.hide-name.photo.is-in.can-have-tail.no-forwards, promises: Array(2), message: Object, reverse: true, updatePosition: true} @ http://localhost:8080/src/lib/logger.ts:106
[  235342ms] [LOG] %s [234.780] [CHAT] [BATCH-PROCESSOR-1] [queue] render item time 9 {bubble: div.bubble.channel-post.with-beside-button.hide-name.photo.is-in.can-have-tail.no-forwards, promises: Array(2), message: Object, reverse: true, updatePosition: true} @ http://localhost:8080/src/lib/logger.ts:106
[  235342ms] [LOG] %s [234.780] [CHAT] [BATCH-PROCESSOR-1] [queue] render item time 9.099999999627471 {bubble: div.bubble.channel-post.with-beside-button.hide-name.photo.is-in.can-have-tail.no-forwards, promises: Array(2), message: Object, reverse: true, updatePosition: true} @ http://localhost:8080/src/lib/logger.ts:106
[  235342ms] [LOG] %s [234.780] [CHAT] [BATCH-PROCESSOR-1] [queue] render item time 9.200000000186265 {bubble: div.bubble.channel-post.with-beside-button.hide-name.photo.is-in.can-have-tail.no-forwards, promises: Array(2), message: Object, reverse: true, updatePosition: true} @ http://localhost:8080/src/lib/logger.ts:106
[  235342ms] [LOG] %s [234.780] [CHAT] [BATCH-PROCESSOR-1] [queue] render item time 9.400000000372529 {bubble: div.bubble.channel-post.with-beside-button.hide-name.photo.is-in.can-have-tail.no-forwards, promises: Array(2), message: Object, reverse: true, updatePosition: true} @ http://localhost:8080/src/lib/logger.ts:106
[  235342ms] [LOG] %s [234.781] [CHAT] [BATCH-PROCESSOR-1] [queue] render item time 9.5 {bubble: div.bubble.channel-post.with-beside-button.hide-name.photo.is-in.can-have-tail.no-forwards, promises: Array(2), message: Object, reverse: true, updatePosition: true} @ http://localhost:8080/src/lib/logger.ts:106
[  235342ms] [LOG] %s [234.781] [CHAT] [BATCH-PROCESSOR-1] [queue] render item time 9.599999999627471 {bubble: div.bubble.channel-post.with-beside-button.hide-name.photo.is-in.can-have-tail.no-forwards, promises: Array(2), message: Object, reverse: true, updatePosition: true} @ http://localhost:8080/src/lib/logger.ts:106
[  235342ms] [LOG] %s [234.781] [CHAT] [BATCH-PROCESSOR-1] [queue] render item time 9.700000000186265 {bubble: div.bubble.channel-post.with-beside-button.hide-name.photo.is-in.can-have-tail.no-forwards, promises: Array(2), message: Object, reverse: true, updatePosition: true} @ http://localhost:8080/src/lib/logger.ts:106
[  235342ms] [LOG] %s [234.781] [CHAT] [BATCH-PROCESSOR-1] [queue] render item time 9.799999999813735 {bubble: div.bubble.channel-post.with-beside-button.hide-name.photo.is-in.can-have-tail.no-forwards, promises: Array(2), message: Object, reverse: true, updatePosition: true} @ http://localhost:8080/src/lib/logger.ts:106
[  235342ms] [LOG] %s [234.781] [CHAT] [BATCH-PROCESSOR-1] [queue] render item time 9.900000000372529 {bubble: div.bubble.channel-post.with-beside-button.hide-name.photo.is-in.can-have-tail.no-forwards, promises: Array(2), message: Object, reverse: true, updatePosition: true} @ http://localhost:8080/src/lib/logger.ts:106
[  235342ms] [LOG] %s [234.781] [CHAT] [BATCH-PROCESSOR-1] [queue] render item time 9.900000000372529 {bubble: div.bubble.channel-post.with-beside-button.hide-name.photo.is-in.can-have-tail.no-forwards, promises: Array(2), message: Object, reverse: true, updatePosition: true} @ http://localhost:8080/src/lib/logger.ts:106
[  235343ms] [LOG] %s [234.781] [CHAT] [BATCH-PROCESSOR-1] [queue] render item time 10.099999999627471 {bubble: div.bubble.channel-post.with-beside-button.hide-name.photo.is-in.can-have-tail.no-forwards, promises: Array(2), message: Object, reverse: true, updatePosition: true} @ http://localhost:8080/src/lib/logger.ts:106
[  235343ms] [LOG] %s [234.781] [CHAT] [BATCH-PROCESSOR-1] [queue] render item time 10.200000000186265 {bubble: div.bubble.channel-post.with-beside-button.hide-name.photo.is-in.can-have-tail.no-forwards, promises: Array(2), message: Object, reverse: true, updatePosition: true} @ http://localhost:8080/src/lib/logger.ts:106
[  235343ms] [LOG] %s [234.781] [CHAT] [BATCH-PROCESSOR-1] [queue] render item time 10.299999999813735 {bubble: div.bubble.channel-post.with-beside-button.hide-name.photo.is-in.can-have-tail.no-forwards, promises: Array(2), message: Object, reverse: true, updatePosition: true} @ http://localhost:8080/src/lib/logger.ts:106
[  235343ms] [LOG] %s [234.781] [CHAT] [BATCH-PROCESSOR-1] [queue] render item time 10.299999999813735 {bubble: div.bubble.channel-post.with-beside-button.hide-name.photo.is-in.can-have-tail.no-forwards, promises: Array(2), message: Object, reverse: true, updatePosition: true} @ http://localhost:8080/src/lib/logger.ts:106
[  235343ms] [LOG] %s [234.781] [CHAT] [BATCH-PROCESSOR-1] [queue] render item time 10.5 {bubble: div.bubble.channel-post.with-beside-button.hide-name.photo.is-in.can-have-tail.no-forwards, promises: Array(2), message: Object, reverse: true, updatePosition: true} @ http://localhost:8080/src/lib/logger.ts:106
[  235343ms] [LOG] %s [234.782] [CHAT] [BATCH-PROCESSOR-1] [queue] render item time 10.599999999627471 {bubble: div.bubble.channel-post.with-beside-button.hide-name.photo.is-in.can-have-tail.no-forwards, promises: Array(2), message: Object, reverse: true, updatePosition: true} @ http://localhost:8080/src/lib/logger.ts:106
[  235343ms] [LOG] %s [234.782] [CHAT] [BATCH-PROCESSOR-1] [queue] render item time 10.700000000186265 {bubble: div.bubble.channel-post.with-beside-button.hide-name.photo.is-in.can-have-tail.no-forwards, promises: Array(2), message: Object, reverse: true, updatePosition: true} @ http://localhost:8080/src/lib/logger.ts:106
[  235348ms] [LOG] %s [234.786] [PM] setPinnedMessage: fromTop false 0 0 @ http://localhost:8080/src/lib/logger.ts:106
[  235352ms] [LOG] %s [234.791] [CHAT] [BATCH-PROCESSOR-1] [queue] render item time 19.59999999962747 {bubble: div.bubble.channel-post.with-beside-button.hide-name.photo.is-in.can-have-tail.no-forwards, promises: Array(2), message: Object, reverse: true, updatePosition: true} @ http://localhost:8080/src/lib/logger.ts:106
[  235353ms] [LOG] %s [234.791] [CHAT] [BATCH-PROCESSOR-1] [queue] render item time 19.90000000037253 {bubble: div.bubble.channel-post.with-beside-button.hide-name.photo.is-in.can-have-tail.no-forwards, promises: Array(2), message: Object, reverse: true, updatePosition: true} @ http://localhost:8080/src/lib/logger.ts:106
[  235353ms] [LOG] %s [234.791] [CHAT] [BATCH-PROCESSOR-1] [queue] render item time 20.09999999962747 {bubble: div.bubble.channel-post.with-beside-button.hide-name.photo.is-in.can-have-tail.no-forwards, promises: Array(2), message: Object, reverse: true, updatePosition: true} @ http://localhost:8080/src/lib/logger.ts:106
[  235353ms] [LOG] %s [234.791] [CHAT] [BATCH-PROCESSOR-1] [queue] render item time 20.299999999813735 {bubble: div.bubble.channel-post.with-beside-button.hide-name.photo.is-in.can-have-tail.no-forwards, promises: Array(2), message: Object, reverse: true, updatePosition: true} @ http://localhost:8080/src/lib/logger.ts:106
[  235353ms] [LOG] %s [234.791] [CHAT] [BATCH-PROCESSOR-1] [queue] render item time 20.299999999813735 {bubble: div.bubble.channel-post.with-beside-button.hide-name.photo.is-in.can-have-tail.no-forwards, promises: Array(2), message: Object, reverse: true, updatePosition: true} @ http://localhost:8080/src/lib/logger.ts:106
[  235353ms] [LOG] %s [234.791] [CHAT] [BATCH-PROCESSOR-1] [queue] render item time 20.40000000037253 {bubble: div.bubble.channel-post.with-beside-button.hide-name.photo.is-in.can-have-tail.no-forwards, promises: Array(2), message: Object, reverse: true, updatePosition: true} @ http://localhost:8080/src/lib/logger.ts:106
[  235353ms] [LOG] %s [234.792] [CHAT] [BATCH-PROCESSOR-1] [queue] render item time 20.5 {bubble: div.bubble.channel-post.with-beside-button.hide-name.photo.is-in.can-have-tail.no-forwards, promises: Array(2), message: Object, reverse: true, updatePosition: true} @ http://localhost:8080/src/lib/logger.ts:106
[  235353ms] [LOG] %s [234.792] [CHAT] [BATCH-PROCESSOR-1] [queue] render item time 20.59999999962747 {bubble: div.bubble.channel-post.with-beside-button.hide-name.photo.is-in.can-have-tail.no-forwards, promises: Array(2), message: Object, reverse: true, updatePosition: true} @ http://localhost:8080/src/lib/logger.ts:106
[  235353ms] [LOG] %s [234.792] [CHAT] [BATCH-PROCESSOR-1] [queue] render item time 20.799999999813735 {bubble: div.bubble.channel-post.with-beside-button.hide-name.photo.is-in.can-have-tail.no-forwards, promises: Array(2), message: Object, reverse: true, updatePosition: true} @ http://localhost:8080/src/lib/logger.ts:106
[  235353ms] [LOG] %s [234.792] [CHAT] [BATCH-PROCESSOR-1] [queue] render item time 20.90000000037253 {bubble: div.bubble.channel-post.with-beside-button.hide-name.photo.is-in.can-have-tail.no-forwards, promises: Array(2), message: Object, reverse: true, updatePosition: true} @ http://localhost:8080/src/lib/logger.ts:106
[  235354ms] [LOG] %s [234.792] [CHAT] [BATCH-PROCESSOR-1] [queue] render item time 21 {bubble: div.bubble.channel-post.with-beside-button.hide-name.photo.is-in.can-have-tail.no-forwards, promises: Array(2), message: Object, reverse: true, updatePosition: true} @ http://localhost:8080/src/lib/logger.ts:106
[  235354ms] [LOG] %s [234.792] [CHAT] [BATCH-PROCESSOR-1] [queue] render item time 21.09999999962747 {bubble: div.bubble.channel-post.with-beside-button.hide-name.photo.is-in.can-have-tail.no-forwards, promises: Array(2), message: Object, reverse: true, updatePosition: true} @ http://localhost:8080/src/lib/logger.ts:106
[  235354ms] [LOG] %s [234.792] [CHAT] [BATCH-PROCESSOR-1] [queue] render item time 21.200000000186265 {bubble: div.bubble.channel-post.with-beside-button.hide-name.photo.is-in.can-have-tail.no-forwards, promises: Array(2), message: Object, reverse: true, updatePosition: true} @ http://localhost:8080/src/lib/logger.ts:106
[  235354ms] [LOG] %s [234.792] [CHAT] [BATCH-PROCESSOR-1] [queue] render item time 21.200000000186265 {bubble: div.bubble.channel-post.with-beside-button.hide-name.photo.is-in.can-have-tail.no-forwards, promises: Array(2), message: Object, reverse: true, updatePosition: true} @ http://localhost:8080/src/lib/logger.ts:106
[  235354ms] [LOG] %s [234.792] [CHAT] [BATCH-PROCESSOR-1] [queue] render item time 21.40000000037253 {bubble: div.bubble.channel-post.with-beside-button.hide-name.photo.is-in.can-have-tail.no-forwards, promises: Array(2), message: Object, reverse: true, updatePosition: true} @ http://localhost:8080/src/lib/logger.ts:106
[  235354ms] [LOG] %s [234.792] [CHAT] [BATCH-PROCESSOR-1] [queue] render item time 21.40000000037253 {bubble: div.bubble.channel-post.with-beside-button.hide-name.photo.is-in.can-have-tail.no-forwards, promises: Array(2), message: Object, reverse: true, updatePosition: true} @ http://localhost:8080/src/lib/logger.ts:106
[  235354ms] [LOG] %s [234.793] [CHAT] [BATCH-PROCESSOR-1] [queue] render item time 21.5 {bubble: div.bubble.channel-post.with-beside-button.hide-name.photo.is-in.can-have-tail.no-forwards, promises: Array(2), message: Object, reverse: true, updatePosition: true} @ http://localhost:8080/src/lib/logger.ts:106
[  235354ms] [LOG] %s [234.793] [CHAT] [BATCH-PROCESSOR-1] [queue] render item time 21.59999999962747 {bubble: div.bubble.channel-post.with-beside-button.hide-name.photo.is-in.can-have-tail.no-forwards, promises: Array(2), message: Object, reverse: true, updatePosition: true} @ http://localhost:8080/src/lib/logger.ts:106
[  235354ms] [LOG] %s [234.793] [CHAT] [BATCH-PROCESSOR-1] [queue] render item time 21.700000000186265 {bubble: div.bubble.channel-post.with-beside-button.hide-name.photo.is-in.can-have-tail.no-forwards, promises: Array(2), message: Object, reverse: true, updatePosition: true} @ http://localhost:8080/src/lib/logger.ts:106
[  235354ms] [LOG] %s [234.793] [CHAT] [BATCH-PROCESSOR-1] [queue] render item time 21.90000000037253 {bubble: div.bubble.channel-post.with-beside-button.hide-name.photo.is-in.can-have-tail.no-forwards, promises: Array(2), message: Object, reverse: true, updatePosition: true} @ http://localhost:8080/src/lib/logger.ts:106
[  235355ms] [LOG] %s [234.793] [CHAT] [BATCH-PROCESSOR-1] [queue] render item time 22 {bubble: div.bubble.channel-post.with-beside-button.hide-name.photo.is-in.can-have-tail.no-forwards, promises: Array(2), message: Object, reverse: true, updatePosition: true} @ http://localhost:8080/src/lib/logger.ts:106
[  235355ms] [LOG] %s [234.793] [CHAT] [BATCH-PROCESSOR-1] [queue] messages rendered @ http://localhost:8080/src/lib/logger.ts:106
[  235355ms] [LOG] %s [234.793] [CHAT] [BATCH-PROCESSOR-1] [queue] changed ends true false @ http://localhost:8080/src/lib/logger.ts:106
[  235356ms] [LOG] %s [234.794] [CHAT] [BATCH-PROCESSOR-1] [queue] media promises to call [Promise, Promise, Promise, Promise, Promise, Promise, Promise, Promise, Promise, Promise, Promise, Promise, Promise, Promise, Promise, Promise, Promise, Promise, Promise, Promise, Promise, Promise, Promise, Promise, Promise, Promise, Promise, Promise, Promise, Promise, Promise, Promise, Promise, Promise, Promise, Promise, Promise, Promise, Promise, Promise, Promise, Promise, Promise, Promise, Promise, Promise, Promise, Promise, Promise, Promise, Promise, Promise, Promise, Promise, Promise, Promise, Promise, Promise, Promise, Promise, Promise, Promise, Promise, Promise, Promise, Promise, Promise, Promise, Promise, Promise, Promise, Promise, Promise, Promise, Promise, Promise, Promise, Promise, Promise, Promise, Promise] [Object, Object, Object, Object, Object, Object, Object, Object, Object, Object, Object, Object, Object, Object, Object, Object, Object, Object, Object, Object, Object, Object, Object, Object, Object, Object, Object, Object, Object, Object, Object, Object, Object, Object, Object, Object, Object, Object, Object, Object] false @ http://localhost:8080/src/lib/logger.ts:106
[  235361ms] [LOG] %s [234.799] [CHAT] [BATCH-PROCESSOR-1] [queue] media message time 1.1000000005587935 0 Promise @ http://localhost:8080/src/lib/logger.ts:106
[  235361ms] [LOG] %s [234.799] [CHAT] [BATCH-PROCESSOR-1] [queue] media message time 5.300000000745058 1 Promise @ http://localhost:8080/src/lib/logger.ts:106
[  235361ms] [LOG] %s [234.800] [CHAT] [BATCH-PROCESSOR-1] [queue] media message time 1.1000000005587935 0 Promise @ http://localhost:8080/src/lib/logger.ts:106
[  235361ms] [LOG] %s [234.800] [CHAT] [BATCH-PROCESSOR-1] [queue] media message time 5.300000000745058 1 Promise @ http://localhost:8080/src/lib/logger.ts:106
[  235362ms] [LOG] %s [234.800] [CHAT] [BATCH-PROCESSOR-1] [queue] media message time 1.1000000005587935 0 Promise @ http://localhost:8080/src/lib/logger.ts:106
[  235362ms] [LOG] %s [234.800] [CHAT] [BATCH-PROCESSOR-1] [queue] media message time 5.300000000745058 1 Promise @ http://localhost:8080/src/lib/logger.ts:106
[  235362ms] [LOG] %s [234.800] [CHAT] [BATCH-PROCESSOR-1] [queue] media message time 1.1000000005587935 0 Promise @ http://localhost:8080/src/lib/logger.ts:106
[  235362ms] [LOG] %s [234.801] [CHAT] [BATCH-PROCESSOR-1] [queue] media message time 5.300000000745058 1 Promise @ http://localhost:8080/src/lib/logger.ts:106
[  235362ms] [LOG] %s [234.801] [CHAT] [BATCH-PROCESSOR-1] [queue] media message time 1.1000000005587935 0 Promise @ http://localhost:8080/src/lib/logger.ts:106
[  235362ms] [LOG] %s [234.801] [CHAT] [BATCH-PROCESSOR-1] [queue] media message time 5.300000000745058 1 Promise @ http://localhost:8080/src/lib/logger.ts:106
[  235363ms] [LOG] %s [234.801] [CHAT] [BATCH-PROCESSOR-1] [queue] media message time 1.1000000005587935 0 Promise @ http://localhost:8080/src/lib/logger.ts:106
[  235363ms] [LOG] %s [234.801] [CHAT] [BATCH-PROCESSOR-1] [queue] media message time 5.300000000745058 1 Promise @ http://localhost:8080/src/lib/logger.ts:106
[  235363ms] [LOG] %s [234.802] [CHAT] [BATCH-PROCESSOR-1] [queue] media message time 1.1000000005587935 0 Promise @ http://localhost:8080/src/lib/logger.ts:106
[  235363ms] [LOG] %s [234.802] [CHAT] [BATCH-PROCESSOR-1] [queue] media message time 5.300000000745058 1 Promise @ http://localhost:8080/src/lib/logger.ts:106
[  235363ms] [LOG] %s [234.802] [CHAT] [BATCH-PROCESSOR-1] [queue] media message time 1.1000000005587935 0 Promise @ http://localhost:8080/src/lib/logger.ts:106
[  235364ms] [LOG] %s [234.802] [CHAT] [BATCH-PROCESSOR-1] [queue] media message time 5.300000000745058 1 Promise @ http://localhost:8080/src/lib/logger.ts:106
[  235364ms] [LOG] %s [234.802] [CHAT] [BATCH-PROCESSOR-1] [queue] media message time 1.1000000005587935 0 Promise @ http://localhost:8080/src/lib/logger.ts:106
[  235364ms] [LOG] %s [234.802] [CHAT] [BATCH-PROCESSOR-1] [queue] media message time 5.300000000745058 1 Promise @ http://localhost:8080/src/lib/logger.ts:106
[  235364ms] [LOG] %s [234.803] [CHAT] [BATCH-PROCESSOR-1] [queue] media message time 1.1000000005587935 0 Promise @ http://localhost:8080/src/lib/logger.ts:106
[  235364ms] [LOG] %s [234.803] [CHAT] [BATCH-PROCESSOR-1] [queue] media message time 5.300000000745058 1 Promise @ http://localhost:8080/src/lib/logger.ts:106
[  235365ms] [LOG] %s [234.803] [CHAT] [BATCH-PROCESSOR-1] [queue] media message time 1.1000000005587935 0 Promise @ http://localhost:8080/src/lib/logger.ts:106
[  235365ms] [LOG] %s [234.803] [CHAT] [BATCH-PROCESSOR-1] [queue] media message time 5.300000000745058 1 Promise @ http://localhost:8080/src/lib/logger.ts:106
[  235365ms] [LOG] %s [234.803] [CHAT] [BATCH-PROCESSOR-1] [queue] media message time 1.1000000005587935 0 Promise @ http://localhost:8080/src/lib/logger.ts:106
[  235365ms] [LOG] %s [234.803] [CHAT] [BATCH-PROCESSOR-1] [queue] media message time 5.300000000745058 1 Promise @ http://localhost:8080/src/lib/logger.ts:106
[  235365ms] [LOG] %s [234.804] [CHAT] [BATCH-PROCESSOR-1] [queue] media message time 1.1000000005587935 0 Promise @ http://localhost:8080/src/lib/logger.ts:106
[  235365ms] [LOG] %s [234.804] [CHAT] [BATCH-PROCESSOR-1] [queue] media message time 5.300000000745058 1 Promise @ http://localhost:8080/src/lib/logger.ts:106
[  235366ms] [LOG] %s [234.804] [CHAT] [BATCH-PROCESSOR-1] [queue] media message time 1.1000000005587935 0 Promise @ http://localhost:8080/src/lib/logger.ts:106
[  235366ms] [LOG] %s [234.804] [CHAT] [BATCH-PROCESSOR-1] [queue] media message time 5.300000000745058 1 Promise @ http://localhost:8080/src/lib/logger.ts:106
[  235366ms] [LOG] %s [234.804] [CHAT] [BATCH-PROCESSOR-1] [queue] media message time 1.1000000005587935 0 Promise @ http://localhost:8080/src/lib/logger.ts:106
[  235366ms] [LOG] %s [234.805] [CHAT] [BATCH-PROCESSOR-1] [queue] media message time 5.300000000745058 1 Promise @ http://localhost:8080/src/lib/logger.ts:106
[  235366ms] [LOG] %s [234.805] [CHAT] [BATCH-PROCESSOR-1] [queue] media message time 1.1000000005587935 0 Promise @ http://localhost:8080/src/lib/logger.ts:106
[  235367ms] [LOG] %s [234.805] [CHAT] [BATCH-PROCESSOR-1] [queue] media message time 5.300000000745058 1 Promise @ http://localhost:8080/src/lib/logger.ts:106
[  235367ms] [LOG] %s [234.805] [CHAT] [BATCH-PROCESSOR-1] [queue] media message time 1.1000000005587935 0 Promise @ http://localhost:8080/src/lib/logger.ts:106
[  235367ms] [LOG] %s [234.805] [CHAT] [BATCH-PROCESSOR-1] [queue] media message time 5.300000000745058 1 Promise @ http://localhost:8080/src/lib/logger.ts:106
[  235367ms] [LOG] %s [234.806] [CHAT] [BATCH-PROCESSOR-1] [queue] media message time 1.1000000005587935 0 Promise @ http://localhost:8080/src/lib/logger.ts:106
[  235367ms] [LOG] %s [234.806] [CHAT] [BATCH-PROCESSOR-1] [queue] media message time 5.300000000745058 1 Promise @ http://localhost:8080/src/lib/logger.ts:106
[  235368ms] [LOG] %s [234.806] [CHAT] [BATCH-PROCESSOR-1] [queue] media message time 1.1000000005587935 0 Promise @ http://localhost:8080/src/lib/logger.ts:106
[  235368ms] [LOG] %s [234.806] [CHAT] [BATCH-PROCESSOR-1] [queue] media message time 5.300000000745058 1 Promise @ http://localhost:8080/src/lib/logger.ts:106
[  235368ms] [LOG] %s [234.806] [CHAT] [BATCH-PROCESSOR-1] [queue] media message time 1.1000000005587935 0 Promise @ http://localhost:8080/src/lib/logger.ts:106
[  235368ms] [LOG] %s [234.806] [CHAT] [BATCH-PROCESSOR-1] [queue] media message time 5.300000000745058 1 Promise @ http://localhost:8080/src/lib/logger.ts:106
[  235368ms] [LOG] %s [234.807] [CHAT] [BATCH-PROCESSOR-1] [queue] media message time 1.1000000005587935 0 Promise @ http://localhost:8080/src/lib/logger.ts:106
[  235368ms] [LOG] %s [234.807] [CHAT] [BATCH-PROCESSOR-1] [queue] media message time 5.300000000745058 1 Promise @ http://localhost:8080/src/lib/logger.ts:106
[  235369ms] [LOG] %s [234.807] [CHAT] [BATCH-PROCESSOR-1] [queue] media message time 1.1000000005587935 0 Promise @ http://localhost:8080/src/lib/logger.ts:106
[  235369ms] [LOG] %s [234.807] [CHAT] [BATCH-PROCESSOR-1] [queue] media message time 5.300000000745058 1 Promise @ http://localhost:8080/src/lib/logger.ts:106
[  235369ms] [LOG] %s [234.808] [CHAT] [BATCH-PROCESSOR-1] [queue] media message time 1.1000000005587935 0 Promise @ http://localhost:8080/src/lib/logger.ts:106
[  235369ms] [LOG] %s [234.808] [CHAT] [BATCH-PROCESSOR-1] [queue] media message time 5.300000000745058 1 Promise @ http://localhost:8080/src/lib/logger.ts:106
[  235370ms] [LOG] %s [234.808] [CHAT] [BATCH-PROCESSOR-1] [queue] media message time 1.1000000005587935 0 Promise @ http://localhost:8080/src/lib/logger.ts:106
[  235370ms] [LOG] %s [234.808] [CHAT] [BATCH-PROCESSOR-1] [queue] media message time 5.300000000745058 1 Promise @ http://localhost:8080/src/lib/logger.ts:106
[  235370ms] [LOG] %s [234.809] [CHAT] [BATCH-PROCESSOR-1] [queue] media message time 1.1000000005587935 0 Promise @ http://localhost:8080/src/lib/logger.ts:106
[  235370ms] [LOG] %s [234.809] [CHAT] [BATCH-PROCESSOR-1] [queue] media message time 5.300000000745058 1 Promise @ http://localhost:8080/src/lib/logger.ts:106
[  235370ms] [LOG] %s [234.809] [CHAT] [BATCH-PROCESSOR-1] [queue] media message time 1.1000000005587935 0 Promise @ http://localhost:8080/src/lib/logger.ts:106
[  235370ms] [LOG] %s [234.809] [CHAT] [BATCH-PROCESSOR-1] [queue] media message time 5.300000000745058 1 Promise @ http://localhost:8080/src/lib/logger.ts:106
[  235371ms] [LOG] %s [234.809] [CHAT] [BATCH-PROCESSOR-1] [queue] media message time 1.1000000005587935 0 Promise @ http://localhost:8080/src/lib/logger.ts:106
[  235371ms] [LOG] %s [234.809] [CHAT] [BATCH-PROCESSOR-1] [queue] media message time 5.400000000372529 1 Promise @ http://localhost:8080/src/lib/logger.ts:106
[  235371ms] [LOG] %s [234.810] [CHAT] [BATCH-PROCESSOR-1] [queue] media message time 1.1000000005587935 0 Promise @ http://localhost:8080/src/lib/logger.ts:106
[  235371ms] [LOG] %s [234.810] [CHAT] [BATCH-PROCESSOR-1] [queue] media message time 5.400000000372529 1 Promise @ http://localhost:8080/src/lib/logger.ts:106
[  235371ms] [LOG] %s [234.810] [CHAT] [BATCH-PROCESSOR-1] [queue] media message time 1.1000000005587935 0 Promise @ http://localhost:8080/src/lib/logger.ts:106
[  235371ms] [LOG] %s [234.810] [CHAT] [BATCH-PROCESSOR-1] [queue] media message time 5.400000000372529 1 Promise @ http://localhost:8080/src/lib/logger.ts:106
[  235372ms] [LOG] %s [234.810] [CHAT] [BATCH-PROCESSOR-1] [queue] media message time 1.1000000005587935 0 Promise @ http://localhost:8080/src/lib/logger.ts:106
[  235372ms] [LOG] %s [234.810] [CHAT] [BATCH-PROCESSOR-1] [queue] media message time 5.400000000372529 1 Promise @ http://localhost:8080/src/lib/logger.ts:106
[  235372ms] [LOG] %s [234.811] [CHAT] [BATCH-PROCESSOR-1] [queue] media message time 1.1000000005587935 0 Promise @ http://localhost:8080/src/lib/logger.ts:106
[  235372ms] [LOG] %s [234.811] [CHAT] [BATCH-PROCESSOR-1] [queue] media message time 5.400000000372529 1 Promise @ http://localhost:8080/src/lib/logger.ts:106
[  235373ms] [LOG] %s [234.811] [CHAT] [BATCH-PROCESSOR-1] [queue] media message time 1.1000000005587935 0 Promise @ http://localhost:8080/src/lib/logger.ts:106
[  235373ms] [LOG] %s [234.811] [CHAT] [BATCH-PROCESSOR-1] [queue] media message time 5.400000000372529 1 Promise @ http://localhost:8080/src/lib/logger.ts:106
[  235373ms] [LOG] %s [234.811] [CHAT] [BATCH-PROCESSOR-1] [queue] media message time 1.1000000005587935 0 Promise @ http://localhost:8080/src/lib/logger.ts:106
[  235373ms] [LOG] %s [234.811] [CHAT] [BATCH-PROCESSOR-1] [queue] media message time 5.400000000372529 1 Promise @ http://localhost:8080/src/lib/logger.ts:106
[  235373ms] [LOG] %s [234.812] [CHAT] [BATCH-PROCESSOR-1] [queue] media message time 1.1000000005587935 0 Promise @ http://localhost:8080/src/lib/logger.ts:106
[  235373ms] [LOG] %s [234.812] [CHAT] [BATCH-PROCESSOR-1] [queue] media message time 5.400000000372529 1 Promise @ http://localhost:8080/src/lib/logger.ts:106
[  235384ms] [LOG] %s [234.823] [PM] [getCurrentIndex] result 4295053007 {count: 7, history: Array(7), isEnd: Object, offsetIdOffset: 0, messages: undefined} 0 0 true true @ http://localhost:8080/src/lib/logger.ts:106
[  235384ms] [LOG] %s [234.823] [PM] handleFollowingPinnedMessage: unlock @ http://localhost:8080/src/lib/logger.ts:106
[  235391ms] [LOG] %s [234.829] [CHAT] [BATCH-PROCESSOR-1] [queue] media message time 1.1000000005587935 0 Promise @ http://localhost:8080/src/lib/logger.ts:106
[  235391ms] [LOG] %s [234.829] [CHAT] [BATCH-PROCESSOR-1] [queue] media message time 35.40000000037253 1 Promise @ http://localhost:8080/src/lib/logger.ts:106
[  235391ms] [LOG] %s [234.830] [CHAT] [BATCH-PROCESSOR-1] [queue] media message time 1.1000000005587935 0 Promise @ http://localhost:8080/src/lib/logger.ts:106
[  235391ms] [LOG] %s [234.830] [CHAT] [BATCH-PROCESSOR-1] [queue] media message time 35.40000000037253 1 Promise @ http://localhost:8080/src/lib/logger.ts:106
[  235391ms] [LOG] %s [234.830] [CHAT] [BATCH-PROCESSOR-1] [queue] media message time 1.1000000005587935 0 Promise @ http://localhost:8080/src/lib/logger.ts:106
[  235392ms] [LOG] %s [234.830] [CHAT] [BATCH-PROCESSOR-1] [queue] media message time 35.40000000037253 1 Promise @ http://localhost:8080/src/lib/logger.ts:106
[  235392ms] [LOG] %s [234.830] [CHAT] [BATCH-PROCESSOR-1] [queue] media message time 1.1000000005587935 0 Promise @ http://localhost:8080/src/lib/logger.ts:106
[  235392ms] [LOG] %s [234.830] [CHAT] [BATCH-PROCESSOR-1] [queue] media message time 35.40000000037253 1 Promise @ http://localhost:8080/src/lib/logger.ts:106
[  235392ms] [LOG] %s [234.831] [CHAT] [BATCH-PROCESSOR-1] [queue] media message time 1.1000000005587935 0 Promise @ http://localhost:8080/src/lib/logger.ts:106
[  235392ms] [LOG] %s [234.831] [CHAT] [BATCH-PROCESSOR-1] [queue] media message time 35.40000000037253 1 Promise @ http://localhost:8080/src/lib/logger.ts:106
[  235392ms] [LOG] %s [234.831] [CHAT] [BATCH-PROCESSOR-1] [queue] media message time 1.1000000005587935 0 Promise @ http://localhost:8080/src/lib/logger.ts:106
[  235392ms] [LOG] %s [234.831] [CHAT] [BATCH-PROCESSOR-1] [queue] media message time 35.40000000037253 1 Promise @ http://localhost:8080/src/lib/logger.ts:106
[  235407ms] [LOG] %s [234.845] [CHAT] [BATCH-PROCESSOR-1] [queue] media promises end @ http://localhost:8080/src/lib/logger.ts:106
[  235408ms] [LOG] %s [234.846] [CHAT] [BATCH-PROCESSOR-1] [queue] queue rendered @ http://localhost:8080/src/lib/logger.ts:106
[  235408ms] [LOG] %s [234.846] [CHAT] [BATCH-PROCESSOR-1] [queue] end @ http://localhost:8080/src/lib/logger.ts:106
[  235408ms] [LOG] %s [234.846] [CHAT--1502675110-chat] [perform-371] performHistoryResult end @ http://localhost:8080/src/lib/logger.ts:106
[  235408ms] [WARNING] %s [234.846] [CHAT] [setPeer] promise fulfilled @ http://localhost:8080/src/lib/logger.ts:126
[  235408ms] [WARNING] %s [234.846] [CHAT] [setPeer] finishing peer change @ http://localhost:8080/src/lib/logger.ts:126
[  235412ms] [LOG] %s [234.850] [CHAT] [handleBackgrounds] updating undefined undefined undefined @ http://localhost:8080/src/lib/logger.ts:106
[  235412ms] [WARNING] %s [234.850] [CHAT--1502675110-chat] [234.850] start topbar @ http://localhost:8080/src/lib/logger.ts:126
[  235412ms] [WARNING] %s [234.850] [CHAT--1502675110-chat] [234.850] start bubbles @ http://localhost:8080/src/lib/logger.ts:126
[  235412ms] [WARNING] %s [234.850] [CHAT--1502675110-chat] [234.850] start input @ http://localhost:8080/src/lib/logger.ts:126
[  235412ms] [WARNING] %s [234.851] [CHAT--1502675110-chat] [234.851] start sharedMedia @ http://localhost:8080/src/lib/logger.ts:126
[  235412ms] [WARNING] %s [234.851] [CHAT--1502675110-chat] [234.851] start backgrounds @ http://localhost:8080/src/lib/logger.ts:126
[  235412ms] [WARNING] %s [234.851] [CHAT--1502675110-chat] [234.851] end backgrounds 0.2999999998137355 @ http://localhost:8080/src/lib/logger.ts:126
[  235414ms] [LOG] %s [234.853] [SWIPE-HANDLER] reset @ http://localhost:8080/src/lib/logger.ts:106
[  235414ms] [LOG] %s [234.853] [SWIPE-HANDLER] reset @ http://localhost:8080/src/lib/logger.ts:106
[  235414ms] [LOG] %s [234.853] [SWIPE-HANDLER] reset @ http://localhost:8080/src/lib/logger.ts:106
[  235414ms] [LOG] %s [234.853] [SWIPE-HANDLER] reset @ http://localhost:8080/src/lib/logger.ts:106
[  235428ms] [WARNING] %s [234.866] [CHAT--1502675110-chat] [234.866] end sharedMedia 15.799999999813735 @ http://localhost:8080/src/lib/logger.ts:126
[  235428ms] [WARNING] %s [234.867] [CHAT--1502675110-chat] [234.867] end bubbles 16.40000000037253 @ http://localhost:8080/src/lib/logger.ts:126
[  235428ms] [WARNING] %s [234.867] [CHAT--1502675110-chat] [234.867] end topbar 16.700000000186265 @ http://localhost:8080/src/lib/logger.ts:126
[  235429ms] [WARNING] %s [234.867] [CHAT--1502675110-chat] [234.867] end input 16.799999999813735 @ http://localhost:8080/src/lib/logger.ts:126
[  235429ms] [LOG] %s [234.867] [SEARCH-SUPER] load true -2837385042 {} @ http://localhost:8080/src/lib/logger.ts:106
[  235432ms] [LOG] %s [234.870] [SWIPE-HANDLER] remove listeners @ http://localhost:8080/src/lib/logger.ts:106
[  235432ms] [LOG] %s [234.871] [SWIPE-HANDLER] reset @ http://localhost:8080/src/lib/logger.ts:106
[  235433ms] [WARNING] %s [234.871] [CHAT] [setPeer] finished peer change @ http://localhost:8080/src/lib/logger.ts:126
[  235452ms] [LOG] %s [234.891] [PM] [setCorrectIndex] direction 0 mid 4294981137 @ http://localhost:8080/src/lib/logger.ts:106
[  235452ms] [LOG] %s [234.891] [PM] [getCurrentIndex] start 4294981137 true @ http://localhost:8080/src/lib/logger.ts:106
[  235453ms] [WARNING] %s [234.891] [CHAT] [setPeer] mounted chat true JSHandle@node 141.5 @ http://localhost:8080/src/lib/logger.ts:126
[  235453ms] [LOG] %s [234.891] [PM] handleFollowingPinnedMessage @ http://localhost:8080/src/lib/logger.ts:106
[  235453ms] [WARNING] %s [234.892] [NC] replace @ http://localhost:8080/src/lib/logger.ts:126
[  235454ms] [LOG] %s [234.892] [NC] [navigate] NavigateEvent NavigationHistoryEntry @ http://localhost:8080/src/lib/logger.ts:106
[  235462ms] [LOG] %s [234.901] [CHAT--2837385042-chat] will readHistory by maxId: 4294981151 @ http://localhost:8080/src/lib/logger.ts:106
[  235463ms] [LOG] %s [234.901] [CHAT] [setPeer] scrolledAllDown: false @ http://localhost:8080/src/lib/logger.ts:106
[  235463ms] [LOG] %s [234.902] [IM] selectTab 1 1 @ http://localhost:8080/src/lib/logger.ts:106
[  235466ms] [LOG] %s [234.904] [NOTIFICATIONS] cancel msg_1_-2837385042_4294981151 undefined @ http://localhost:8080/src/lib/logger.ts:106
[  235555ms] [LOG] %s [234.993] [PM] [setCorrectIndex] not needed 1 @ http://localhost:8080/src/lib/logger.ts:106
[  235592ms] [LOG] %s [235.031] [CS] setState: isShown: false @ http://localhost:8080/src/lib/logger.ts:106
[  235863ms] [LOG] %s [235.302] [CS] connecting false @ http://localhost:8080/src/lib/logger.ts:106
[  235863ms] [LOG] %s [235.302] [CS] setState false @ http://localhost:8080/src/lib/logger.ts:106
[  235867ms] [LOG] %s [235.305] [CHAT] [handleBackgrounds] updating Proxy(Object) undefined undefined @ http://localhost:8080/src/lib/logger.ts:106
[  235868ms] [LOG] %s [235.306] [CHAT] [handleBackgrounds] updating Proxy(Object) undefined undefined @ http://localhost:8080/src/lib/logger.ts:106
[  236047ms] [LOG] %s [235.486] [PM] [getCurrentIndex] result 4294981137 {count: 0, history: Array(0), isEnd: Object, offsetIdOffset: 0, messages: undefined} 0 0 true true @ http://localhost:8080/src/lib/logger.ts:106
[  236048ms] [LOG] %s [235.486] [PM] handleFollowingPinnedMessage: unlock @ http://localhost:8080/src/lib/logger.ts:106
[  236277ms] [LOG] %s [235.715] [CS] setState: isShown: false @ http://localhost:8080/src/lib/logger.ts:106
[  236601ms] [LOG] %s [236.039] [SEARCH-SUPER] load true -2837385042 {media: null} @ http://localhost:8080/src/lib/logger.ts:106
[  236635ms] [WARNING] %s [236.073] [MP-MTPROTO] [STUCK] manager pending 5923ms (id=4578.414535966835) @ http://localhost:8080/src/lib/logger.ts:126
[  236635ms] [WARNING] %s [236.073] [MP-MTPROTO] [STUCK] manager pending 5923ms (id=4579.414535966835) @ http://localhost:8080/src/lib/logger.ts:126
[  236635ms] [WARNING] %s [236.073] [MP-MTPROTO] [STUCK] manager pending 5923ms (id=4580.414535966835) @ http://localhost:8080/src/lib/logger.ts:126
[  236635ms] [WARNING] %s [236.073] [MP-MTPROTO] [STUCK] manager pending 5347ms (id=4820.414535966835) @ http://localhost:8080/src/lib/logger.ts:126
[  236755ms] Object
[  236757ms] Object
[  236776ms] Object
[  236845ms] [LOG] %s [236.284] [DIALOGS] dialogs click list @ http://localhost:8080/src/lib/logger.ts:106
[  236860ms] [LOG] %s [236.299] [CHAT--2096687198-chat] [VIEWPORT-SLICE] will slice top [Object, Object, Object, Object, Object, Object, Object, Object, Object, Object, Object, Object, Object, Object, Object, Object, Object, Object, Object, Object] @ http://localhost:8080/src/lib/logger.ts:106
[  236861ms] [LOG] %s [236.299] [CHAT--2096687198-chat] [VIEWPORT-SLICE] will slice bottom [Object, Object, Object, Object, Object, Object, Object, Object, Object, Object, Object, Object, Object, Object, Object, Object, Object, Object, Object, Object] @ http://localhost:8080/src/lib/logger.ts:106
[  236861ms] [LOG] %s [236.300] [CHAT--2096687198-chat] [VIEWPORT-SLICE] slicing mids [-2837385042_4294981130, -2837385042_4294981131, -2837385042_4294981132, -2837385042_4294981133, -2837385042_4294981134, -2837385042_4294981135, -2837385042_4294981136, -2837385042_4294981137, -2837385042_4294981138, -2837385042_4294981139, -2837385042_4294981140, -2837385042_4294981141, -2837385042_4294981162, -2837385042_4294981163, -2837385042_4294981164, -2837385042_4294981165, -2837385042_4294981166, -2837385042_4294981167, -2837385042_4294981168, -2837385042_4294981169] @ http://localhost:8080/src/lib/logger.ts:106
[  236864ms] [LOG] %s [236.302] [IM] saved chat position: {mids: Array(20), top: 3751, pinnedMessages: undefined} @ http://localhost:8080/src/lib/logger.ts:106
[  236864ms] [WARNING] %s [236.303] [CHAT] [setPeer] start @ http://localhost:8080/src/lib/logger.ts:126
[  236865ms] [WARNING] %s [236.303] [CHAT--2837385042-chat] [236.303] start noForwards @ http://localhost:8080/src/lib/logger.ts:126
[  236865ms] [WARNING] %s [236.303] [CHAT--2837385042-chat] [236.303] start isRestricted @ http://localhost:8080/src/lib/logger.ts:126
[  236865ms] [WARNING] %s [236.303] [CHAT--2837385042-chat] [236.303] start isLikeGroup @ http://localhost:8080/src/lib/logger.ts:126
[  236865ms] [WARNING] %s [236.303] [CHAT--2837385042-chat] [236.303] start isRealGroup @ http://localhost:8080/src/lib/logger.ts:126
[  236865ms] [WARNING] %s [236.303] [CHAT--2837385042-chat] [236.303] start isMegagroup @ http://localhost:8080/src/lib/logger.ts:126
[  236865ms] [WARNING] %s [236.304] [CHAT--2837385042-chat] [236.304] start isBroadcast @ http://localhost:8080/src/lib/logger.ts:126
[  236865ms] [WARNING] %s [236.304] [CHAT--2837385042-chat] [236.304] start isChannel @ http://localhost:8080/src/lib/logger.ts:126
[  236865ms] [WARNING] %s [236.304] [CHAT--2837385042-chat] [236.304] start isBot @ http://localhost:8080/src/lib/logger.ts:126
[  236865ms] [WARNING] %s [236.304] [CHAT--2837385042-chat] [236.304] start isAnonymousSending @ http://localhost:8080/src/lib/logger.ts:126
[  236865ms] [WARNING] %s [236.304] [CHAT--2837385042-chat] [236.304] start isPremiumRequired @ http://localhost:8080/src/lib/logger.ts:126
[  236866ms] [WARNING] %s [236.304] [CHAT--2837385042-chat] [236.304] start starsAmount @ http://localhost:8080/src/lib/logger.ts:126
[  236866ms] [WARNING] %s [236.304] [CHAT--2837385042-chat] [236.304] start canManageDirectMessages @ http://localhost:8080/src/lib/logger.ts:126
[  236866ms] [WARNING] %s [236.304] [CHAT--2837385042-chat] [236.304] end isPremiumRequired 0.39999999944120646 @ http://localhost:8080/src/lib/logger.ts:126
[  236866ms] [WARNING] %s [236.305] [CHAT--2837385042-chat] [236.305] end noForwards 1.7000000001862645 @ http://localhost:8080/src/lib/logger.ts:126
[  236866ms] [WARNING] %s [236.305] [CHAT--2837385042-chat] [236.305] end isRestricted 1.599999999627471 @ http://localhost:8080/src/lib/logger.ts:126
[  236866ms] [WARNING] %s [236.305] [CHAT--2837385042-chat] [236.305] end isRealGroup 1.5 @ http://localhost:8080/src/lib/logger.ts:126
[  236866ms] [WARNING] %s [236.305] [CHAT--2837385042-chat] [236.305] end isMegagroup 1.5 @ http://localhost:8080/src/lib/logger.ts:126
[  236866ms] [WARNING] %s [236.305] [CHAT--2837385042-chat] [236.305] end isBroadcast 1.5 @ http://localhost:8080/src/lib/logger.ts:126
[  236867ms] [WARNING] %s [236.305] [CHAT--2837385042-chat] [236.305] end isChannel 1.5 @ http://localhost:8080/src/lib/logger.ts:126
[  236867ms] [WARNING] %s [236.305] [CHAT--2837385042-chat] [236.305] end isBot 1.3999999994412065 @ http://localhost:8080/src/lib/logger.ts:126
[  236867ms] [WARNING] %s [236.305] [CHAT--2837385042-chat] [236.305] end isAnonymousSending 1.2999999998137355 @ http://localhost:8080/src/lib/logger.ts:126
[  236867ms] [WARNING] %s [236.305] [CHAT--2837385042-chat] [236.305] end starsAmount 1.2999999998137355 @ http://localhost:8080/src/lib/logger.ts:126
[  236867ms] [WARNING] %s [236.305] [CHAT--2837385042-chat] [236.305] end canManageDirectMessages 1.099999999627471 @ http://localhost:8080/src/lib/logger.ts:126
[  236867ms] [WARNING] %s [236.305] [CHAT--2837385042-chat] [236.305] end isLikeGroup 2.1000000005587935 @ http://localhost:8080/src/lib/logger.ts:126
[  236871ms] [LOG] %s [236.310] [CHAT] [setPeer] setPeer peerId: -1502675110 Proxy(Object) 0_0 -1502675110_4295057321 @ http://localhost:8080/src/lib/logger.ts:106
[  236871ms] [LOG] %s [236.310] [CHAT--2837385042-chat] cleanup @ http://localhost:8080/src/lib/logger.ts:106
[  236872ms] [LOG] %s [236.310] [CHAT] [BATCH-PROCESSOR-1] clear @ http://localhost:8080/src/lib/logger.ts:106
[  236880ms] [WARNING] %s [236.319] [CHAT] [setPeer] got history @ http://localhost:8080/src/lib/logger.ts:126
[  236880ms] [LOG] %s [236.319] [CHAT--2837385042-chat] [perform-156] start null {history: Array(34)} @ http://localhost:8080/src/lib/logger.ts:106
[  236881ms] [LOG] %s [236.319] [CHAT] [BATCH-PROCESSOR-1] [queue] setting pause @ http://localhost:8080/src/lib/logger.ts:106
[  236883ms] [LOG] %s [236.322] [CHAT] [BATCH-PROCESSOR-1] [queue] start 34 @ http://localhost:8080/src/lib/logger.ts:106
[  236887ms] [LOG] %s [236.325] [CHAT] [BATCH-PROCESSOR-1] [queue] render item time 3.2000000001862645 {bubble: div.bubble.is-in.can-have-tail, promises: Array(1), message: Object, reverse: true, updatePosition: true} @ http://localhost:8080/src/lib/logger.ts:106
[  236887ms] [LOG] %s [236.326] [CHAT] [BATCH-PROCESSOR-1] [queue] render item time 3.3999999994412065 {bubble: div.bubble.is-in.can-have-tail, promises: Array(1), message: Object, reverse: true, updatePosition: true} @ http://localhost:8080/src/lib/logger.ts:106
[  236887ms] [LOG] %s [236.326] [CHAT] [BATCH-PROCESSOR-1] [queue] render item time 3.5 {bubble: div.bubble.is-in.can-have-tail, promises: Array(1), message: Object, reverse: true, updatePosition: true} @ http://localhost:8080/src/lib/logger.ts:106
[  236887ms] [LOG] %s [236.326] [CHAT] [BATCH-PROCESSOR-1] [queue] render item time 3.7000000001862645 {bubble: div.bubble.is-in.can-have-tail, promises: Array(1), message: Object, reverse: true, updatePosition: true} @ http://localhost:8080/src/lib/logger.ts:106
[  236887ms] [LOG] %s [236.326] [CHAT] [BATCH-PROCESSOR-1] [queue] render item time 3.7000000001862645 {bubble: div.bubble.is-in.can-have-tail, promises: Array(1), message: Object, reverse: true, updatePosition: true} @ http://localhost:8080/src/lib/logger.ts:106
[  236887ms] [LOG] %s [236.326] [CHAT] [BATCH-PROCESSOR-1] [queue] render item time 3.7999999998137355 {bubble: div.bubble.is-in.can-have-tail, promises: Array(1), message: Object, reverse: true, updatePosition: true} @ http://localhost:8080/src/lib/logger.ts:106
[  236888ms] [LOG] %s [236.326] [CHAT] [BATCH-PROCESSOR-1] [queue] render item time 3.8999999994412065 {bubble: div.bubble.is-in.can-have-tail, promises: Array(1), message: Object, reverse: true, updatePosition: true} @ http://localhost:8080/src/lib/logger.ts:106
[  236894ms] [LOG] %s [236.333] [CHAT] [BATCH-PROCESSOR-1] [queue] render item time 10.599999999627471 {bubble: div.bubble.is-in.can-have-tail, promises: Array(1), message: Object, reverse: true, updatePosition: true} @ http://localhost:8080/src/lib/logger.ts:106
[  236894ms] [LOG] %s [236.333] [CHAT] [BATCH-PROCESSOR-1] [queue] render item time 10.799999999813735 {bubble: div.bubble.is-in.can-have-tail, promises: Array(1), message: Object, reverse: true, updatePosition: true} @ http://localhost:8080/src/lib/logger.ts:106
[  236895ms] [LOG] %s [236.333] [CHAT] [BATCH-PROCESSOR-1] [queue] render item time 10.899999999441206 {bubble: div.bubble.is-in.can-have-tail, promises: Array(1), message: Object, reverse: true, updatePosition: true} @ http://localhost:8080/src/lib/logger.ts:106
[  236895ms] [LOG] %s [236.333] [CHAT] [BATCH-PROCESSOR-1] [queue] render item time 11 {bubble: div.bubble.is-in.can-have-tail, promises: Array(1), message: Object, reverse: true, updatePosition: true} @ http://localhost:8080/src/lib/logger.ts:106
[  236895ms] [LOG] %s [236.333] [CHAT] [BATCH-PROCESSOR-1] [queue] render item time 11.099999999627471 {bubble: div.bubble.is-in.can-have-tail, promises: Array(1), message: Object, reverse: true, updatePosition: true} @ http://localhost:8080/src/lib/logger.ts:106
[  236895ms] [LOG] %s [236.333] [CHAT] [BATCH-PROCESSOR-1] [queue] render item time 11.200000000186265 {bubble: div.bubble.hide-name.video.has-plain-media-tail.is-message-empty.has-floating-time.is-in.can-have-t…, promises: Array(1), message: Object, reverse: true, updatePosition: true} @ http://localhost:8080/src/lib/logger.ts:106
[  236895ms] [LOG] %s [236.333] [CHAT] [BATCH-PROCESSOR-1] [queue] render item time 11.200000000186265 {bubble: div.bubble.is-in.can-have-tail, promises: Array(1), message: Object, reverse: true, updatePosition: true} @ http://localhost:8080/src/lib/logger.ts:106
[  236895ms] [LOG] %s [236.334] [CHAT] [BATCH-PROCESSOR-1] [queue] render item time 11.299999999813735 {bubble: div.bubble.is-in.can-have-tail, promises: Array(1), message: Object, reverse: true, updatePosition: true} @ http://localhost:8080/src/lib/logger.ts:106
[  236895ms] [LOG] %s [236.334] [CHAT] [BATCH-PROCESSOR-1] [queue] render item time 11.399999999441206 {bubble: div.bubble.is-in.can-have-tail, promises: Array(1), message: Object, reverse: true, updatePosition: true} @ http://localhost:8080/src/lib/logger.ts:106
[  236895ms] [LOG] %s [236.334] [CHAT] [BATCH-PROCESSOR-1] [queue] render item time 11.599999999627471 {bubble: div.bubble.sticker.is-message-empty.has-floating-time.just-media.hide-name.is-in, promises: Array(1), message: Object, reverse: true, updatePosition: true} @ http://localhost:8080/src/lib/logger.ts:106
[  236895ms] [LOG] %s [236.334] [CHAT] [BATCH-PROCESSOR-1] [queue] render item time 11.700000000186265 {bubble: div.bubble.has-webpage.single-media.is-in.can-have-tail, promises: Array(1), message: Object, reverse: true, updatePosition: true} @ http://localhost:8080/src/lib/logger.ts:106
[  236895ms] [LOG] %s [236.334] [CHAT] [BATCH-PROCESSOR-1] [queue] render item time 11.799999999813735 {bubble: div.bubble.is-in.can-have-tail, promises: Array(1), message: Object, reverse: true, updatePosition: true} @ http://localhost:8080/src/lib/logger.ts:106
[  236896ms] [LOG] %s [236.334] [CHAT] [BATCH-PROCESSOR-1] [queue] render item time 11.899999999441206 {bubble: div.bubble.is-in.can-have-tail, promises: Array(1), message: Object, reverse: true, updatePosition: true} @ http://localhost:8080/src/lib/logger.ts:106
[  236896ms] [LOG] %s [236.334] [CHAT] [BATCH-PROCESSOR-1] [queue] render item time 12 {bubble: div.bubble.is-in.can-have-tail, promises: Array(1), message: Object, reverse: true, updatePosition: true} @ http://localhost:8080/src/lib/logger.ts:106
[  236896ms] [LOG] %s [236.334] [CHAT] [BATCH-PROCESSOR-1] [queue] render item time 12.099999999627471 {bubble: div.bubble.is-in.can-have-tail, promises: Array(1), message: Object, reverse: true, updatePosition: true} @ http://localhost:8080/src/lib/logger.ts:106
[  236896ms] [LOG] %s [236.334] [CHAT] [BATCH-PROCESSOR-1] [queue] render item time 12.200000000186265 {bubble: div.bubble.is-in.can-have-tail, promises: Array(1), message: Object, reverse: true, updatePosition: true} @ http://localhost:8080/src/lib/logger.ts:106
[  236896ms] [LOG] %s [236.334] [CHAT] [BATCH-PROCESSOR-1] [queue] render item time 12.200000000186265 {bubble: div.bubble.is-in.can-have-tail, promises: Array(1), message: Object, reverse: true, updatePosition: true} @ http://localhost:8080/src/lib/logger.ts:106
[  236896ms] [LOG] %s [236.334] [CHAT] [BATCH-PROCESSOR-1] [queue] render item time 12.299999999813735 {bubble: div.bubble.sticker.is-message-empty.has-floating-time.just-media.hide-name.is-in, promises: Array(1), message: Object, reverse: true, updatePosition: true} @ http://localhost:8080/src/lib/logger.ts:106
[  236896ms] [LOG] %s [236.335] [CHAT] [BATCH-PROCESSOR-1] [queue] render item time 12.399999999441206 {bubble: div.bubble.is-in.can-have-tail, promises: Array(1), message: Object, reverse: true, updatePosition: true} @ http://localhost:8080/src/lib/logger.ts:106
[  236896ms] [LOG] %s [236.335] [CHAT] [BATCH-PROCESSOR-1] [queue] render item time 12.5 {bubble: div.bubble.channel-post.with-beside-button.video.forwarded.must-have-name.is-in.can-have-tail, promises: Array(2), message: Object, reverse: true, updatePosition: true} @ http://localhost:8080/src/lib/logger.ts:106
[  236896ms] [LOG] %s [236.335] [CHAT] [BATCH-PROCESSOR-1] [queue] render item time 12.599999999627471 {bubble: div.bubble.is-in.can-have-tail, promises: Array(1), message: Object, reverse: true, updatePosition: true} @ http://localhost:8080/src/lib/logger.ts:106
[  236896ms] [LOG] %s [236.335] [CHAT] [BATCH-PROCESSOR-1] [queue] render item time 12.700000000186265 {bubble: div.bubble.is-in.can-have-tail, promises: Array(1), message: Object, reverse: true, updatePosition: true} @ http://localhost:8080/src/lib/logger.ts:106
[  236898ms] [LOG] %s [236.336] [CHAT] [BATCH-PROCESSOR-1] [queue] render item time 14 {bubble: div.bubble.is-reply.is-in.can-have-tail, promises: Array(1), message: Object, reverse: true, updatePosition: true} @ http://localhost:8080/src/lib/logger.ts:106
[  236898ms] [LOG] %s [236.336] [CHAT] [BATCH-PROCESSOR-1] [queue] render item time 14.200000000186265 {bubble: div.bubble.is-reply.is-in.can-have-tail, promises: Array(1), message: Object, reverse: true, updatePosition: true} @ http://localhost:8080/src/lib/logger.ts:106
[  236898ms] [LOG] %s [236.336] [CHAT] [BATCH-PROCESSOR-1] [queue] render item time 14.299999999813735 {bubble: div.bubble.is-reply.is-in.can-have-tail, promises: Array(1), message: Object, reverse: true, updatePosition: true} @ http://localhost:8080/src/lib/logger.ts:106
[  236898ms] [LOG] %s [236.337] [CHAT] [BATCH-PROCESSOR-1] [queue] render item time 14.299999999813735 {bubble: div.bubble.is-reply.is-in.can-have-tail, promises: Array(1), message: Object, reverse: true, updatePosition: true} @ http://localhost:8080/src/lib/logger.ts:106
[  236898ms] [LOG] %s [236.337] [CHAT] [BATCH-PROCESSOR-1] [queue] render item time 14.5 {bubble: div.bubble.is-reply.is-in.can-have-tail, promises: Array(1), message: Object, reverse: true, updatePosition: true} @ http://localhost:8080/src/lib/logger.ts:106
[  236898ms] [LOG] %s [236.337] [CHAT] [BATCH-PROCESSOR-1] [queue] messages rendered @ http://localhost:8080/src/lib/logger.ts:106
[  236903ms] [LOG] %s [236.341] [CHAT] [BATCH-PROCESSOR-1] [queue] changed ends true false @ http://localhost:8080/src/lib/logger.ts:106
[  236903ms] [LOG] %s [236.342] [CHAT] [BATCH-PROCESSOR-1] [queue] media promises to call [Promise, Promise, Promise, Promise, Promise, Promise, Promise, Promise, Promise, Promise, Promise, Promise, Promise, Promise, Promise, Promise, Promise, Promise, Promise, Promise, Promise, Promise, Promise, Promise, Promise, Promise, Promise, Promise, Promise, Promise, Promise, Promise, Promise, Promise, Promise, Promise, Promise, Promise, Promise, Promise, Promise, Promise, Promise, Promise, Promise, Promise, Promise, Promise, Promise, Promise, Promise, Promise, Promise, Promise, Promise, Promise] [Object, Object, Object, Object, Object, Object, Object, Object, Object, Object, Object, Object, Object, Object, Object, Object, Object, Object, Object, Object, Object, Object, Object, Object, Object, Object, Object, Object, Object, Object, Object, Object, Object, Object] false @ http://localhost:8080/src/lib/logger.ts:106
[  236904ms] [LOG] %s [236.343] [CHAT] [BATCH-PROCESSOR-1] [queue] media message time 1.199999999254942 0 Promise @ http://localhost:8080/src/lib/logger.ts:106
[  236905ms] [LOG] %s [236.343] [CHAT] [BATCH-PROCESSOR-1] [queue] media message time 1.199999999254942 0 Promise @ http://localhost:8080/src/lib/logger.ts:106
[  236905ms] [LOG] %s [236.343] [CHAT] [BATCH-PROCESSOR-1] [queue] media message time 1.199999999254942 0 Promise @ http://localhost:8080/src/lib/logger.ts:106
[  236905ms] [LOG] %s [236.344] [CHAT] [BATCH-PROCESSOR-1] [queue] media message time 1.199999999254942 0 Promise @ http://localhost:8080/src/lib/logger.ts:106
[  236905ms] [LOG] %s [236.344] [CHAT] [BATCH-PROCESSOR-1] [queue] media message time 1.199999999254942 0 Promise @ http://localhost:8080/src/lib/logger.ts:106
[  236906ms] [LOG] %s [236.344] [CHAT] [BATCH-PROCESSOR-1] [queue] media message time 1.199999999254942 0 Promise @ http://localhost:8080/src/lib/logger.ts:106
[  236906ms] [LOG] %s [236.344] [CHAT] [BATCH-PROCESSOR-1] [queue] media message time 1.199999999254942 0 Promise @ http://localhost:8080/src/lib/logger.ts:106
[  236906ms] [LOG] %s [236.345] [CHAT] [BATCH-PROCESSOR-1] [queue] media message time 1.199999999254942 0 Promise @ http://localhost:8080/src/lib/logger.ts:106
[  236906ms] [LOG] %s [236.345] [CHAT] [BATCH-PROCESSOR-1] [queue] media message time 1.199999999254942 0 Promise @ http://localhost:8080/src/lib/logger.ts:106
[  236907ms] [LOG] %s [236.345] [CHAT] [BATCH-PROCESSOR-1] [queue] media message time 1.199999999254942 0 Promise @ http://localhost:8080/src/lib/logger.ts:106
[  236907ms] [LOG] %s [236.345] [CHAT] [BATCH-PROCESSOR-1] [queue] media message time 1.199999999254942 0 Promise @ http://localhost:8080/src/lib/logger.ts:106
[  236907ms] [LOG] %s [236.346] [CHAT] [BATCH-PROCESSOR-1] [queue] media message time 1.199999999254942 0 Promise @ http://localhost:8080/src/lib/logger.ts:106
[  236907ms] [LOG] %s [236.346] [CHAT] [BATCH-PROCESSOR-1] [queue] media message time 1.199999999254942 0 Promise @ http://localhost:8080/src/lib/logger.ts:106
[  236908ms] [LOG] %s [236.346] [CHAT] [BATCH-PROCESSOR-1] [queue] media message time 1.199999999254942 0 Promise @ http://localhost:8080/src/lib/logger.ts:106
[  236908ms] [LOG] %s [236.346] [CHAT] [BATCH-PROCESSOR-1] [queue] media message time 1.199999999254942 0 Promise @ http://localhost:8080/src/lib/logger.ts:106
[  236908ms] [LOG] %s [236.347] [CHAT] [BATCH-PROCESSOR-1] [queue] media message time 1.199999999254942 0 Promise @ http://localhost:8080/src/lib/logger.ts:106
[  236908ms] [LOG] %s [236.347] [CHAT] [BATCH-PROCESSOR-1] [queue] media message time 1.199999999254942 0 Promise @ http://localhost:8080/src/lib/logger.ts:106
[  236909ms] [LOG] %s [236.347] [CHAT] [BATCH-PROCESSOR-1] [queue] media message time 1.199999999254942 0 Promise @ http://localhost:8080/src/lib/logger.ts:106
[  236909ms] [LOG] %s [236.347] [CHAT] [BATCH-PROCESSOR-1] [queue] media message time 1.199999999254942 0 Promise @ http://localhost:8080/src/lib/logger.ts:106
[  236909ms] [LOG] %s [236.348] [CHAT] [BATCH-PROCESSOR-1] [queue] media message time 1.199999999254942 0 Promise @ http://localhost:8080/src/lib/logger.ts:106
[  236909ms] [LOG] %s [236.348] [CHAT] [BATCH-PROCESSOR-1] [queue] media message time 1.199999999254942 0 Promise @ http://localhost:8080/src/lib/logger.ts:106
[  236910ms] [LOG] %s [236.348] [CHAT] [BATCH-PROCESSOR-1] [queue] media message time 1.199999999254942 0 Promise @ http://localhost:8080/src/lib/logger.ts:106
[  236910ms] [LOG] %s [236.348] [CHAT] [BATCH-PROCESSOR-1] [queue] media message time 1.199999999254942 0 Promise @ http://localhost:8080/src/lib/logger.ts:106
[  236910ms] [LOG] %s [236.349] [CHAT] [BATCH-PROCESSOR-1] [queue] media message time 1.199999999254942 0 Promise @ http://localhost:8080/src/lib/logger.ts:106
[  236910ms] [LOG] %s [236.349] [CHAT] [BATCH-PROCESSOR-1] [queue] media message time 1.199999999254942 0 Promise @ http://localhost:8080/src/lib/logger.ts:106
[  236911ms] [LOG] %s [236.349] [CHAT] [BATCH-PROCESSOR-1] [queue] media message time 1.199999999254942 0 Promise @ http://localhost:8080/src/lib/logger.ts:106
[  236911ms] [LOG] %s [236.349] [CHAT] [BATCH-PROCESSOR-1] [queue] media message time 1.199999999254942 0 Promise @ http://localhost:8080/src/lib/logger.ts:106
[  236911ms] [LOG] %s [236.349] [CHAT] [BATCH-PROCESSOR-1] [queue] media message time 1.199999999254942 0 Promise @ http://localhost:8080/src/lib/logger.ts:106
[  236911ms] [LOG] %s [236.350] [CHAT] [BATCH-PROCESSOR-1] [queue] media message time 1.199999999254942 0 Promise @ http://localhost:8080/src/lib/logger.ts:106
[  236911ms] [LOG] %s [236.350] [CHAT] [BATCH-PROCESSOR-1] [queue] media message time 1.199999999254942 0 Promise @ http://localhost:8080/src/lib/logger.ts:106
[  236912ms] [LOG] %s [236.350] [CHAT] [BATCH-PROCESSOR-1] [queue] media message time 1.199999999254942 0 Promise @ http://localhost:8080/src/lib/logger.ts:106
[  236912ms] [LOG] %s [236.350] [CHAT] [BATCH-PROCESSOR-1] [queue] media message time 1.199999999254942 1 Promise @ http://localhost:8080/src/lib/logger.ts:106
[  236912ms] [LOG] %s [236.350] [CHAT] [BATCH-PROCESSOR-1] [queue] media message time 1.199999999254942 0 Promise @ http://localhost:8080/src/lib/logger.ts:106
[  236912ms] [LOG] %s [236.351] [CHAT] [BATCH-PROCESSOR-1] [queue] media message time 1.199999999254942 0 Promise @ http://localhost:8080/src/lib/logger.ts:106
[  236912ms] [LOG] %s [236.351] [CHAT] [BATCH-PROCESSOR-1] [queue] media message time 1.199999999254942 0 Promise @ http://localhost:8080/src/lib/logger.ts:106
[  236926ms] [LOG] %s [236.364] [CHAT] [BATCH-PROCESSOR-1] [queue] media promises end @ http://localhost:8080/src/lib/logger.ts:106
[  236926ms] [LOG] %s [236.365] [CHAT] [BATCH-PROCESSOR-1] [queue] queue rendered @ http://localhost:8080/src/lib/logger.ts:106
[  236927ms] [LOG] %s [236.365] [CHAT] [BATCH-PROCESSOR-1] [queue] end @ http://localhost:8080/src/lib/logger.ts:106
[  236927ms] [LOG] %s [236.365] [CHAT--2837385042-chat] [perform-156] performHistoryResult end @ http://localhost:8080/src/lib/logger.ts:106
[  236927ms] [WARNING] %s [236.365] [CHAT] [setPeer] promise fulfilled @ http://localhost:8080/src/lib/logger.ts:126
[  236927ms] [WARNING] %s [236.365] [CHAT] [setPeer] finishing peer change @ http://localhost:8080/src/lib/logger.ts:126
[  236931ms] [LOG] %s [236.370] [CHAT] [handleBackgrounds] updating Proxy(Object) undefined undefined @ http://localhost:8080/src/lib/logger.ts:106
[  236932ms] [WARNING] %s [236.370] [CHAT--2837385042-chat] [236.370] start topbar @ http://localhost:8080/src/lib/logger.ts:126
[  236932ms] [WARNING] %s [236.370] [CHAT--2837385042-chat] [236.370] start bubbles @ http://localhost:8080/src/lib/logger.ts:126
[  236932ms] [WARNING] %s [236.370] [CHAT--2837385042-chat] [236.370] start input @ http://localhost:8080/src/lib/logger.ts:126
[  236932ms] [WARNING] %s [236.370] [CHAT--2837385042-chat] [236.370] start sharedMedia @ http://localhost:8080/src/lib/logger.ts:126
[  236932ms] [WARNING] %s [236.371] [CHAT--2837385042-chat] [236.370] start backgrounds @ http://localhost:8080/src/lib/logger.ts:126
[  236932ms] [WARNING] %s [236.371] [CHAT--2837385042-chat] [236.371] end backgrounds 0.2999999998137355 @ http://localhost:8080/src/lib/logger.ts:126
[  236934ms] [LOG] %s [236.372] [SWIPE-HANDLER] reset @ http://localhost:8080/src/lib/logger.ts:106
[  236934ms] [LOG] %s [236.373] [SWIPE-HANDLER] reset @ http://localhost:8080/src/lib/logger.ts:106
[  236934ms] [LOG] %s [236.373] [SWIPE-HANDLER] reset @ http://localhost:8080/src/lib/logger.ts:106
[  236934ms] [LOG] %s [236.373] [SWIPE-HANDLER] reset @ http://localhost:8080/src/lib/logger.ts:106
[  236945ms] [LOG] %s [236.383] [PM] setPinnedMessage: fromTop false 0 0 @ http://localhost:8080/src/lib/logger.ts:106
[  236945ms] [WARNING] %s [236.384] [CHAT--2837385042-chat] [236.384] end sharedMedia 13.199999999254942 @ http://localhost:8080/src/lib/logger.ts:126
[  236945ms] [WARNING] %s [236.384] [CHAT--2837385042-chat] [236.384] end bubbles 13.599999999627471 @ http://localhost:8080/src/lib/logger.ts:126
[  236946ms] Object
[  236946ms] [WARNING] %s [236.385] [CHAT--2837385042-chat] [236.385] end topbar 14.800000000745058 @ http://localhost:8080/src/lib/logger.ts:126
[  236951ms] [WARNING] %s [236.389] [CHAT--2837385042-chat] [236.389] end input 18.699999999254942 @ http://localhost:8080/src/lib/logger.ts:126
[  236951ms] [LOG] %s [236.389] [SEARCH-SUPER] load true -1502675110 {} @ http://localhost:8080/src/lib/logger.ts:106
[  236961ms] [LOG] %s [236.399] [SWIPE-HANDLER] remove listeners @ http://localhost:8080/src/lib/logger.ts:106
[  236961ms] [LOG] %s [236.400] [SWIPE-HANDLER] reset @ http://localhost:8080/src/lib/logger.ts:106
[  236962ms] [WARNING] %s [236.400] [CHAT] [setPeer] finished peer change @ http://localhost:8080/src/lib/logger.ts:126
[  236975ms] [LOG] %s [236.413] [PM] [setCorrectIndex] direction 0 mid 4295053034 @ http://localhost:8080/src/lib/logger.ts:106
[  236975ms] [LOG] %s [236.413] [PM] [getCurrentIndex] start 4295053034 true @ http://localhost:8080/src/lib/logger.ts:106
[  236975ms] [WARNING] %s [236.414] [CHAT] [setPeer] mounted chat true JSHandle@node 110.5 @ http://localhost:8080/src/lib/logger.ts:126
[  236976ms] [LOG] %s [236.414] [PM] handleFollowingPinnedMessage @ http://localhost:8080/src/lib/logger.ts:106
[  236982ms] [WARNING] %s [236.420] [NC] replace @ http://localhost:8080/src/lib/logger.ts:126
[  236982ms] [LOG] %s [236.421] [NC] [navigate] NavigateEvent NavigationHistoryEntry @ http://localhost:8080/src/lib/logger.ts:106
[  236989ms] [LOG] %s [236.427] [CHAT] [setPeer] scrolledAllDown: false @ http://localhost:8080/src/lib/logger.ts:106
[  236989ms] [LOG] %s [236.428] [PM] [getCurrentIndex] result 4295053034 {count: 7, history: Array(7), isEnd: Object, offsetIdOffset: 0, messages: undefined} 0 0 true true @ http://localhost:8080/src/lib/logger.ts:106
[  236989ms] [LOG] %s [236.428] [PM] setPinnedMessage: fromTop false 0 0 @ http://localhost:8080/src/lib/logger.ts:106
[  236989ms] [LOG] %s [236.428] [PM] handleFollowingPinnedMessage: unlock @ http://localhost:8080/src/lib/logger.ts:106
[  236991ms] [LOG] %s [236.429] [IM] selectTab 1 1 @ http://localhost:8080/src/lib/logger.ts:106
[  236996ms] [LOG] %s [236.434] [BATCH-PROCESSOR-4] [queue] setting pause @ http://localhost:8080/src/lib/logger.ts:106
[  237023ms] [LOG] %s [236.461] [BATCH-PROCESSOR-4] [queue] start 50 @ http://localhost:8080/src/lib/logger.ts:106
[  237034ms] [LOG] %s [236.472] [BATCH-PROCESSOR-4] [queue] queue rendered @ http://localhost:8080/src/lib/logger.ts:106
[  237034ms] [LOG] %s [236.472] [BATCH-PROCESSOR-4] [queue] end @ http://localhost:8080/src/lib/logger.ts:106
[  237078ms] [LOG] %s [236.516] [PM] [setCorrectIndex] direction 0 mid 4295053023 @ http://localhost:8080/src/lib/logger.ts:106
[  237158ms] Object
[  238363ms] [LOG] %s [237.802] [SWIPE-HANDLER] reset @ http://localhost:8080/src/lib/logger.ts:106
[  238363ms] [LOG] %s [237.802] [SWIPE-HANDLER] reset @ http://localhost:8080/src/lib/logger.ts:106
[  238363ms] [LOG] %s [237.802] [SWIPE-HANDLER] reset @ http://localhost:8080/src/lib/logger.ts:106
[  238364ms] [WARNING] %s [237.802] [CHAT] [setPeer] start @ http://localhost:8080/src/lib/logger.ts:126
[  238375ms] [LOG] %s [237.813] [CHAT] [setPeer] setPeer peerId: -1502675110 Proxy(Object) -1502675110_4295057321 -1502675110_4295057321 @ http://localhost:8080/src/lib/logger.ts:106
[  238375ms] [LOG] %s [237.814] [CHAT--1502675110-chat] cleanup @ http://localhost:8080/src/lib/logger.ts:106
[  238375ms] [LOG] %s [237.814] [CHAT] [BATCH-PROCESSOR-1] clear @ http://localhost:8080/src/lib/logger.ts:106
[  238376ms] [LOG] %s [237.814] [CHAT--1502675110-chat] i vin brehnya {cached: true, result: Promise} -1502675110_4295057302 0 0 @ http://localhost:8080/src/lib/logger.ts:106
[  238376ms] [WARNING] %s [237.815] [CHAT] [setPeer] got history @ http://localhost:8080/src/lib/logger.ts:126
[  238376ms] [LOG] %s [237.815] [CHAT--1502675110-chat] [perform-73] start null {history: Array(18)} @ http://localhost:8080/src/lib/logger.ts:106
[  238376ms] [LOG] %s [237.815] [CHAT] [setLoaded] change bottom true @ http://localhost:8080/src/lib/logger.ts:106
[  238376ms] [LOG] %s [237.815] [CHAT--1502675110-chat] [perform-24] start null {count: 48989, history: Array(0), isEnd: Object, offsetIdOffset: 18, messages: undefined} @ http://localhost:8080/src/lib/logger.ts:106
[  238377ms] [LOG] %s [237.815] [CHAT] [BATCH-PROCESSOR-1] [queue] setting pause @ http://localhost:8080/src/lib/logger.ts:106
[  238378ms] [LOG] %s [237.817] [CHAT] [BATCH-PROCESSOR-1] [queue] start 18 @ http://localhost:8080/src/lib/logger.ts:106
[  238382ms] [LOG] %s [237.820] [CHAT] [BATCH-PROCESSOR-1] [queue] render item time 3.2000000001862645 {bubble: div.bubble.sticker.sticker-animated.is-message-empty.has-floating-time.just-media.hide-name.is-in, promises: Array(1), message: Object, reverse: true, updatePosition: true} @ http://localhost:8080/src/lib/logger.ts:106
[  238382ms] [LOG] %s [237.820] [CHAT] [BATCH-PROCESSOR-1] [queue] render item time 3.5 {bubble: div.bubble.sticker.is-message-empty.has-floating-time.just-media.hide-name.is-in, promises: Array(1), message: Object, reverse: true, updatePosition: true} @ http://localhost:8080/src/lib/logger.ts:106
[  238382ms] [LOG] %s [237.821] [CHAT] [BATCH-PROCESSOR-1] [queue] render item time 3.599999999627471 {bubble: div.bubble.sticker.is-message-empty.has-floating-time.just-media.hide-name.is-in, promises: Array(1), message: Object, reverse: true, updatePosition: true} @ http://localhost:8080/src/lib/logger.ts:106
[  238382ms] [LOG] %s [237.821] [CHAT] [BATCH-PROCESSOR-1] [queue] render item time 3.7999999998137355 {bubble: div.bubble.is-in.can-have-tail, promises: Array(1), message: Object, reverse: true, updatePosition: true} @ http://localhost:8080/src/lib/logger.ts:106
[  238382ms] [LOG] %s [237.821] [CHAT] [BATCH-PROCESSOR-1] [queue] render item time 3.8999999994412065 {bubble: div.bubble.is-in.can-have-tail, promises: Array(1), message: Object, reverse: true, updatePosition: true} @ http://localhost:8080/src/lib/logger.ts:106
[  238382ms] [LOG] %s [237.821] [CHAT] [BATCH-PROCESSOR-1] [queue] render item time 4 {bubble: div.bubble.sticker.is-message-empty.has-floating-time.just-media.hide-name.is-in, promises: Array(1), message: Object, reverse: true, updatePosition: true} @ http://localhost:8080/src/lib/logger.ts:106
[  238383ms] [LOG] %s [237.821] [CHAT] [BATCH-PROCESSOR-1] [queue] render item time 4.099999999627471 {bubble: div.bubble.is-in.can-have-tail, promises: Array(1), message: Object, reverse: true, updatePosition: true} @ http://localhost:8080/src/lib/logger.ts:106
[  238383ms] [LOG] %s [237.821] [CHAT] [BATCH-PROCESSOR-1] [queue] render item time 4.2000000001862645 {bubble: div.bubble.is-in.can-have-tail, promises: Array(1), message: Object, reverse: true, updatePosition: true} @ http://localhost:8080/src/lib/logger.ts:106
[  238383ms] [LOG] %s [237.821] [CHAT] [BATCH-PROCESSOR-1] [queue] render item time 4.2999999998137355 {bubble: div.bubble.is-in.can-have-tail, promises: Array(1), message: Object, reverse: true, updatePosition: true} @ http://localhost:8080/src/lib/logger.ts:106
[  238383ms] [LOG] %s [237.821] [CHAT] [BATCH-PROCESSOR-1] [queue] render item time 4.3999999994412065 {bubble: div.bubble.sticker.is-message-empty.has-floating-time.just-media.hide-name.is-in, promises: Array(1), message: Object, reverse: true, updatePosition: true} @ http://localhost:8080/src/lib/logger.ts:106
[  238383ms] [LOG] %s [237.821] [CHAT] [BATCH-PROCESSOR-1] [queue] render item time 4.5 {bubble: div.bubble.is-in.can-have-tail, promises: Array(1), message: Object, reverse: true, updatePosition: true} @ http://localhost:8080/src/lib/logger.ts:106
[  238383ms] [LOG] %s [237.822] [CHAT] [BATCH-PROCESSOR-1] [queue] render item time 4.599999999627471 {bubble: div.bubble.is-in.can-have-tail, promises: Array(1), message: Object, reverse: true, updatePosition: true} @ http://localhost:8080/src/lib/logger.ts:106
[  238383ms] [LOG] %s [237.822] [CHAT] [BATCH-PROCESSOR-1] [queue] render item time 4.7000000001862645 {bubble: div.bubble.is-in.can-have-tail, promises: Array(1), message: Object, reverse: true, updatePosition: true} @ http://localhost:8080/src/lib/logger.ts:106
[  238383ms] [LOG] %s [237.822] [CHAT] [BATCH-PROCESSOR-1] [queue] render item time 4.7000000001862645 {bubble: div.bubble.is-in.can-have-tail, promises: Array(1), message: Object, reverse: true, updatePosition: true} @ http://localhost:8080/src/lib/logger.ts:106
[  238383ms] [LOG] %s [237.822] [CHAT] [BATCH-PROCESSOR-1] [queue] render item time 4.7999999998137355 {bubble: div.bubble.is-in.can-have-tail, promises: Array(1), message: Object, reverse: true, updatePosition: true} @ http://localhost:8080/src/lib/logger.ts:106
[  238383ms] [LOG] %s [237.822] [CHAT] [BATCH-PROCESSOR-1] [queue] render item time 4.8999999994412065 {bubble: div.bubble.is-in.can-have-tail, promises: Array(1), message: Object, reverse: true, updatePosition: true} @ http://localhost:8080/src/lib/logger.ts:106
[  238383ms] [LOG] %s [237.822] [CHAT] [BATCH-PROCESSOR-1] [queue] render item time 5 {bubble: div.bubble.is-in.can-have-tail, promises: Array(1), message: Object, reverse: true, updatePosition: true} @ http://localhost:8080/src/lib/logger.ts:106
[  238384ms] [LOG] %s [237.823] [CHAT] [BATCH-PROCESSOR-1] [queue] render item time 5.8999999994412065 {bubble: div.bubble.emoji-big.can-have-big-emoji.sticker.sticker-animated.is-message-empty.has-floating-time…, promises: Array(1), message: Object, reverse: true, updatePosition: true} @ http://localhost:8080/src/lib/logger.ts:106
[  238385ms] [LOG] %s [237.823] [CHAT] [BATCH-PROCESSOR-1] [queue] messages rendered @ http://localhost:8080/src/lib/logger.ts:106
[  238387ms] [LOG] %s [237.825] [CHAT] [BATCH-PROCESSOR-1] [queue] changed ends true false @ http://localhost:8080/src/lib/logger.ts:106
[  238387ms] [LOG] %s [237.826] [CHAT] [BATCH-PROCESSOR-1] [queue] media promises to call [Promise, Promise, Promise, Promise, Promise, Promise, Promise, Promise, Promise, Promise, Promise, Promise, Promise, Promise, Promise, Promise, Promise, Promise, Promise, Promise, Promise, Promise, Promise, Promise, Promise, Promise, Promise, Promise, Promise, Promise] [Object, Object, Object, Object, Object, Object, Object, Object, Object, Object, Object, Object, Object, Object, Object, Object, Object, Object] false @ http://localhost:8080/src/lib/logger.ts:106
[  238388ms] [LOG] %s [237.826] [CHAT] [BATCH-PROCESSOR-1] [queue] media message time 0.6000000005587935 0 Promise @ http://localhost:8080/src/lib/logger.ts:106
[  238388ms] [LOG] %s [237.826] [CHAT] [BATCH-PROCESSOR-1] [queue] media message time 0.6000000005587935 0 Promise @ http://localhost:8080/src/lib/logger.ts:106
[  238388ms] [LOG] %s [237.827] [CHAT] [BATCH-PROCESSOR-1] [queue] media message time 0.6000000005587935 0 Promise @ http://localhost:8080/src/lib/logger.ts:106
[  238388ms] [LOG] %s [237.827] [CHAT] [BATCH-PROCESSOR-1] [queue] media message time 0.6000000005587935 0 Promise @ http://localhost:8080/src/lib/logger.ts:106
[  238389ms] [LOG] %s [237.827] [CHAT] [BATCH-PROCESSOR-1] [queue] media message time 0.6000000005587935 0 Promise @ http://localhost:8080/src/lib/logger.ts:106
[  238389ms] [LOG] %s [237.827] [CHAT] [BATCH-PROCESSOR-1] [queue] media message time 0.6000000005587935 0 Promise @ http://localhost:8080/src/lib/logger.ts:106
[  238389ms] [LOG] %s [237.828] [CHAT] [BATCH-PROCESSOR-1] [queue] media message time 0.6000000005587935 0 Promise @ http://localhost:8080/src/lib/logger.ts:106
[  238389ms] [LOG] %s [237.828] [CHAT] [BATCH-PROCESSOR-1] [queue] media message time 0.6000000005587935 0 Promise @ http://localhost:8080/src/lib/logger.ts:106
[  238390ms] [LOG] %s [237.828] [CHAT] [BATCH-PROCESSOR-1] [queue] media message time 0.6000000005587935 0 Promise @ http://localhost:8080/src/lib/logger.ts:106
[  238390ms] [LOG] %s [237.828] [CHAT] [BATCH-PROCESSOR-1] [queue] media message time 0.6000000005587935 0 Promise @ http://localhost:8080/src/lib/logger.ts:106
[  238390ms] [LOG] %s [237.829] [CHAT] [BATCH-PROCESSOR-1] [queue] media message time 0.6000000005587935 0 Promise @ http://localhost:8080/src/lib/logger.ts:106
[  238390ms] [LOG] %s [237.829] [CHAT] [BATCH-PROCESSOR-1] [queue] media message time 0.6000000005587935 0 Promise @ http://localhost:8080/src/lib/logger.ts:106
[  238390ms] [LOG] %s [237.829] [CHAT] [BATCH-PROCESSOR-1] [queue] media message time 0.6000000005587935 0 Promise @ http://localhost:8080/src/lib/logger.ts:106
[  238391ms] [LOG] %s [237.829] [CHAT] [BATCH-PROCESSOR-1] [queue] media message time 0.6000000005587935 0 Promise @ http://localhost:8080/src/lib/logger.ts:106
[  238391ms] [LOG] %s [237.829] [CHAT] [BATCH-PROCESSOR-1] [queue] media message time 0.6000000005587935 0 Promise @ http://localhost:8080/src/lib/logger.ts:106
[  238391ms] [LOG] %s [237.830] [CHAT] [BATCH-PROCESSOR-1] [queue] media message time 0.6000000005587935 0 Promise @ http://localhost:8080/src/lib/logger.ts:106
[  238391ms] [LOG] %s [237.830] [CHAT] [BATCH-PROCESSOR-1] [queue] media message time 0.6000000005587935 0 Promise @ http://localhost:8080/src/lib/logger.ts:106
[  238392ms] [LOG] %s [237.830] [CHAT] [BATCH-PROCESSOR-1] [queue] media message time 0.6000000005587935 0 Promise @ http://localhost:8080/src/lib/logger.ts:106
[  238407ms] [LOG] %s [237.846] [CHAT] [BATCH-PROCESSOR-1] [queue] media promises end @ http://localhost:8080/src/lib/logger.ts:106
[  238408ms] [LOG] %s [237.846] [CHAT] [BATCH-PROCESSOR-1] [queue] queue rendered @ http://localhost:8080/src/lib/logger.ts:106
[  238408ms] [LOG] %s [237.846] [CHAT] [BATCH-PROCESSOR-1] [queue] end @ http://localhost:8080/src/lib/logger.ts:106
[  238408ms] [LOG] %s [237.847] [CHAT--1502675110-chat] [perform-24] performHistoryResult end @ http://localhost:8080/src/lib/logger.ts:106
[  238408ms] [LOG] %s [237.847] [CHAT--1502675110-chat] [perform-73] performHistoryResult end @ http://localhost:8080/src/lib/logger.ts:106
[  238408ms] [WARNING] %s [237.847] [CHAT] [setPeer] promise fulfilled @ http://localhost:8080/src/lib/logger.ts:126
[  238415ms] [LOG] %s [237.854] [PM] [setCorrectIndex] direction 0 mid 4295057321 @ http://localhost:8080/src/lib/logger.ts:106
[  238415ms] [WARNING] %s [237.854] [CHAT] [setPeer] mounted chat true JSHandle@node 51.59999999962747 @ http://localhost:8080/src/lib/logger.ts:126
[  238416ms] [LOG] [HEAVY-ANIMATION]: start @ http://localhost:8080/src/hooks/useHeavyAnimationCheck.ts:17
[  238416ms] [LOG] [HEAVY-ANIMATION]: attach promise, length: 1 undefined @ http://localhost:8080/src/hooks/useHeavyAnimationCheck.ts:20
[  238417ms] [LOG] %s [237.856] [PM] [setCorrectIndex] direction 0 mid 4295057309 @ http://localhost:8080/src/lib/logger.ts:106
[  238417ms] [LOG] %s [237.856] [PM] [getCurrentIndex] start undefined true @ http://localhost:8080/src/lib/logger.ts:106
[  238421ms] [LOG] %s [237.860] [CHAT--1502675110-chat] will readHistory by maxId: 4295057309 @ http://localhost:8080/src/lib/logger.ts:106
[  238422ms] [LOG] %s [237.860] [PM] [getCurrentIndex] result undefined {count: 7, history: Array(7), isEnd: Object, offsetIdOffset: 0, messages: undefined} 7 0 true true @ http://localhost:8080/src/lib/logger.ts:106
[  238422ms] [LOG] %s [237.860] [PM] [setCorrectIndex] direction 0 mid 4295057309 @ http://localhost:8080/src/lib/logger.ts:106
[  238422ms] [LOG] %s [237.861] [CHAT] [setPeer] scrolledAllDown: true @ http://localhost:8080/src/lib/logger.ts:106
[  238427ms] [LOG] %s [237.866] [NOTIFICATIONS] cancel msg_1_-1502675110_4295057309 undefined @ http://localhost:8080/src/lib/logger.ts:106
[  238427ms] [LOG] %s [237.866] [NOTIFICATIONS] cancel msg_1_-1502675110_4295057308 undefined @ http://localhost:8080/src/lib/logger.ts:106
[  238427ms] [LOG] %s [237.866] [NOTIFICATIONS] cancel msg_1_-1502675110_4295057307 undefined @ http://localhost:8080/src/lib/logger.ts:106
[  238427ms] [LOG] %s [237.866] [NOTIFICATIONS] cancel msg_1_-1502675110_4295057306 undefined @ http://localhost:8080/src/lib/logger.ts:106
[  238427ms] [LOG] %s [237.866] [NOTIFICATIONS] cancel msg_1_-1502675110_4295057305 undefined @ http://localhost:8080/src/lib/logger.ts:106
[  238428ms] [LOG] %s [237.866] [NOTIFICATIONS] cancel msg_1_-1502675110_4295057304 undefined @ http://localhost:8080/src/lib/logger.ts:106
[  238428ms] [LOG] %s [237.866] [NOTIFICATIONS] cancel msg_1_-1502675110_4295057303 undefined @ http://localhost:8080/src/lib/logger.ts:106
[  238428ms] [LOG] %s [237.866] [NOTIFICATIONS] cancel msg_1_-1502675110_4295057302 undefined @ http://localhost:8080/src/lib/logger.ts:106
[  238428ms] [LOG] %s [237.866] [NOTIFICATIONS] cancel msg_1_-1502675110_4295057301 undefined @ http://localhost:8080/src/lib/logger.ts:106
[  238428ms] [LOG] %s [237.866] [NOTIFICATIONS] cancel msg_1_-1502675110_4295057300 undefined @ http://localhost:8080/src/lib/logger.ts:106
[  238428ms] [LOG] %s [237.866] [NOTIFICATIONS] cancel msg_1_-1502675110_4295057299 undefined @ http://localhost:8080/src/lib/logger.ts:106
[  238428ms] [LOG] %s [237.866] [NOTIFICATIONS] cancel msg_1_-1502675110_4295057298 undefined @ http://localhost:8080/src/lib/logger.ts:106
[  238428ms] [LOG] %s [237.866] [NOTIFICATIONS] cancel msg_1_-1502675110_4295057297 undefined @ http://localhost:8080/src/lib/logger.ts:106
[  238428ms] [LOG] %s [237.867] [NOTIFICATIONS] cancel msg_1_-1502675110_4295057296 undefined @ http://localhost:8080/src/lib/logger.ts:106
[  238428ms] [LOG] %s [237.867] [NOTIFICATIONS] cancel msg_1_-1502675110_4295057295 undefined @ http://localhost:8080/src/lib/logger.ts:106
[  238428ms] [LOG] %s [237.867] [NOTIFICATIONS] cancel msg_1_-1502675110_4295057294 undefined @ http://localhost:8080/src/lib/logger.ts:106
[  238428ms] [LOG] %s [237.867] [NOTIFICATIONS] cancel msg_1_-1502675110_4295057293 undefined @ http://localhost:8080/src/lib/logger.ts:106
[  238428ms] [LOG] %s [237.867] [NOTIFICATIONS] cancel msg_1_-1502675110_4295057292 undefined @ http://localhost:8080/src/lib/logger.ts:106
[  238428ms] [LOG] %s [237.867] [NOTIFICATIONS] cancel msg_1_-1502675110_4295057291 undefined @ http://localhost:8080/src/lib/logger.ts:106
[  238428ms] [LOG] %s [237.867] [NOTIFICATIONS] cancel msg_1_-1502675110_4295057290 undefined @ http://localhost:8080/src/lib/logger.ts:106
[  238428ms] [LOG] %s [237.867] [NOTIFICATIONS] cancel msg_1_-1502675110_4295057289 undefined @ http://localhost:8080/src/lib/logger.ts:106
[  238428ms] [LOG] %s [237.867] [NOTIFICATIONS] cancel msg_1_-1502675110_4295057288 undefined @ http://localhost:8080/src/lib/logger.ts:106
[  238429ms] [LOG] %s [237.867] [NOTIFICATIONS] cancel msg_1_-1502675110_4295057287 undefined @ http://localhost:8080/src/lib/logger.ts:106
[  238429ms] [LOG] %s [237.867] [NOTIFICATIONS] cancel msg_1_-1502675110_4295057286 undefined @ http://localhost:8080/src/lib/logger.ts:106
[  238429ms] [LOG] %s [237.867] [NOTIFICATIONS] cancel msg_1_-1502675110_4295057285 undefined @ http://localhost:8080/src/lib/logger.ts:106
[  238429ms] [LOG] %s [237.867] [NOTIFICATIONS] cancel msg_1_-1502675110_4295057284 undefined @ http://localhost:8080/src/lib/logger.ts:106
[  238429ms] [LOG] %s [237.867] [NOTIFICATIONS] cancel msg_1_-1502675110_4295057283 undefined @ http://localhost:8080/src/lib/logger.ts:106
[  238429ms] [LOG] %s [237.867] [NOTIFICATIONS] cancel msg_1_-1502675110_4295057282 undefined @ http://localhost:8080/src/lib/logger.ts:106
[  238429ms] [LOG] %s [237.867] [NOTIFICATIONS] cancel msg_1_-1502675110_4295057280 undefined @ http://localhost:8080/src/lib/logger.ts:106
[  238429ms] [LOG] %s [237.867] [NOTIFICATIONS] cancel msg_1_-1502675110_4295057279 undefined @ http://localhost:8080/src/lib/logger.ts:106
[  238429ms] [LOG] %s [237.867] [NOTIFICATIONS] cancel msg_1_-1502675110_4295057278 undefined @ http://localhost:8080/src/lib/logger.ts:106
[  238429ms] [LOG] %s [237.868] [NOTIFICATIONS] cancel msg_1_-1502675110_4295057274 undefined @ http://localhost:8080/src/lib/logger.ts:106
[  238429ms] [LOG] %s [237.868] [NOTIFICATIONS] cancel msg_1_-1502675110_4295057265 undefined @ http://localhost:8080/src/lib/logger.ts:106
[  238429ms] [LOG] %s [237.868] [NOTIFICATIONS] cancel msg_1_-1502675110_4295057263 undefined @ http://localhost:8080/src/lib/logger.ts:106
[  238429ms] [LOG] %s [237.868] [NOTIFICATIONS] cancel msg_1_-1502675110_4295057261 undefined @ http://localhost:8080/src/lib/logger.ts:106
[  238429ms] [LOG] %s [237.868] [NOTIFICATIONS] cancel msg_1_-1502675110_4295057254 undefined @ http://localhost:8080/src/lib/logger.ts:106
[  238429ms] [LOG] %s [237.868] [NOTIFICATIONS] cancel msg_1_-1502675110_4295057252 undefined @ http://localhost:8080/src/lib/logger.ts:106
[  238429ms] [LOG] %s [237.868] [NOTIFICATIONS] cancel msg_1_-1502675110_4295057249 undefined @ http://localhost:8080/src/lib/logger.ts:106
[  238429ms] [LOG] %s [237.868] [NOTIFICATIONS] cancel msg_1_-1502675110_4295057248 undefined @ http://localhost:8080/src/lib/logger.ts:106
[  238429ms] [LOG] %s [237.868] [NOTIFICATIONS] cancel msg_1_-1502675110_4295057246 undefined @ http://localhost:8080/src/lib/logger.ts:106
[  238430ms] [LOG] %s [237.868] [NOTIFICATIONS] cancel msg_1_-1502675110_4295053042 undefined @ http://localhost:8080/src/lib/logger.ts:106
[  238430ms] [LOG] %s [237.868] [NOTIFICATIONS] cancel msg_1_-1502675110_4295053041 undefined @ http://localhost:8080/src/lib/logger.ts:106
[  238430ms] [LOG] %s [237.868] [NOTIFICATIONS] cancel msg_1_-1502675110_4295053040 undefined @ http://localhost:8080/src/lib/logger.ts:106
[  238430ms] [LOG] %s [237.868] [NOTIFICATIONS] cancel msg_1_-1502675110_4295053039 undefined @ http://localhost:8080/src/lib/logger.ts:106
[  238430ms] [LOG] %s [237.868] [NOTIFICATIONS] cancel msg_1_-1502675110_4295053038 undefined @ http://localhost:8080/src/lib/logger.ts:106
[  238430ms] [LOG] %s [237.868] [NOTIFICATIONS] cancel msg_1_-1502675110_4295053037 undefined @ http://localhost:8080/src/lib/logger.ts:106
[  238430ms] [LOG] %s [237.868] [NOTIFICATIONS] cancel msg_1_-1502675110_4295053036 undefined @ http://localhost:8080/src/lib/logger.ts:106
[  238430ms] [LOG] %s [237.868] [NOTIFICATIONS] cancel msg_1_-1502675110_4295053035 undefined @ http://localhost:8080/src/lib/logger.ts:106
[  238430ms] [LOG] %s [237.869] [NOTIFICATIONS] cancel msg_1_-1502675110_4295053034 undefined @ http://localhost:8080/src/lib/logger.ts:106
[  238430ms] [LOG] %s [237.869] [NOTIFICATIONS] cancel msg_1_-1502675110_4295053033 undefined @ http://localhost:8080/src/lib/logger.ts:106
[  238430ms] [LOG] %s [237.869] [NOTIFICATIONS] cancel msg_1_-1502675110_4295053032 undefined @ http://localhost:8080/src/lib/logger.ts:106
[  238430ms] [LOG] %s [237.869] [NOTIFICATIONS] cancel msg_1_-1502675110_4295053031 undefined @ http://localhost:8080/src/lib/logger.ts:106
[  238430ms] [LOG] %s [237.869] [NOTIFICATIONS] cancel msg_1_-1502675110_4295053027 undefined @ http://localhost:8080/src/lib/logger.ts:106
[  238430ms] [LOG] %s [237.869] [NOTIFICATIONS] cancel msg_1_-1502675110_4295053026 undefined @ http://localhost:8080/src/lib/logger.ts:106
[  238430ms] [LOG] %s [237.869] [NOTIFICATIONS] cancel msg_1_-1502675110_4295053025 undefined @ http://localhost:8080/src/lib/logger.ts:106
[  238501ms] [LOG] %s [237.940] [PM] [setCorrectIndex] direction 0 mid 4295057316 @ http://localhost:8080/src/lib/logger.ts:106
[  238637ms] [WARNING] %s [238.075] [MP-MTPROTO] [STUCK] manager pending 6433ms (id=4980.414535966835) @ http://localhost:8080/src/lib/logger.ts:126
[  238972ms] [LOG] %s [238.411] [CHAT--1502675110-chat] will readHistory by maxId: 4295057321 @ http://localhost:8080/src/lib/logger.ts:106
[  238973ms] [LOG] [HEAVY-ANIMATION]: promise end, length: 0 557 @ http://localhost:8080/src/hooks/useHeavyAnimationCheck.ts:29
[  238974ms] [LOG] [HEAVY-ANIMATION]: end @ http://localhost:8080/src/hooks/useHeavyAnimationCheck.ts:45
[  238977ms] [LOG] %s [238.416] [NOTIFICATIONS] cancel msg_1_-1502675110_4295057321 undefined @ http://localhost:8080/src/lib/logger.ts:106
[  238977ms] [LOG] %s [238.416] [NOTIFICATIONS] cancel msg_1_-1502675110_4295057318 undefined @ http://localhost:8080/src/lib/logger.ts:106
[  238977ms] [LOG] %s [238.416] [NOTIFICATIONS] cancel msg_1_-1502675110_4295057317 undefined @ http://localhost:8080/src/lib/logger.ts:106
[  238977ms] [LOG] %s [238.416] [NOTIFICATIONS] cancel msg_1_-1502675110_4295057316 undefined @ http://localhost:8080/src/lib/logger.ts:106
[  238978ms] [LOG] %s [238.416] [NOTIFICATIONS] cancel msg_1_-1502675110_4295057315 undefined @ http://localhost:8080/src/lib/logger.ts:106
[  238978ms] [LOG] %s [238.416] [NOTIFICATIONS] cancel msg_1_-1502675110_4295057314 undefined @ http://localhost:8080/src/lib/logger.ts:106
[  238978ms] [LOG] %s [238.416] [NOTIFICATIONS] cancel msg_1_-1502675110_4295057313 undefined @ http://localhost:8080/src/lib/logger.ts:106
[  238978ms] [LOG] %s [238.416] [NOTIFICATIONS] cancel msg_1_-1502675110_4295057312 undefined @ http://localhost:8080/src/lib/logger.ts:106
[  238978ms] [LOG] %s [238.416] [NOTIFICATIONS] cancel msg_1_-1502675110_4295057311 undefined @ http://localhost:8080/src/lib/logger.ts:106
[  238978ms] [LOG] %s [238.416] [NOTIFICATIONS] cancel msg_1_-1502675110_4295057310 undefined @ http://localhost:8080/src/lib/logger.ts:106
[  239091ms] [LOG] %s [238.529] [PM] [setCorrectIndex] direction 1 mid 4295057321 @ http://localhost:8080/src/lib/logger.ts:106
[  239868ms] [LOG] %s [239.307] [DIALOGS] dialogs click list @ http://localhost:8080/src/lib/logger.ts:106
[  239874ms] [LOG] %s [239.313] [IM] saved pinned-only hint: {mid: 4295049121, index: 0, count: 7} @ http://localhost:8080/src/lib/logger.ts:106
[  239875ms] [WARNING] %s [239.313] [CHAT] [setPeer] start @ http://localhost:8080/src/lib/logger.ts:126
[  239875ms] [WARNING] %s [239.313] [CHAT--1502675110-chat] [239.313] start noForwards @ http://localhost:8080/src/lib/logger.ts:126
[  239875ms] [WARNING] %s [239.313] [CHAT--1502675110-chat] [239.313] start isRestricted @ http://localhost:8080/src/lib/logger.ts:126
[  239875ms] [WARNING] %s [239.314] [CHAT--1502675110-chat] [239.313] start isLikeGroup @ http://localhost:8080/src/lib/logger.ts:126
[  239875ms] [WARNING] %s [239.314] [CHAT--1502675110-chat] [239.314] start isRealGroup @ http://localhost:8080/src/lib/logger.ts:126
[  239875ms] [WARNING] %s [239.314] [CHAT--1502675110-chat] [239.314] start isMegagroup @ http://localhost:8080/src/lib/logger.ts:126
[  239875ms] [WARNING] %s [239.314] [CHAT--1502675110-chat] [239.314] start isBroadcast @ http://localhost:8080/src/lib/logger.ts:126
[  239875ms] [WARNING] %s [239.314] [CHAT--1502675110-chat] [239.314] start isChannel @ http://localhost:8080/src/lib/logger.ts:126
[  239876ms] [WARNING] %s [239.314] [CHAT--1502675110-chat] [239.314] start isBot @ http://localhost:8080/src/lib/logger.ts:126
[  239876ms] [WARNING] %s [239.314] [CHAT--1502675110-chat] [239.314] start isAnonymousSending @ http://localhost:8080/src/lib/logger.ts:126
[  239876ms] [WARNING] %s [239.314] [CHAT--1502675110-chat] [239.314] start isPremiumRequired @ http://localhost:8080/src/lib/logger.ts:126
[  239876ms] [WARNING] %s [239.314] [CHAT--1502675110-chat] [239.314] start starsAmount @ http://localhost:8080/src/lib/logger.ts:126
[  239876ms] [WARNING] %s [239.314] [CHAT--1502675110-chat] [239.314] start canManageDirectMessages @ http://localhost:8080/src/lib/logger.ts:126
[  239876ms] [WARNING] %s [239.315] [CHAT--1502675110-chat] [239.315] end isPremiumRequired 0.40000000037252903 @ http://localhost:8080/src/lib/logger.ts:126
[  239877ms] [WARNING] %s [239.315] [CHAT--1502675110-chat] [239.315] end noForwards 1.900000000372529 @ http://localhost:8080/src/lib/logger.ts:126
[  239877ms] [WARNING] %s [239.315] [CHAT--1502675110-chat] [239.315] end isRestricted 1.900000000372529 @ http://localhost:8080/src/lib/logger.ts:126
[  239877ms] [WARNING] %s [239.315] [CHAT--1502675110-chat] [239.315] end isRealGroup 1.900000000372529 @ http://localhost:8080/src/lib/logger.ts:126
[  239877ms] [WARNING] %s [239.315] [CHAT--1502675110-chat] [239.315] end isMegagroup 1.8999999994412065 @ http://localhost:8080/src/lib/logger.ts:126
[  239877ms] [WARNING] %s [239.316] [CHAT--1502675110-chat] [239.316] end isBroadcast 1.7999999998137355 @ http://localhost:8080/src/lib/logger.ts:126
[  239877ms] [WARNING] %s [239.316] [CHAT--1502675110-chat] [239.316] end isChannel 1.7999999998137355 @ http://localhost:8080/src/lib/logger.ts:126
[  239877ms] [WARNING] %s [239.316] [CHAT--1502675110-chat] [239.316] end isBot 1.6000000005587935 @ http://localhost:8080/src/lib/logger.ts:126
[  239877ms] [WARNING] %s [239.316] [CHAT--1502675110-chat] [239.316] end isAnonymousSending 1.599999999627471 @ http://localhost:8080/src/lib/logger.ts:126
[  239877ms] [WARNING] %s [239.316] [CHAT--1502675110-chat] [239.316] end starsAmount 1.5 @ http://localhost:8080/src/lib/logger.ts:126
[  239877ms] [WARNING] %s [239.316] [CHAT--1502675110-chat] [239.316] end canManageDirectMessages 1.300000000745058 @ http://localhost:8080/src/lib/logger.ts:126
[  239877ms] [WARNING] %s [239.316] [CHAT--1502675110-chat] [239.316] end isLikeGroup 2.5 @ http://localhost:8080/src/lib/logger.ts:126
[  239885ms] [LOG] %s [239.323] [CHAT] [setPeer] setPeer peerId: -2837385042 Proxy(Object) 0_0 -2837385042_4294981190 @ http://localhost:8080/src/lib/logger.ts:106
[  239885ms] [LOG] %s [239.324] [CHAT--1502675110-chat] cleanup @ http://localhost:8080/src/lib/logger.ts:106
[  239885ms] [LOG] %s [239.324] [CHAT] [setLoaded] change bottom false @ http://localhost:8080/src/lib/logger.ts:106
[  239885ms] [LOG] %s [239.324] [CHAT] [BATCH-PROCESSOR-1] clear @ http://localhost:8080/src/lib/logger.ts:106
[  239886ms] [WARNING] %s [239.324] [CHAT] [setPeer] got history @ http://localhost:8080/src/lib/logger.ts:126
[  239886ms] [LOG] %s [239.324] [CHAT--1502675110-chat] [perform-897] start null {history: Array(20)} @ http://localhost:8080/src/lib/logger.ts:106
[  239886ms] [LOG] %s [239.325] [CHAT] [BATCH-PROCESSOR-1] [queue] setting pause @ http://localhost:8080/src/lib/logger.ts:106
[  239889ms] [LOG] %s [239.327] [CHAT] [BATCH-PROCESSOR-1] [queue] start 20 @ http://localhost:8080/src/lib/logger.ts:106
[  239898ms] [LOG] %s [239.337] [CHAT] [BATCH-PROCESSOR-1] [queue] render item time 9.700000000186265 {bubble: div.bubble.channel-post.with-beside-button.hide-name.photo.is-in.can-have-tail.no-forwards, promises: Array(2), message: Object, reverse: true, updatePosition: true} @ http://localhost:8080/src/lib/logger.ts:106
[  239899ms] [LOG] %s [239.337] [CHAT] [BATCH-PROCESSOR-1] [queue] render item time 9.899999999441206 {bubble: div.bubble.channel-post.with-beside-button.hide-name.photo.is-in.can-have-tail.no-forwards, promises: Array(2), message: Object, reverse: true, updatePosition: true} @ http://localhost:8080/src/lib/logger.ts:106
[  239899ms] [LOG] %s [239.337] [CHAT] [BATCH-PROCESSOR-1] [queue] render item time 10.099999999627471 {bubble: div.bubble.channel-post.with-beside-button.hide-name.photo.is-in.can-have-tail.no-forwards, promises: Array(2), message: Object, reverse: true, updatePosition: true} @ http://localhost:8080/src/lib/logger.ts:106
[  239899ms] [LOG] %s [239.337] [CHAT] [BATCH-PROCESSOR-1] [queue] render item time 10.099999999627471 {bubble: div.bubble.channel-post.with-beside-button.hide-name.photo.is-in.can-have-tail.no-forwards, promises: Array(2), message: Object, reverse: true, updatePosition: true} @ http://localhost:8080/src/lib/logger.ts:106
[  239899ms] [LOG] %s [239.337] [CHAT] [BATCH-PROCESSOR-1] [queue] render item time 10.200000000186265 {bubble: div.bubble.channel-post.with-beside-button.hide-name.photo.is-in.can-have-tail.no-forwards, promises: Array(2), message: Object, reverse: true, updatePosition: true} @ http://localhost:8080/src/lib/logger.ts:106
[  239899ms] [LOG] %s [239.337] [CHAT] [BATCH-PROCESSOR-1] [queue] render item time 10.299999999813735 {bubble: div.bubble.channel-post.with-beside-button.hide-name.photo.is-in.can-have-tail.no-forwards, promises: Array(2), message: Object, reverse: true, updatePosition: true} @ http://localhost:8080/src/lib/logger.ts:106
[  239899ms] [LOG] %s [239.338] [CHAT] [BATCH-PROCESSOR-1] [queue] render item time 10.299999999813735 {bubble: div.bubble.channel-post.with-beside-button.hide-name.photo.is-in.can-have-tail.no-forwards, promises: Array(2), message: Object, reverse: true, updatePosition: true} @ http://localhost:8080/src/lib/logger.ts:106
[  239899ms] [LOG] %s [239.338] [CHAT] [BATCH-PROCESSOR-1] [queue] render item time 10.5 {bubble: div.bubble.channel-post.with-beside-button.hide-name.photo.is-in.can-have-tail.no-forwards, promises: Array(2), message: Object, reverse: true, updatePosition: true} @ http://localhost:8080/src/lib/logger.ts:106
[  239899ms] [LOG] %s [239.338] [CHAT] [BATCH-PROCESSOR-1] [queue] render item time 10.599999999627471 {bubble: div.bubble.channel-post.with-beside-button.hide-name.photo.is-in.can-have-tail.no-forwards, promises: Array(2), message: Object, reverse: true, updatePosition: true} @ http://localhost:8080/src/lib/logger.ts:106
[  239899ms] [LOG] %s [239.338] [CHAT] [BATCH-PROCESSOR-1] [queue] render item time 10.700000000186265 {bubble: div.bubble.channel-post.with-beside-button.hide-name.photo.is-in.can-have-tail.no-forwards, promises: Array(2), message: Object, reverse: true, updatePosition: true} @ http://localhost:8080/src/lib/logger.ts:106
[  239902ms] [LOG] %s [239.340] [CHAT] [BATCH-PROCESSOR-1] [queue] render item time 12.899999999441206 {bubble: div.bubble.channel-post.with-beside-button.hide-name.photo.is-in.can-have-tail.no-forwards, promises: Array(2), message: Object, reverse: true, updatePosition: true} @ http://localhost:8080/src/lib/logger.ts:106
[  239902ms] [LOG] %s [239.340] [CHAT] [BATCH-PROCESSOR-1] [queue] render item time 13.200000000186265 {bubble: div.bubble.channel-post.with-beside-button.hide-name.photo.is-in.can-have-tail.no-forwards, promises: Array(2), message: Object, reverse: true, updatePosition: true} @ http://localhost:8080/src/lib/logger.ts:106
[  239902ms] [LOG] %s [239.341] [CHAT] [BATCH-PROCESSOR-1] [queue] render item time 13.299999999813735 {bubble: div.bubble.channel-post.with-beside-button.hide-name.photo.is-in.can-have-tail.no-forwards, promises: Array(2), message: Object, reverse: true, updatePosition: true} @ http://localhost:8080/src/lib/logger.ts:106
[  239902ms] [LOG] %s [239.341] [CHAT] [BATCH-PROCESSOR-1] [queue] render item time 13.5 {bubble: div.bubble.channel-post.with-beside-button.hide-name.photo.is-in.can-have-tail.no-forwards, promises: Array(2), message: Object, reverse: true, updatePosition: true} @ http://localhost:8080/src/lib/logger.ts:106
[  239902ms] [LOG] %s [239.341] [CHAT] [BATCH-PROCESSOR-1] [queue] render item time 13.599999999627471 {bubble: div.bubble.channel-post.with-beside-button.hide-name.photo.is-in.can-have-tail.no-forwards, promises: Array(2), message: Object, reverse: true, updatePosition: true} @ http://localhost:8080/src/lib/logger.ts:106
[  239902ms] [LOG] %s [239.341] [CHAT] [BATCH-PROCESSOR-1] [queue] render item time 13.799999999813735 {bubble: div.bubble.channel-post.with-beside-button.hide-name.photo.is-in.can-have-tail.no-forwards, promises: Array(2), message: Object, reverse: true, updatePosition: true} @ http://localhost:8080/src/lib/logger.ts:106
[  239903ms] [LOG] %s [239.341] [CHAT] [BATCH-PROCESSOR-1] [queue] render item time 13.899999999441206 {bubble: div.bubble.channel-post.with-beside-button.hide-name.photo.is-in.can-have-tail.no-forwards, promises: Array(2), message: Object, reverse: true, updatePosition: true} @ http://localhost:8080/src/lib/logger.ts:106
[  239903ms] [LOG] %s [239.341] [CHAT] [BATCH-PROCESSOR-1] [queue] render item time 13.899999999441206 {bubble: div.bubble.channel-post.with-beside-button.hide-name.photo.is-in.can-have-tail.no-forwards, promises: Array(2), message: Object, reverse: true, updatePosition: true} @ http://localhost:8080/src/lib/logger.ts:106
[  239903ms] [LOG] %s [239.341] [CHAT] [BATCH-PROCESSOR-1] [queue] render item time 14 {bubble: div.bubble.channel-post.with-beside-button.hide-name.photo.is-in.can-have-tail.no-forwards, promises: Array(2), message: Object, reverse: true, updatePosition: true} @ http://localhost:8080/src/lib/logger.ts:106
[  239903ms] [LOG] %s [239.341] [CHAT] [BATCH-PROCESSOR-1] [queue] render item time 14.200000000186265 {bubble: div.bubble.channel-post.with-beside-button.hide-name.photo.is-in.can-have-tail.no-forwards, promises: Array(2), message: Object, reverse: true, updatePosition: true} @ http://localhost:8080/src/lib/logger.ts:106
[  239903ms] [LOG] %s [239.341] [CHAT] [BATCH-PROCESSOR-1] [queue] messages rendered @ http://localhost:8080/src/lib/logger.ts:106
[  239903ms] [LOG] %s [239.342] [CHAT] [BATCH-PROCESSOR-1] [queue] changed ends true false @ http://localhost:8080/src/lib/logger.ts:106
[  239903ms] [LOG] %s [239.342] [CHAT] [BATCH-PROCESSOR-1] [queue] media promises to call [Promise, Promise, Promise, Promise, Promise, Promise, Promise, Promise, Promise, Promise, Promise, Promise, Promise, Promise, Promise, Promise, Promise, Promise, Promise, Promise, Promise, Promise, Promise, Promise, Promise, Promise, Promise, Promise, Promise, Promise, Promise, Promise, Promise, Promise, Promise, Promise, Promise, Promise, Promise, Promise, Promise] [Object, Object, Object, Object, Object, Object, Object, Object, Object, Object, Object, Object, Object, Object, Object, Object, Object, Object, Object, Object] false @ http://localhost:8080/src/lib/logger.ts:106
[  239904ms] [LOG] %s [239.343] [CHAT] [BATCH-PROCESSOR-1] [queue] media message time 0.7000000001862645 0 Promise @ http://localhost:8080/src/lib/logger.ts:106
[  239904ms] [LOG] %s [239.343] [CHAT] [BATCH-PROCESSOR-1] [queue] media message time 0.7000000001862645 1 Promise @ http://localhost:8080/src/lib/logger.ts:106
[  239905ms] [LOG] %s [239.343] [CHAT] [BATCH-PROCESSOR-1] [queue] media message time 0.7000000001862645 0 Promise @ http://localhost:8080/src/lib/logger.ts:106
[  239905ms] [LOG] %s [239.343] [CHAT] [BATCH-PROCESSOR-1] [queue] media message time 0.7000000001862645 1 Promise @ http://localhost:8080/src/lib/logger.ts:106
[  239905ms] [LOG] %s [239.343] [CHAT] [BATCH-PROCESSOR-1] [queue] media message time 0.7000000001862645 0 Promise @ http://localhost:8080/src/lib/logger.ts:106
[  239905ms] [LOG] %s [239.344] [CHAT] [BATCH-PROCESSOR-1] [queue] media message time 0.7000000001862645 1 Promise @ http://localhost:8080/src/lib/logger.ts:106
[  239905ms] [LOG] %s [239.344] [CHAT] [BATCH-PROCESSOR-1] [queue] media message time 0.7000000001862645 0 Promise @ http://localhost:8080/src/lib/logger.ts:106
[  239905ms] [LOG] %s [239.344] [CHAT] [BATCH-PROCESSOR-1] [queue] media message time 0.7000000001862645 1 Promise @ http://localhost:8080/src/lib/logger.ts:106
[  239906ms] [LOG] %s [239.344] [CHAT] [BATCH-PROCESSOR-1] [queue] media message time 0.7000000001862645 0 Promise @ http://localhost:8080/src/lib/logger.ts:106
[  239906ms] [LOG] %s [239.344] [CHAT] [BATCH-PROCESSOR-1] [queue] media message time 0.7000000001862645 1 Promise @ http://localhost:8080/src/lib/logger.ts:106
[  239906ms] [LOG] %s [239.344] [CHAT] [BATCH-PROCESSOR-1] [queue] media message time 0.7000000001862645 0 Promise @ http://localhost:8080/src/lib/logger.ts:106
[  239906ms] [LOG] %s [239.344] [CHAT] [BATCH-PROCESSOR-1] [queue] media message time 0.7000000001862645 1 Promise @ http://localhost:8080/src/lib/logger.ts:106
[  239906ms] [LOG] %s [239.345] [CHAT] [BATCH-PROCESSOR-1] [queue] media message time 0.7000000001862645 0 Promise @ http://localhost:8080/src/lib/logger.ts:106
[  239906ms] [LOG] %s [239.345] [CHAT] [BATCH-PROCESSOR-1] [queue] media message time 0.7000000001862645 1 Promise @ http://localhost:8080/src/lib/logger.ts:106
[  239906ms] [LOG] %s [239.345] [CHAT] [BATCH-PROCESSOR-1] [queue] media message time 0.7000000001862645 0 Promise @ http://localhost:8080/src/lib/logger.ts:106
[  239907ms] [LOG] %s [239.345] [CHAT] [BATCH-PROCESSOR-1] [queue] media message time 0.7000000001862645 1 Promise @ http://localhost:8080/src/lib/logger.ts:106
[  239907ms] [LOG] %s [239.345] [CHAT] [BATCH-PROCESSOR-1] [queue] media message time 0.6000000005587935 0 Promise @ http://localhost:8080/src/lib/logger.ts:106
[  239907ms] [LOG] %s [239.345] [CHAT] [BATCH-PROCESSOR-1] [queue] media message time 0.6000000005587935 1 Promise @ http://localhost:8080/src/lib/logger.ts:106
[  239907ms] [LOG] %s [239.346] [CHAT] [BATCH-PROCESSOR-1] [queue] media message time 0.6000000005587935 0 Promise @ http://localhost:8080/src/lib/logger.ts:106
[  239907ms] [LOG] %s [239.346] [CHAT] [BATCH-PROCESSOR-1] [queue] media message time 0.6000000005587935 1 Promise @ http://localhost:8080/src/lib/logger.ts:106
[  239908ms] [LOG] %s [239.346] [CHAT] [BATCH-PROCESSOR-1] [queue] media message time 0.6000000005587935 0 Promise @ http://localhost:8080/src/lib/logger.ts:106
[  239908ms] [LOG] %s [239.346] [CHAT] [BATCH-PROCESSOR-1] [queue] media message time 0.6000000005587935 1 Promise @ http://localhost:8080/src/lib/logger.ts:106
[  239908ms] [LOG] %s [239.346] [CHAT] [BATCH-PROCESSOR-1] [queue] media message time 0.6000000005587935 0 Promise @ http://localhost:8080/src/lib/logger.ts:106
[  239908ms] [LOG] %s [239.346] [CHAT] [BATCH-PROCESSOR-1] [queue] media message time 0.6000000005587935 1 Promise @ http://localhost:8080/src/lib/logger.ts:106
[  239908ms] [LOG] %s [239.347] [CHAT] [BATCH-PROCESSOR-1] [queue] media message time 0.6000000005587935 0 Promise @ http://localhost:8080/src/lib/logger.ts:106
[  239908ms] [LOG] %s [239.347] [CHAT] [BATCH-PROCESSOR-1] [queue] media message time 0.6000000005587935 1 Promise @ http://localhost:8080/src/lib/logger.ts:106
[  239908ms] [LOG] %s [239.347] [CHAT] [BATCH-PROCESSOR-1] [queue] media message time 0.6000000005587935 0 Promise @ http://localhost:8080/src/lib/logger.ts:106
[  239909ms] [LOG] %s [239.347] [CHAT] [BATCH-PROCESSOR-1] [queue] media message time 0.6000000005587935 1 Promise @ http://localhost:8080/src/lib/logger.ts:106
[  239909ms] [LOG] %s [239.347] [CHAT] [BATCH-PROCESSOR-1] [queue] media message time 0.6000000005587935 0 Promise @ http://localhost:8080/src/lib/logger.ts:106
[  239909ms] [LOG] %s [239.347] [CHAT] [BATCH-PROCESSOR-1] [queue] media message time 0.6000000005587935 1 Promise @ http://localhost:8080/src/lib/logger.ts:106
[  239909ms] [LOG] %s [239.348] [CHAT] [BATCH-PROCESSOR-1] [queue] media message time 0.6000000005587935 0 Promise @ http://localhost:8080/src/lib/logger.ts:106
[  239909ms] [LOG] %s [239.348] [CHAT] [BATCH-PROCESSOR-1] [queue] media message time 0.6000000005587935 1 Promise @ http://localhost:8080/src/lib/logger.ts:106
[  239909ms] [LOG] %s [239.348] [CHAT] [BATCH-PROCESSOR-1] [queue] media message time 0.6000000005587935 0 Promise @ http://localhost:8080/src/lib/logger.ts:106
[  239909ms] [LOG] %s [239.348] [CHAT] [BATCH-PROCESSOR-1] [queue] media message time 0.6000000005587935 1 Promise @ http://localhost:8080/src/lib/logger.ts:106
[  239910ms] [LOG] %s [239.348] [CHAT] [BATCH-PROCESSOR-1] [queue] media message time 0.6000000005587935 0 Promise @ http://localhost:8080/src/lib/logger.ts:106
[  239910ms] [LOG] %s [239.348] [CHAT] [BATCH-PROCESSOR-1] [queue] media message time 0.6000000005587935 1 Promise @ http://localhost:8080/src/lib/logger.ts:106
[  239910ms] [LOG] %s [239.348] [CHAT] [BATCH-PROCESSOR-1] [queue] media message time 0.6000000005587935 0 Promise @ http://localhost:8080/src/lib/logger.ts:106
[  239910ms] [LOG] %s [239.349] [CHAT] [BATCH-PROCESSOR-1] [queue] media message time 0.6000000005587935 1 Promise @ http://localhost:8080/src/lib/logger.ts:106
[  239910ms] [LOG] %s [239.349] [CHAT] [BATCH-PROCESSOR-1] [queue] media message time 0.6000000005587935 0 Promise @ http://localhost:8080/src/lib/logger.ts:106
[  239910ms] [LOG] %s [239.349] [CHAT] [BATCH-PROCESSOR-1] [queue] media message time 0.6000000005587935 1 Promise @ http://localhost:8080/src/lib/logger.ts:106
[  239923ms] [LOG] %s [239.362] [CHAT] [BATCH-PROCESSOR-1] [queue] media promises end @ http://localhost:8080/src/lib/logger.ts:106
[  239924ms] [LOG] %s [239.362] [CHAT] [BATCH-PROCESSOR-1] [queue] queue rendered @ http://localhost:8080/src/lib/logger.ts:106
[  239924ms] [LOG] %s [239.362] [CHAT] [BATCH-PROCESSOR-1] [queue] end @ http://localhost:8080/src/lib/logger.ts:106
[  239924ms] [LOG] %s [239.362] [CHAT--1502675110-chat] [perform-897] performHistoryResult end @ http://localhost:8080/src/lib/logger.ts:106
[  239924ms] [WARNING] %s [239.362] [CHAT] [setPeer] promise fulfilled @ http://localhost:8080/src/lib/logger.ts:126
[  239924ms] [WARNING] %s [239.362] [CHAT] [setPeer] finishing peer change @ http://localhost:8080/src/lib/logger.ts:126
[  239927ms] [LOG] %s [239.365] [CHAT] [handleBackgrounds] updating Proxy(Object) undefined undefined @ http://localhost:8080/src/lib/logger.ts:106
[  239927ms] [WARNING] %s [239.366] [CHAT--1502675110-chat] [239.365] start topbar @ http://localhost:8080/src/lib/logger.ts:126
[  239927ms] [WARNING] %s [239.366] [CHAT--1502675110-chat] [239.366] start bubbles @ http://localhost:8080/src/lib/logger.ts:126
[  239927ms] [WARNING] %s [239.366] [CHAT--1502675110-chat] [239.366] start input @ http://localhost:8080/src/lib/logger.ts:126
[  239927ms] [WARNING] %s [239.366] [CHAT--1502675110-chat] [239.366] start sharedMedia @ http://localhost:8080/src/lib/logger.ts:126
[  239927ms] [WARNING] %s [239.366] [CHAT--1502675110-chat] [239.366] start backgrounds @ http://localhost:8080/src/lib/logger.ts:126
[  239928ms] [WARNING] %s [239.366] [CHAT--1502675110-chat] [239.366] end backgrounds 0.19999999925494194 @ http://localhost:8080/src/lib/logger.ts:126
[  239932ms] [WARNING] %s [239.370] [CHAT--1502675110-chat] [239.370] end sharedMedia 4.3999999994412065 @ http://localhost:8080/src/lib/logger.ts:126
[  239932ms] [WARNING] %s [239.371] [CHAT--1502675110-chat] [239.370] end bubbles 4.900000000372529 @ http://localhost:8080/src/lib/logger.ts:126
[  239932ms] [WARNING] %s [239.371] [CHAT--1502675110-chat] [239.371] end input 5.1000000005587935 @ http://localhost:8080/src/lib/logger.ts:126
[  239933ms] [WARNING] %s [239.371] [CHAT--1502675110-chat] [239.371] end topbar 5.7999999998137355 @ http://localhost:8080/src/lib/logger.ts:126
[  239933ms] [LOG] %s [239.371] [SEARCH-SUPER] load true -2837385042 {} @ http://localhost:8080/src/lib/logger.ts:106
[  239944ms] [LOG] %s [239.382] [SWIPE-HANDLER] remove listeners @ http://localhost:8080/src/lib/logger.ts:106
[  239944ms] [LOG] %s [239.382] [SWIPE-HANDLER] reset @ http://localhost:8080/src/lib/logger.ts:106
[  239945ms] [WARNING] %s [239.384] [CHAT] [setPeer] finished peer change @ http://localhost:8080/src/lib/logger.ts:126
[  239956ms] [LOG] %s [239.395] [PM] [setCorrectIndex] direction 0 mid 4294981146 @ http://localhost:8080/src/lib/logger.ts:106
[  239956ms] [LOG] %s [239.395] [PM] [getCurrentIndex] start 4294981146 true @ http://localhost:8080/src/lib/logger.ts:106
[  239957ms] [WARNING] %s [239.395] [CHAT] [setPeer] mounted chat true JSHandle@node 81.90000000037253 @ http://localhost:8080/src/lib/logger.ts:126
[  239957ms] [LOG] %s [239.396] [PM] handleFollowingPinnedMessage @ http://localhost:8080/src/lib/logger.ts:106
[  239959ms] [LOG] %s [239.398] [SWIPE-HANDLER] reset @ http://localhost:8080/src/lib/logger.ts:106
[  239959ms] [LOG] %s [239.398] [SWIPE-HANDLER] reset @ http://localhost:8080/src/lib/logger.ts:106
[  239959ms] [LOG] %s [239.398] [SWIPE-HANDLER] reset @ http://localhost:8080/src/lib/logger.ts:106
[  239967ms] [WARNING] %s [239.405] [NC] replace @ http://localhost:8080/src/lib/logger.ts:126
[  239967ms] [LOG] %s [239.406] [NC] [navigate] NavigateEvent NavigationHistoryEntry @ http://localhost:8080/src/lib/logger.ts:106
[  239975ms] [LOG] %s [239.413] [CHAT] [setPeer] scrolledAllDown: false @ http://localhost:8080/src/lib/logger.ts:106
[  239975ms] [LOG] %s [239.414] [PM] [getCurrentIndex] result 4294981146 {count: 0, history: Array(0), isEnd: Object, offsetIdOffset: 0, messages: undefined} 0 0 true true @ http://localhost:8080/src/lib/logger.ts:106
[  239976ms] [LOG] %s [239.414] [PM] handleFollowingPinnedMessage: unlock @ http://localhost:8080/src/lib/logger.ts:106
[  239980ms] [LOG] %s [239.419] [IM] selectTab 1 1 @ http://localhost:8080/src/lib/logger.ts:106
[  240058ms] [LOG] %s [239.496] [PM] [setCorrectIndex] not needed 2 @ http://localhost:8080/src/lib/logger.ts:106
[  240747ms] [LOG] %s [240.185] [DIALOGS] dialogs click list @ http://localhost:8080/src/lib/logger.ts:106
[  240750ms] [LOG] %s [240.189] [IM] saved chat position: {mids: Array(20), top: 3751, pinnedMessages: undefined} @ http://localhost:8080/src/lib/logger.ts:106
[  240751ms] [WARNING] %s [240.189] [CHAT] [setPeer] start @ http://localhost:8080/src/lib/logger.ts:126
[  240751ms] [WARNING] %s [240.189] [CHAT--2837385042-chat] [240.189] start noForwards @ http://localhost:8080/src/lib/logger.ts:126
[  240751ms] [WARNING] %s [240.190] [CHAT--2837385042-chat] [240.190] start isRestricted @ http://localhost:8080/src/lib/logger.ts:126
[  240751ms] [WARNING] %s [240.190] [CHAT--2837385042-chat] [240.190] start isLikeGroup @ http://localhost:8080/src/lib/logger.ts:126
[  240751ms] [WARNING] %s [240.190] [CHAT--2837385042-chat] [240.190] start isRealGroup @ http://localhost:8080/src/lib/logger.ts:126
[  240751ms] [WARNING] %s [240.190] [CHAT--2837385042-chat] [240.190] start isMegagroup @ http://localhost:8080/src/lib/logger.ts:126
[  240752ms] [WARNING] %s [240.190] [CHAT--2837385042-chat] [240.190] start isBroadcast @ http://localhost:8080/src/lib/logger.ts:126
[  240752ms] [WARNING] %s [240.190] [CHAT--2837385042-chat] [240.190] start isChannel @ http://localhost:8080/src/lib/logger.ts:126
[  240752ms] [WARNING] %s [240.190] [CHAT--2837385042-chat] [240.190] start isBot @ http://localhost:8080/src/lib/logger.ts:126
[  240752ms] [WARNING] %s [240.190] [CHAT--2837385042-chat] [240.190] start isAnonymousSending @ http://localhost:8080/src/lib/logger.ts:126
[  240752ms] [WARNING] %s [240.191] [CHAT--2837385042-chat] [240.191] start isPremiumRequired @ http://localhost:8080/src/lib/logger.ts:126
[  240752ms] [WARNING] %s [240.191] [CHAT--2837385042-chat] [240.191] start starsAmount @ http://localhost:8080/src/lib/logger.ts:126
[  240752ms] [WARNING] %s [240.191] [CHAT--2837385042-chat] [240.191] start canManageDirectMessages @ http://localhost:8080/src/lib/logger.ts:126
[  240752ms] [WARNING] %s [240.191] [CHAT--2837385042-chat] [240.191] end isPremiumRequired 0.2999999998137355 @ http://localhost:8080/src/lib/logger.ts:126
[  240753ms] [WARNING] %s [240.191] [CHAT--2837385042-chat] [240.191] end noForwards 1.7999999998137355 @ http://localhost:8080/src/lib/logger.ts:126
[  240753ms] [WARNING] %s [240.191] [CHAT--2837385042-chat] [240.191] end isRestricted 1.7000000001862645 @ http://localhost:8080/src/lib/logger.ts:126
[  240753ms] [WARNING] %s [240.191] [CHAT--2837385042-chat] [240.191] end isRealGroup 1.7000000001862645 @ http://localhost:8080/src/lib/logger.ts:126
[  240753ms] [WARNING] %s [240.191] [CHAT--2837385042-chat] [240.191] end isMegagroup 1.7000000001862645 @ http://localhost:8080/src/lib/logger.ts:126
[  240753ms] [WARNING] %s [240.191] [CHAT--2837385042-chat] [240.191] end isBroadcast 1.5 @ http://localhost:8080/src/lib/logger.ts:126
[  240753ms] [WARNING] %s [240.192] [CHAT--2837385042-chat] [240.192] end isChannel 1.400000000372529 @ http://localhost:8080/src/lib/logger.ts:126
[  240753ms] [WARNING] %s [240.192] [CHAT--2837385042-chat] [240.192] end isBot 1.2000000001862645 @ http://localhost:8080/src/lib/logger.ts:126
[  240753ms] [WARNING] %s [240.192] [CHAT--2837385042-chat] [240.192] end isAnonymousSending 1.2999999998137355 @ http://localhost:8080/src/lib/logger.ts:126
[  240753ms] [WARNING] %s [240.192] [CHAT--2837385042-chat] [240.192] end starsAmount 1 @ http://localhost:8080/src/lib/logger.ts:126
[  240753ms] [WARNING] %s [240.192] [CHAT--2837385042-chat] [240.192] end canManageDirectMessages 0.8999999994412065 @ http://localhost:8080/src/lib/logger.ts:126
[  240753ms] [WARNING] %s [240.192] [CHAT--2837385042-chat] [240.192] end isLikeGroup 2.2000000001862645 @ http://localhost:8080/src/lib/logger.ts:126
[  240760ms] [LOG] %s [240.199] [CHAT] [setPeer] setPeer peerId: -2067219984 Proxy(Object) 0_0 -2067219984_4295721844 @ http://localhost:8080/src/lib/logger.ts:106
[  240760ms] [LOG] %s [240.199] [CHAT--2837385042-chat] cleanup @ http://localhost:8080/src/lib/logger.ts:106
[  240760ms] [LOG] %s [240.199] [CHAT] [BATCH-PROCESSOR-1] clear @ http://localhost:8080/src/lib/logger.ts:106
[  240763ms] [WARNING] %s [240.202] [CHAT] [setPeer] got history @ http://localhost:8080/src/lib/logger.ts:126
[  240763ms] [LOG] %s [240.202] [CHAT--2837385042-chat] [perform-419] start null {history: Array(27)} @ http://localhost:8080/src/lib/logger.ts:106
[  240764ms] [LOG] %s [240.202] [CHAT] [BATCH-PROCESSOR-1] [queue] setting pause @ http://localhost:8080/src/lib/logger.ts:106
[  240766ms] [LOG] %s [240.204] [CHAT] [BATCH-PROCESSOR-1] [queue] start 27 @ http://localhost:8080/src/lib/logger.ts:106
[  240769ms] [LOG] %s [240.208] [CHAT] [BATCH-PROCESSOR-1] [queue] render item time 3.599999999627471 {bubble: div.bubble.is-in.can-have-tail, promises: Array(1), message: Object, reverse: true, updatePosition: true} @ http://localhost:8080/src/lib/logger.ts:106
[  240770ms] [LOG] %s [240.208] [CHAT] [BATCH-PROCESSOR-1] [queue] render item time 3.8999999994412065 {bubble: div.bubble.hide-name.video.has-plain-media-tail.is-message-empty.has-floating-time.is-in.can-have-t…, promises: Array(1), message: Object, reverse: true, updatePosition: true} @ http://localhost:8080/src/lib/logger.ts:106
[  240770ms] [LOG] %s [240.208] [CHAT] [BATCH-PROCESSOR-1] [queue] render item time 4 {bubble: div.bubble.hide-name.photo.has-plain-media-tail.is-message-empty.has-floating-time.is-in.can-have-t…, promises: Array(1), message: Object, reverse: true, updatePosition: true} @ http://localhost:8080/src/lib/logger.ts:106
[  240770ms] [LOG] %s [240.208] [CHAT] [BATCH-PROCESSOR-1] [queue] render item time 4.099999999627471 {bubble: div.bubble.hide-name.photo.has-plain-media-tail.is-message-empty.has-floating-time.is-in.can-have-t…, promises: Array(1), message: Object, reverse: true, updatePosition: true} @ http://localhost:8080/src/lib/logger.ts:106
[  240770ms] [LOG] %s [240.209] [CHAT] [BATCH-PROCESSOR-1] [queue] render item time 4.2000000001862645 {bubble: div.bubble.hide-name.photo.has-plain-media-tail.is-message-empty.has-floating-time.is-in.can-have-t…, promises: Array(1), message: Object, reverse: true, updatePosition: true} @ http://localhost:8080/src/lib/logger.ts:106
[  240770ms] [LOG] %s [240.209] [CHAT] [BATCH-PROCESSOR-1] [queue] render item time 4.2999999998137355 {bubble: div.bubble.hide-name.photo.has-plain-media-tail.is-message-empty.has-floating-time.is-in.can-have-t…, promises: Array(1), message: Object, reverse: true, updatePosition: true} @ http://localhost:8080/src/lib/logger.ts:106
[  240770ms] [LOG] %s [240.209] [CHAT] [BATCH-PROCESSOR-1] [queue] render item time 4.3999999994412065 {bubble: div.bubble.hide-name.video.has-plain-media-tail.is-message-empty.has-floating-time.is-in.can-have-t…, promises: Array(1), message: Object, reverse: true, updatePosition: true} @ http://localhost:8080/src/lib/logger.ts:106
[  240770ms] [LOG] %s [240.209] [CHAT] [BATCH-PROCESSOR-1] [queue] render item time 4.5 {bubble: div.bubble.hide-name.photo.has-plain-media-tail.is-message-empty.has-floating-time.is-in.can-have-t…, promises: Array(1), message: Object, reverse: true, updatePosition: true} @ http://localhost:8080/src/lib/logger.ts:106
[  240781ms] [LOG] %s [240.219] [CHAT] [BATCH-PROCESSOR-1] [queue] render item time 15 {bubble: div.bubble.hide-name.video.has-plain-media-tail.is-message-empty.has-floating-time.is-in.can-have-t…, promises: Array(1), message: Object, reverse: true, updatePosition: true} @ http://localhost:8080/src/lib/logger.ts:106
[  240781ms] [LOG] %s [240.220] [CHAT] [BATCH-PROCESSOR-1] [queue] render item time 15.5 {bubble: div.bubble.hide-name.photo.has-plain-media-tail.is-message-empty.has-floating-time.is-in.can-have-t…, promises: Array(1), message: Object, reverse: true, updatePosition: true} @ http://localhost:8080/src/lib/logger.ts:106
[  240782ms] [LOG] %s [240.220] [CHAT] [BATCH-PROCESSOR-1] [queue] render item time 15.700000000186265 {bubble: div.bubble.hide-name.video.has-plain-media-tail.is-message-empty.has-floating-time.is-in.can-have-t…, promises: Array(1), message: Object, reverse: true, updatePosition: true} @ http://localhost:8080/src/lib/logger.ts:106
[  240782ms] [LOG] %s [240.220] [CHAT] [BATCH-PROCESSOR-1] [queue] render item time 15.799999999813735 {bubble: div.bubble.hide-name.photo.has-plain-media-tail.is-message-empty.has-floating-time.is-in.can-have-t…, promises: Array(1), message: Object, reverse: true, updatePosition: true} @ http://localhost:8080/src/lib/logger.ts:106
[  240782ms] [LOG] %s [240.220] [CHAT] [BATCH-PROCESSOR-1] [queue] render item time 16 {bubble: div.bubble.is-in.can-have-tail, promises: Array(1), message: Object, reverse: true, updatePosition: true} @ http://localhost:8080/src/lib/logger.ts:106
[  240782ms] [LOG] %s [240.221] [CHAT] [BATCH-PROCESSOR-1] [queue] render item time 16.299999999813735 {bubble: div.bubble.is-in.can-have-tail, promises: Array(1), message: Object, reverse: true, updatePosition: true} @ http://localhost:8080/src/lib/logger.ts:106
[  240782ms] [LOG] %s [240.221] [CHAT] [BATCH-PROCESSOR-1] [queue] render item time 16.399999999441206 {bubble: div.bubble.is-in.can-have-tail, promises: Array(1), message: Object, reverse: true, updatePosition: true} @ http://localhost:8080/src/lib/logger.ts:106
[  240782ms] [LOG] %s [240.221] [CHAT] [BATCH-PROCESSOR-1] [queue] render item time 16.5 {bubble: div.bubble.is-in.can-have-tail, promises: Array(1), message: Object, reverse: true, updatePosition: true} @ http://localhost:8080/src/lib/logger.ts:106
[  240782ms] [LOG] %s [240.221] [CHAT] [BATCH-PROCESSOR-1] [queue] render item time 16.59999999962747 {bubble: div.bubble.is-in.can-have-tail, promises: Array(1), message: Object, reverse: true, updatePosition: true} @ http://localhost:8080/src/lib/logger.ts:106
[  240783ms] [LOG] %s [240.221] [CHAT] [BATCH-PROCESSOR-1] [queue] render item time 16.799999999813735 {bubble: div.bubble.is-in.can-have-tail, promises: Array(1), message: Object, reverse: true, updatePosition: true} @ http://localhost:8080/src/lib/logger.ts:106
[  240783ms] [LOG] %s [240.221] [CHAT] [BATCH-PROCESSOR-1] [queue] render item time 16.799999999813735 {bubble: div.bubble.is-in.can-have-tail, promises: Array(1), message: Object, reverse: true, updatePosition: true} @ http://localhost:8080/src/lib/logger.ts:106
[  240783ms] [LOG] %s [240.221] [CHAT] [BATCH-PROCESSOR-1] [queue] render item time 16.899999999441206 {bubble: div.bubble.is-in.can-have-tail, promises: Array(1), message: Object, reverse: true, updatePosition: true} @ http://localhost:8080/src/lib/logger.ts:106
[  240783ms] [LOG] %s [240.221] [CHAT] [BATCH-PROCESSOR-1] [queue] render item time 17 {bubble: div.bubble.is-in.can-have-tail, promises: Array(1), message: Object, reverse: true, updatePosition: true} @ http://localhost:8080/src/lib/logger.ts:106
[  240783ms] [LOG] %s [240.221] [CHAT] [BATCH-PROCESSOR-1] [queue] render item time 17.09999999962747 {bubble: div.bubble.has-webpage.single-media.photo.is-square-photo.is-in.can-have-tail, promises: Array(2), message: Object, reverse: true, updatePosition: true} @ http://localhost:8080/src/lib/logger.ts:106
[  240783ms] [LOG] %s [240.221] [CHAT] [BATCH-PROCESSOR-1] [queue] render item time 17.200000000186265 {bubble: div.bubble.is-in.can-have-tail, promises: Array(1), message: Object, reverse: true, updatePosition: true} @ http://localhost:8080/src/lib/logger.ts:106
[  240783ms] [LOG] %s [240.222] [CHAT] [BATCH-PROCESSOR-1] [queue] render item time 17.299999999813735 {bubble: div.bubble.is-in.can-have-tail, promises: Array(1), message: Object, reverse: true, updatePosition: true} @ http://localhost:8080/src/lib/logger.ts:106
[  240783ms] [LOG] %s [240.222] [CHAT] [BATCH-PROCESSOR-1] [queue] render item time 17.399999999441206 {bubble: div.bubble.is-in.can-have-tail, promises: Array(1), message: Object, reverse: true, updatePosition: true} @ http://localhost:8080/src/lib/logger.ts:106
[  240783ms] [LOG] %s [240.222] [CHAT] [BATCH-PROCESSOR-1] [queue] render item time 17.5 {bubble: div.bubble.sticker.is-message-empty.has-floating-time.just-media.is-reply.hide-name.is-in, promises: Array(1), message: Object, reverse: true, updatePosition: true} @ http://localhost:8080/src/lib/logger.ts:106
[  240786ms] [LOG] %s [240.224] [CHAT] [BATCH-PROCESSOR-1] [queue] render item time 19.799999999813735 {bubble: div.bubble.emoji-big.can-have-big-emoji.sticker.sticker-animated.is-message-empty.has-floating-time…, promises: Array(1), message: Object, reverse: true, updatePosition: true} @ http://localhost:8080/src/lib/logger.ts:106
[  240786ms] [LOG] %s [240.224] [CHAT] [BATCH-PROCESSOR-1] [queue] messages rendered @ http://localhost:8080/src/lib/logger.ts:106
[  240788ms] [LOG] %s [240.226] [CHAT] [BATCH-PROCESSOR-1] [queue] changed ends true false @ http://localhost:8080/src/lib/logger.ts:106
[  240788ms] [LOG] %s [240.227] [CHAT] [BATCH-PROCESSOR-1] [queue] media promises to call [Promise, Promise, Promise, Promise, Promise, Promise, Promise, Promise, Promise, Promise, Promise, Promise, Promise, Promise, Promise, Promise, Promise, Promise, Promise, Promise, Promise, Promise, Promise, Promise, Promise, Promise, Promise, Promise, Promise, Promise, Promise, Promise, Promise, Promise, Promise, Promise, Promise, Promise, Promise, Promise] [Object, Object, Object, Object, Object, Object, Object, Object, Object, Object, Object, Object, Object, Object, Object, Object, Object, Object, Object, Object, Object, Object, Object, Object, Object, Object, Object] false @ http://localhost:8080/src/lib/logger.ts:106
[  240789ms] [LOG] %s [240.228] [CHAT] [BATCH-PROCESSOR-1] [queue] media message time 1.2999999998137355 0 Promise @ http://localhost:8080/src/lib/logger.ts:106
[  240790ms] [LOG] %s [240.228] [CHAT] [BATCH-PROCESSOR-1] [queue] media message time 1.2999999998137355 0 Promise @ http://localhost:8080/src/lib/logger.ts:106
[  240790ms] [LOG] %s [240.228] [CHAT] [BATCH-PROCESSOR-1] [queue] media message time 1.2999999998137355 0 Promise @ http://localhost:8080/src/lib/logger.ts:106
[  240790ms] [LOG] %s [240.229] [CHAT] [BATCH-PROCESSOR-1] [queue] media message time 1.2999999998137355 0 Promise @ http://localhost:8080/src/lib/logger.ts:106
[  240790ms] [LOG] %s [240.229] [CHAT] [BATCH-PROCESSOR-1] [queue] media message time 1.2999999998137355 0 Promise @ http://localhost:8080/src/lib/logger.ts:106
[  240791ms] [LOG] %s [240.229] [CHAT] [BATCH-PROCESSOR-1] [queue] media message time 1.2999999998137355 0 Promise @ http://localhost:8080/src/lib/logger.ts:106
[  240791ms] [LOG] %s [240.229] [CHAT] [BATCH-PROCESSOR-1] [queue] media message time 1.2999999998137355 0 Promise @ http://localhost:8080/src/lib/logger.ts:106
[  240791ms] [LOG] %s [240.230] [CHAT] [BATCH-PROCESSOR-1] [queue] media message time 1.2999999998137355 0 Promise @ http://localhost:8080/src/lib/logger.ts:106
[  240791ms] [LOG] %s [240.230] [CHAT] [BATCH-PROCESSOR-1] [queue] media message time 1.2999999998137355 0 Promise @ http://localhost:8080/src/lib/logger.ts:106
[  240791ms] [LOG] %s [240.230] [CHAT] [BATCH-PROCESSOR-1] [queue] media message time 1.2999999998137355 0 Promise @ http://localhost:8080/src/lib/logger.ts:106
[  240792ms] [LOG] %s [240.230] [CHAT] [BATCH-PROCESSOR-1] [queue] media message time 1.2999999998137355 0 Promise @ http://localhost:8080/src/lib/logger.ts:106
[  240792ms] [LOG] %s [240.230] [CHAT] [BATCH-PROCESSOR-1] [queue] media message time 1.2999999998137355 0 Promise @ http://localhost:8080/src/lib/logger.ts:106
[  240792ms] [LOG] %s [240.231] [CHAT] [BATCH-PROCESSOR-1] [queue] media message time 1.2999999998137355 0 Promise @ http://localhost:8080/src/lib/logger.ts:106
[  240792ms] [LOG] %s [240.231] [CHAT] [BATCH-PROCESSOR-1] [queue] media message time 1.2999999998137355 0 Promise @ http://localhost:8080/src/lib/logger.ts:106
[  240793ms] [LOG] %s [240.231] [CHAT] [BATCH-PROCESSOR-1] [queue] media message time 1.2999999998137355 0 Promise @ http://localhost:8080/src/lib/logger.ts:106
[  240793ms] [LOG] %s [240.231] [CHAT] [BATCH-PROCESSOR-1] [queue] media message time 1.2999999998137355 0 Promise @ http://localhost:8080/src/lib/logger.ts:106
[  240793ms] [LOG] %s [240.231] [CHAT] [BATCH-PROCESSOR-1] [queue] media message time 1.2999999998137355 0 Promise @ http://localhost:8080/src/lib/logger.ts:106
[  240793ms] [LOG] %s [240.232] [CHAT] [BATCH-PROCESSOR-1] [queue] media message time 1.2999999998137355 0 Promise @ http://localhost:8080/src/lib/logger.ts:106
[  240793ms] [LOG] %s [240.232] [CHAT] [BATCH-PROCESSOR-1] [queue] media message time 1.2999999998137355 0 Promise @ http://localhost:8080/src/lib/logger.ts:106
[  240794ms] [LOG] %s [240.232] [CHAT] [BATCH-PROCESSOR-1] [queue] media message time 1.2999999998137355 0 Promise @ http://localhost:8080/src/lib/logger.ts:106
[  240794ms] [LOG] %s [240.232] [CHAT] [BATCH-PROCESSOR-1] [queue] media message time 1.2999999998137355 0 Promise @ http://localhost:8080/src/lib/logger.ts:106
[  240794ms] [LOG] %s [240.233] [CHAT] [BATCH-PROCESSOR-1] [queue] media message time 1.2999999998137355 0 Promise @ http://localhost:8080/src/lib/logger.ts:106
[  240794ms] [LOG] %s [240.233] [CHAT] [BATCH-PROCESSOR-1] [queue] media message time 1.2999999998137355 1 Promise @ http://localhost:8080/src/lib/logger.ts:106
[  240794ms] [LOG] %s [240.233] [CHAT] [BATCH-PROCESSOR-1] [queue] media message time 1.2999999998137355 0 Promise @ http://localhost:8080/src/lib/logger.ts:106
[  240795ms] [LOG] %s [240.233] [CHAT] [BATCH-PROCESSOR-1] [queue] media message time 1.2999999998137355 0 Promise @ http://localhost:8080/src/lib/logger.ts:106
[  240795ms] [LOG] %s [240.233] [CHAT] [BATCH-PROCESSOR-1] [queue] media message time 1.2999999998137355 0 Promise @ http://localhost:8080/src/lib/logger.ts:106
[  240795ms] [LOG] %s [240.234] [CHAT] [BATCH-PROCESSOR-1] [queue] media message time 7.2000000001862645 0 Promise @ http://localhost:8080/src/lib/logger.ts:106
[  240796ms] [LOG] %s [240.234] [CHAT] [BATCH-PROCESSOR-1] [queue] media message time 7.5 0 Promise @ http://localhost:8080/src/lib/logger.ts:106
[  240806ms] [LOG] %s [240.245] [CHAT] [BATCH-PROCESSOR-1] [queue] media promises end @ http://localhost:8080/src/lib/logger.ts:106
[  240807ms] [LOG] %s [240.246] [CHAT] [BATCH-PROCESSOR-1] [queue] queue rendered @ http://localhost:8080/src/lib/logger.ts:106
[  240807ms] [LOG] %s [240.246] [CHAT] [BATCH-PROCESSOR-1] [queue] end @ http://localhost:8080/src/lib/logger.ts:106
[  240807ms] [LOG] %s [240.246] [CHAT--2837385042-chat] [perform-419] performHistoryResult end @ http://localhost:8080/src/lib/logger.ts:106
[  240807ms] [WARNING] %s [240.246] [CHAT] [setPeer] promise fulfilled @ http://localhost:8080/src/lib/logger.ts:126
[  240807ms] [WARNING] %s [240.246] [CHAT] [setPeer] finishing peer change @ http://localhost:8080/src/lib/logger.ts:126
[  240813ms] [LOG] %s [240.251] [CHAT] [handleBackgrounds] updating Proxy(Object) undefined undefined @ http://localhost:8080/src/lib/logger.ts:106
[  240813ms] [WARNING] %s [240.251] [CHAT--2837385042-chat] [240.251] start topbar @ http://localhost:8080/src/lib/logger.ts:126
[  240813ms] [WARNING] %s [240.252] [CHAT--2837385042-chat] [240.252] start bubbles @ http://localhost:8080/src/lib/logger.ts:126
[  240813ms] [WARNING] %s [240.252] [CHAT--2837385042-chat] [240.252] start input @ http://localhost:8080/src/lib/logger.ts:126
[  240813ms] [WARNING] %s [240.252] [CHAT--2837385042-chat] [240.252] start sharedMedia @ http://localhost:8080/src/lib/logger.ts:126
[  240813ms] [WARNING] %s [240.252] [CHAT--2837385042-chat] [240.252] start backgrounds @ http://localhost:8080/src/lib/logger.ts:126
[  240814ms] [WARNING] %s [240.252] [CHAT--2837385042-chat] [240.252] end backgrounds 0.20000000018626451 @ http://localhost:8080/src/lib/logger.ts:126
[  240818ms] [LOG] %s [240.256] [PM] setPinnedMessage: fromTop false 0 0 @ http://localhost:8080/src/lib/logger.ts:106
[  240819ms] [WARNING] %s [240.257] [CHAT--2837385042-chat] [240.257] end sharedMedia 5.2999999998137355 @ http://localhost:8080/src/lib/logger.ts:126
[  240819ms] [LOG] %s [240.258] [SWIPE-HANDLER] reset @ http://localhost:8080/src/lib/logger.ts:106
[  240819ms] [LOG] %s [240.258] [SWIPE-HANDLER] reset @ http://localhost:8080/src/lib/logger.ts:106
[  240819ms] [LOG] %s [240.258] [SWIPE-HANDLER] reset @ http://localhost:8080/src/lib/logger.ts:106
[  240819ms] [LOG] %s [240.258] [SWIPE-HANDLER] reset @ http://localhost:8080/src/lib/logger.ts:106
[  240823ms] [WARNING] %s [240.262] [CHAT--2837385042-chat] [240.262] end bubbles 9.900000000372529 @ http://localhost:8080/src/lib/logger.ts:126
[  240824ms] [WARNING] %s [240.263] [CHAT--2837385042-chat] [240.263] end topbar 11.299999999813735 @ http://localhost:8080/src/lib/logger.ts:126
[  240825ms] [WARNING] %s [240.263] [CHAT--2837385042-chat] [240.263] end input 11.5 @ http://localhost:8080/src/lib/logger.ts:126
[  240825ms] [LOG] %s [240.263] [SEARCH-SUPER] load true -2067219984 {} @ http://localhost:8080/src/lib/logger.ts:106
[  240835ms] [LOG] %s [240.273] [SWIPE-HANDLER] remove listeners @ http://localhost:8080/src/lib/logger.ts:106
[  240835ms] [LOG] %s [240.273] [SWIPE-HANDLER] reset @ http://localhost:8080/src/lib/logger.ts:106
[  240835ms] [WARNING] %s [240.274] [CHAT] [setPeer] finished peer change @ http://localhost:8080/src/lib/logger.ts:126
[  240845ms] [LOG] %s [240.283] [PM] [setCorrectIndex] direction 0 mid 4295644700 @ http://localhost:8080/src/lib/logger.ts:106
[  240845ms] [LOG] %s [240.283] [PM] [getCurrentIndex] start 4295644700 true @ http://localhost:8080/src/lib/logger.ts:106
[  240845ms] [WARNING] %s [240.283] [CHAT] [setPeer] mounted chat true JSHandle@node 94.1000000005588 @ http://localhost:8080/src/lib/logger.ts:126
[  240845ms] [LOG] %s [240.284] [PM] handleFollowingPinnedMessage @ http://localhost:8080/src/lib/logger.ts:106
[  240851ms] [WARNING] %s [240.290] [NC] replace @ http://localhost:8080/src/lib/logger.ts:126
[  240852ms] [LOG] %s [240.290] [NC] [navigate] NavigateEvent NavigationHistoryEntry @ http://localhost:8080/src/lib/logger.ts:106
[  240855ms] [LOG] %s [240.293] [CHAT] [setPeer] scrolledAllDown: false @ http://localhost:8080/src/lib/logger.ts:106
[  240855ms] [LOG] %s [240.294] [PM] [getCurrentIndex] result 4295644700 {count: 8, history: Array(8), isEnd: Object, offsetIdOffset: 1, messages: undefined} 1 0 true true @ http://localhost:8080/src/lib/logger.ts:106
[  240855ms] [LOG] %s [240.294] [PM] setPinnedMessage: fromTop false 0 0 @ http://localhost:8080/src/lib/logger.ts:106
[  240856ms] [LOG] %s [240.294] [PM] handleFollowingPinnedMessage: unlock @ http://localhost:8080/src/lib/logger.ts:106
[  240861ms] [LOG] %s [240.299] [IM] selectTab 1 1 @ http://localhost:8080/src/lib/logger.ts:106
[  240947ms] [LOG] %s [240.385] [PM] [setCorrectIndex] direction 0 mid 4295644696 @ http://localhost:8080/src/lib/logger.ts:106
[  240958ms] [LOG] %s [240.396] [PM] setPinnedMessage: fromTop true 1 0 @ http://localhost:8080/src/lib/logger.ts:106
[  241442ms] [LOG] %s [240.880] [BATCH-PROCESSOR-5] [queue] setting pause @ http://localhost:8080/src/lib/logger.ts:106
[  241465ms] [LOG] %s [240.903] [BATCH-PROCESSOR-5] [queue] start 47 @ http://localhost:8080/src/lib/logger.ts:106
[  241474ms] [LOG] %s [240.913] [BATCH-PROCESSOR-5] [queue] queue rendered @ http://localhost:8080/src/lib/logger.ts:106
[  241474ms] [LOG] %s [240.913] [BATCH-PROCESSOR-5] [queue] end @ http://localhost:8080/src/lib/logger.ts:106
[  241974ms] [LOG] %s [241.412] [DIALOGS] dialogs click list @ http://localhost:8080/src/lib/logger.ts:106
[  241992ms] [LOG] %s [241.431] [IM] saved chat position: {mids: Array(27), top: 1948, pinnedMessages: Object} @ http://localhost:8080/src/lib/logger.ts:106
[  241993ms] [WARNING] %s [241.431] [CHAT] [setPeer] start @ http://localhost:8080/src/lib/logger.ts:126
[  241993ms] [WARNING] %s [241.432] [CHAT--2067219984-chat] [241.432] start noForwards @ http://localhost:8080/src/lib/logger.ts:126
[  241993ms] [WARNING] %s [241.432] [CHAT--2067219984-chat] [241.432] start isRestricted @ http://localhost:8080/src/lib/logger.ts:126
[  241993ms] [WARNING] %s [241.432] [CHAT--2067219984-chat] [241.432] start isLikeGroup @ http://localhost:8080/src/lib/logger.ts:126
[  241993ms] [WARNING] %s [241.432] [CHAT--2067219984-chat] [241.432] start isRealGroup @ http://localhost:8080/src/lib/logger.ts:126
[  241994ms] [WARNING] %s [241.432] [CHAT--2067219984-chat] [241.432] start isMegagroup @ http://localhost:8080/src/lib/logger.ts:126
[  241994ms] [WARNING] %s [241.432] [CHAT--2067219984-chat] [241.432] start isBroadcast @ http://localhost:8080/src/lib/logger.ts:126
[  241994ms] [WARNING] %s [241.432] [CHAT--2067219984-chat] [241.432] start isChannel @ http://localhost:8080/src/lib/logger.ts:126
[  241994ms] [WARNING] %s [241.432] [CHAT--2067219984-chat] [241.432] start isBot @ http://localhost:8080/src/lib/logger.ts:126
[  241994ms] [WARNING] %s [241.432] [CHAT--2067219984-chat] [241.432] start isAnonymousSending @ http://localhost:8080/src/lib/logger.ts:126
[  241994ms] [WARNING] %s [241.432] [CHAT--2067219984-chat] [241.432] start isPremiumRequired @ http://localhost:8080/src/lib/logger.ts:126
[  241994ms] [WARNING] %s [241.433] [CHAT--2067219984-chat] [241.433] start starsAmount @ http://localhost:8080/src/lib/logger.ts:126
[  241994ms] [WARNING] %s [241.433] [CHAT--2067219984-chat] [241.433] start canManageDirectMessages @ http://localhost:8080/src/lib/logger.ts:126
[  241994ms] [WARNING] %s [241.433] [CHAT--2067219984-chat] [241.433] end isPremiumRequired 0.40000000037252903 @ http://localhost:8080/src/lib/logger.ts:126
[  241998ms] [WARNING] %s [241.436] [CHAT--2067219984-chat] [241.436] end noForwards 4.5 @ http://localhost:8080/src/lib/logger.ts:126
[  241998ms] [WARNING] %s [241.436] [CHAT--2067219984-chat] [241.436] end isRestricted 4.5 @ http://localhost:8080/src/lib/logger.ts:126
[  241998ms] [WARNING] %s [241.436] [CHAT--2067219984-chat] [241.436] end isRealGroup 4.2999999998137355 @ http://localhost:8080/src/lib/logger.ts:126
[  241998ms] [WARNING] %s [241.436] [CHAT--2067219984-chat] [241.436] end isMegagroup 4.300000000745058 @ http://localhost:8080/src/lib/logger.ts:126
[  241998ms] [WARNING] %s [241.436] [CHAT--2067219984-chat] [241.436] end isBroadcast 4.2999999998137355 @ http://localhost:8080/src/lib/logger.ts:126
[  241998ms] [WARNING] %s [241.436] [CHAT--2067219984-chat] [241.436] end isChannel 4.2999999998137355 @ http://localhost:8080/src/lib/logger.ts:126
[  241998ms] [WARNING] %s [241.437] [CHAT--2067219984-chat] [241.437] end isBot 4.2999999998137355 @ http://localhost:8080/src/lib/logger.ts:126
[  241998ms] [WARNING] %s [241.437] [CHAT--2067219984-chat] [241.437] end isAnonymousSending 4.2999999998137355 @ http://localhost:8080/src/lib/logger.ts:126
[  241998ms] [WARNING] %s [241.437] [CHAT--2067219984-chat] [241.437] end starsAmount 4.1000000005587935 @ http://localhost:8080/src/lib/logger.ts:126
[  241998ms] [WARNING] %s [241.437] [CHAT--2067219984-chat] [241.437] end canManageDirectMessages 3.900000000372529 @ http://localhost:8080/src/lib/logger.ts:126
[  241998ms] [WARNING] %s [241.437] [CHAT--2067219984-chat] [241.437] end isLikeGroup 4.8999999994412065 @ http://localhost:8080/src/lib/logger.ts:126
[  242009ms] [LOG] %s [241.448] [CHAT] [setPeer] setPeer peerId: -2215926322 Proxy(Object) -2215926322_4295193546 -2215926322_4295193915 @ http://localhost:8080/src/lib/logger.ts:106
[  242009ms] [LOG] %s [241.448] [CHAT--2067219984-chat] cleanup @ http://localhost:8080/src/lib/logger.ts:106
[  242010ms] [LOG] %s [241.448] [CHAT] [BATCH-PROCESSOR-1] clear @ http://localhost:8080/src/lib/logger.ts:106
[  242013ms] [LOG] %s [241.451] [CHAT--2067219984-chat] i vin brehnya {cached: true, result: Promise} -2215926322_4295193546 17 17 @ http://localhost:8080/src/lib/logger.ts:106
[  242013ms] [WARNING] %s [241.451] [CHAT] [setPeer] got history @ http://localhost:8080/src/lib/logger.ts:126
[  242013ms] [LOG] %s [241.452] [CHAT--2067219984-chat] [perform-344] start null {count: 183761, history: Array(34), isEnd: Object, offsetIdOffset: 25, messages: undefined} @ http://localhost:8080/src/lib/logger.ts:106
[  242014ms] [LOG] %s [241.452] [CHAT] [BATCH-PROCESSOR-1] [queue] setting pause @ http://localhost:8080/src/lib/logger.ts:106
[  242017ms] [LOG] %s [241.456] [CHAT] [BATCH-PROCESSOR-1] [queue] start 34 @ http://localhost:8080/src/lib/logger.ts:106
[  242025ms] [LOG] %s [241.463] [CHAT] [BATCH-PROCESSOR-1] [queue] render item time 7.1000000005587935 {bubble: div.bubble.sticker.sticker-animated.is-message-empty.has-floating-time.just-media.hide-name.is-in, promises: Array(1), message: Object, reverse: true, updatePosition: true} @ http://localhost:8080/src/lib/logger.ts:106
[  242025ms] [LOG] %s [241.463] [CHAT] [BATCH-PROCESSOR-1] [queue] render item time 7.300000000745058 {bubble: div.bubble.is-in.can-have-tail, promises: Array(1), message: Object, reverse: true, updatePosition: true} @ http://localhost:8080/src/lib/logger.ts:106
[  242025ms] [LOG] %s [241.464] [CHAT] [BATCH-PROCESSOR-1] [queue] render item time 7.5 {bubble: div.bubble.is-in.can-have-tail, promises: Array(1), message: Object, reverse: true, updatePosition: true} @ http://localhost:8080/src/lib/logger.ts:106
[  242025ms] [LOG] %s [241.464] [CHAT] [BATCH-PROCESSOR-1] [queue] render item time 7.5 {bubble: div.bubble.hide-name.photo.has-plain-media-tail.is-message-empty.has-floating-time.is-in.can-have-t…, promises: Array(1), message: Object, reverse: true, updatePosition: true} @ http://localhost:8080/src/lib/logger.ts:106
[  242025ms] [LOG] %s [241.464] [CHAT] [BATCH-PROCESSOR-1] [queue] render item time 7.7000000001862645 {bubble: div.bubble.is-in.can-have-tail, promises: Array(1), message: Object, reverse: true, updatePosition: true} @ http://localhost:8080/src/lib/logger.ts:106
[  242025ms] [LOG] %s [241.464] [CHAT] [BATCH-PROCESSOR-1] [queue] render item time 7.800000000745058 {bubble: div.bubble.is-in.can-have-tail, promises: Array(1), message: Object, reverse: true, updatePosition: true} @ http://localhost:8080/src/lib/logger.ts:106
[  242025ms] [LOG] %s [241.464] [CHAT] [BATCH-PROCESSOR-1] [queue] render item time 7.800000000745058 {bubble: div.bubble.is-in.can-have-tail, promises: Array(1), message: Object, reverse: true, updatePosition: true} @ http://localhost:8080/src/lib/logger.ts:106
[  242026ms] [LOG] %s [241.464] [CHAT] [BATCH-PROCESSOR-1] [queue] render item time 8 {bubble: div.bubble.is-in.can-have-tail, promises: Array(1), message: Object, reverse: true, updatePosition: true} @ http://localhost:8080/src/lib/logger.ts:106
[  242026ms] [LOG] %s [241.464] [CHAT] [BATCH-PROCESSOR-1] [queue] render item time 8.100000000558794 {bubble: div.bubble.hide-name.photo.is-in.can-have-tail, promises: Array(2), message: Object, reverse: true, updatePosition: true} @ http://localhost:8080/src/lib/logger.ts:106
[  242026ms] [LOG] %s [241.464] [CHAT] [BATCH-PROCESSOR-1] [queue] render item time 8.200000000186265 {bubble: div.bubble.is-in.can-have-tail, promises: Array(1), message: Object, reverse: true, updatePosition: true} @ http://localhost:8080/src/lib/logger.ts:106
[  242026ms] [LOG] %s [241.464] [CHAT] [BATCH-PROCESSOR-1] [queue] render item time 8.300000000745058 {bubble: div.bubble.hide-name.photo.has-plain-media-tail.is-message-empty.has-floating-time.is-in.can-have-t…, promises: Array(1), message: Object, reverse: true, updatePosition: true} @ http://localhost:8080/src/lib/logger.ts:106
[  242026ms] [LOG] %s [241.464] [CHAT] [BATCH-PROCESSOR-1] [queue] render item time 8.300000000745058 {bubble: div.bubble.has-webpage.single-media.is-in.can-have-tail, promises: Array(1), message: Object, reverse: true, updatePosition: true} @ http://localhost:8080/src/lib/logger.ts:106
[  242026ms] [LOG] %s [241.464] [CHAT] [BATCH-PROCESSOR-1] [queue] render item time 8.400000000372529 {bubble: div.bubble.sticker.is-message-empty.has-floating-time.just-media.hide-name.is-in, promises: Array(1), message: Object, reverse: true, updatePosition: true} @ http://localhost:8080/src/lib/logger.ts:106
[  242026ms] [LOG] %s [241.465] [CHAT] [BATCH-PROCESSOR-1] [queue] render item time 8.700000000186265 {bubble: div.bubble.has-webpage.single-media.is-reply.is-in.can-have-tail, promises: Array(1), message: Object, reverse: true, updatePosition: true} @ http://localhost:8080/src/lib/logger.ts:106
[  242026ms] [LOG] %s [241.465] [CHAT] [BATCH-PROCESSOR-1] [queue] render item time 8.900000000372529 {bubble: div.bubble.is-reply.is-in.can-have-tail, promises: Array(1), message: Object, reverse: true, updatePosition: true} @ http://localhost:8080/src/lib/logger.ts:106
[  242026ms] [LOG] %s [241.465] [CHAT] [BATCH-PROCESSOR-1] [queue] render item time 8.900000000372529 {bubble: div.bubble.sticker.sticker-animated.is-message-empty.has-floating-time.just-media.is-reply.hide-nam…, promises: Array(1), message: Object, reverse: true, updatePosition: true} @ http://localhost:8080/src/lib/logger.ts:106
[  242038ms] [LOG] %s [241.476] [CHAT] [BATCH-PROCESSOR-1] [queue] render item time 20 {bubble: div.bubble.is-in.can-have-tail, promises: Array(1), message: Object, reverse: true, updatePosition: true} @ http://localhost:8080/src/lib/logger.ts:106
[  242038ms] [LOG] %s [241.476] [CHAT] [BATCH-PROCESSOR-1] [queue] render item time 20.300000000745058 {bubble: div.bubble.is-in.can-have-tail, promises: Array(1), message: Object, reverse: true, updatePosition: true} @ http://localhost:8080/src/lib/logger.ts:106
[  242038ms] [LOG] %s [241.476] [CHAT] [BATCH-PROCESSOR-1] [queue] render item time 20.40000000037253 {bubble: div.bubble.is-in.can-have-tail, promises: Array(1), message: Object, reverse: true, updatePosition: true} @ http://localhost:8080/src/lib/logger.ts:106
[  242038ms] [LOG] %s [241.477] [CHAT] [BATCH-PROCESSOR-1] [queue] render item time 20.600000000558794 {bubble: div.bubble.is-in.can-have-tail, promises: Array(1), message: Object, reverse: true, updatePosition: true} @ http://localhost:8080/src/lib/logger.ts:106
[  242038ms] [LOG] %s [241.477] [CHAT] [BATCH-PROCESSOR-1] [queue] render item time 20.600000000558794 {bubble: div.bubble.is-in.can-have-tail, promises: Array(1), message: Object, reverse: true, updatePosition: true} @ http://localhost:8080/src/lib/logger.ts:106
[  242038ms] [LOG] %s [241.477] [CHAT] [BATCH-PROCESSOR-1] [queue] render item time 20.700000000186265 {bubble: div.bubble.is-in.can-have-tail, promises: Array(1), message: Object, reverse: true, updatePosition: true} @ http://localhost:8080/src/lib/logger.ts:106
[  242038ms] [LOG] %s [241.477] [CHAT] [BATCH-PROCESSOR-1] [queue] render item time 20.800000000745058 {bubble: div.bubble.is-in.can-have-tail, promises: Array(1), message: Object, reverse: true, updatePosition: true} @ http://localhost:8080/src/lib/logger.ts:106
[  242038ms] [LOG] %s [241.477] [CHAT] [BATCH-PROCESSOR-1] [queue] render item time 20.90000000037253 {bubble: div.bubble.is-in.can-have-tail, promises: Array(1), message: Object, reverse: true, updatePosition: true} @ http://localhost:8080/src/lib/logger.ts:106
[  242039ms] [LOG] %s [241.477] [CHAT] [BATCH-PROCESSOR-1] [queue] render item time 20.90000000037253 {bubble: div.bubble.is-in.can-have-tail, promises: Array(1), message: Object, reverse: true, updatePosition: true} @ http://localhost:8080/src/lib/logger.ts:106
[  242039ms] [LOG] %s [241.477] [CHAT] [BATCH-PROCESSOR-1] [queue] render item time 21 {bubble: div.bubble.sticker.is-message-empty.has-floating-time.just-media.hide-name.is-in, promises: Array(1), message: Object, reverse: true, updatePosition: true} @ http://localhost:8080/src/lib/logger.ts:106
[  242039ms] [LOG] %s [241.477] [CHAT] [BATCH-PROCESSOR-1] [queue] render item time 21.200000000186265 {bubble: div.bubble.is-in.can-have-tail, promises: Array(1), message: Object, reverse: true, updatePosition: true} @ http://localhost:8080/src/lib/logger.ts:106
[  242039ms] [LOG] %s [241.477] [CHAT] [BATCH-PROCESSOR-1] [queue] render item time 21.200000000186265 {bubble: div.bubble.sticker.is-message-empty.has-floating-time.just-media.hide-name.is-in, promises: Array(1), message: Object, reverse: true, updatePosition: true} @ http://localhost:8080/src/lib/logger.ts:106
[  242039ms] [LOG] %s [241.477] [CHAT] [BATCH-PROCESSOR-1] [queue] render item time 21.300000000745058 {bubble: div.bubble.channel-post.with-beside-button.forwarded.must-have-name.is-in.can-have-tail, promises: Array(1), message: Object, reverse: true, updatePosition: true} @ http://localhost:8080/src/lib/logger.ts:106
[  242039ms] [LOG] %s [241.478] [CHAT] [BATCH-PROCESSOR-1] [queue] render item time 21.5 {bubble: div.bubble.is-in.can-have-tail, promises: Array(1), message: Object, reverse: true, updatePosition: true} @ http://localhost:8080/src/lib/logger.ts:106
[  242039ms] [LOG] %s [241.478] [CHAT] [BATCH-PROCESSOR-1] [queue] render item time 21.800000000745058 {bubble: div.bubble.is-reply.is-in.can-have-tail, promises: Array(1), message: Object, reverse: true, updatePosition: true} @ http://localhost:8080/src/lib/logger.ts:106
[  242040ms] [LOG] %s [241.478] [CHAT] [BATCH-PROCESSOR-1] [queue] render item time 21.90000000037253 {bubble: div.bubble.is-reply.is-in.can-have-tail, promises: Array(1), message: Object, reverse: true, updatePosition: true} @ http://localhost:8080/src/lib/logger.ts:106
[  242040ms] [LOG] %s [241.478] [CHAT] [BATCH-PROCESSOR-1] [queue] render item time 22 {bubble: div.bubble.is-reply.is-in.can-have-tail, promises: Array(1), message: Object, reverse: true, updatePosition: true} @ http://localhost:8080/src/lib/logger.ts:106
[  242040ms] [LOG] %s [241.478] [CHAT] [BATCH-PROCESSOR-1] [queue] render item time 22.200000000186265 {bubble: div.bubble.is-reply.is-in.can-have-tail, promises: Array(1), message: Object, reverse: true, updatePosition: true} @ http://localhost:8080/src/lib/logger.ts:106
[  242040ms] [LOG] %s [241.478] [CHAT] [BATCH-PROCESSOR-1] [queue] messages rendered @ http://localhost:8080/src/lib/logger.ts:106
[  242045ms] [LOG] %s [241.483] [CHAT] [BATCH-PROCESSOR-1] [queue] changed ends true false @ http://localhost:8080/src/lib/logger.ts:106
[  242045ms] [LOG] %s [241.484] [CHAT] [BATCH-PROCESSOR-1] [queue] media promises to call [Promise, Promise, Promise, Promise, Promise, Promise, Promise, Promise, Promise, Promise, Promise, Promise, Promise, Promise, Promise, Promise, Promise, Promise, Promise, Promise, Promise, Promise, Promise, Promise, Promise, Promise, Promise, Promise, Promise, Promise, Promise, Promise, Promise, Promise, Promise, Promise, Promise, Promise, Promise, Promise, Promise, Promise, Promise, Promise, Promise, Promise, Promise, Promise, Promise, Promise, Promise, Promise, Promise, Promise, Promise, Promise, Promise, Promise, Promise, Promise, Promise] [Object, Object, Object, Object, Object, Object, Object, Object, Object, Object, Object, Object, Object, Object, Object, Object, Object, Object, Object, Object, Object, Object, Object, Object, Object, Object, Object, Object, Object, Object, Object, Object, Object, Object] false @ http://localhost:8080/src/lib/logger.ts:106
[  242048ms] [LOG] %s [241.486] [CHAT] [BATCH-PROCESSOR-1] [queue] media message time 2.300000000745058 0 Promise @ http://localhost:8080/src/lib/logger.ts:106
[  242048ms] [LOG] %s [241.487] [CHAT] [BATCH-PROCESSOR-1] [queue] media message time 2.300000000745058 0 Promise @ http://localhost:8080/src/lib/logger.ts:106
[  242048ms] [LOG] %s [241.487] [CHAT] [BATCH-PROCESSOR-1] [queue] media message time 2.300000000745058 0 Promise @ http://localhost:8080/src/lib/logger.ts:106
[  242048ms] [LOG] %s [241.487] [CHAT] [BATCH-PROCESSOR-1] [queue] media message time 2.300000000745058 0 Promise @ http://localhost:8080/src/lib/logger.ts:106
[  242049ms] [LOG] %s [241.487] [CHAT] [BATCH-PROCESSOR-1] [queue] media message time 2.300000000745058 0 Promise @ http://localhost:8080/src/lib/logger.ts:106
[  242049ms] [LOG] %s [241.487] [CHAT] [BATCH-PROCESSOR-1] [queue] media message time 2.300000000745058 0 Promise @ http://localhost:8080/src/lib/logger.ts:106
[  242049ms] [LOG] %s [241.488] [CHAT] [BATCH-PROCESSOR-1] [queue] media message time 2.300000000745058 0 Promise @ http://localhost:8080/src/lib/logger.ts:106
[  242049ms] [LOG] %s [241.488] [CHAT] [BATCH-PROCESSOR-1] [queue] media message time 2.300000000745058 0 Promise @ http://localhost:8080/src/lib/logger.ts:106
[  242050ms] [LOG] %s [241.488] [CHAT] [BATCH-PROCESSOR-1] [queue] media message time 2.300000000745058 0 Promise @ http://localhost:8080/src/lib/logger.ts:106
[  242050ms] [LOG] %s [241.488] [CHAT] [BATCH-PROCESSOR-1] [queue] media message time 2.300000000745058 0 Promise @ http://localhost:8080/src/lib/logger.ts:106
[  242050ms] [LOG] %s [241.488] [CHAT] [BATCH-PROCESSOR-1] [queue] media message time 2.300000000745058 0 Promise @ http://localhost:8080/src/lib/logger.ts:106
[  242050ms] [LOG] %s [241.489] [CHAT] [BATCH-PROCESSOR-1] [queue] media message time 2.300000000745058 0 Promise @ http://localhost:8080/src/lib/logger.ts:106
[  242050ms] [LOG] %s [241.489] [CHAT] [BATCH-PROCESSOR-1] [queue] media message time 2.300000000745058 0 Promise @ http://localhost:8080/src/lib/logger.ts:106
[  242051ms] [LOG] %s [241.489] [CHAT] [BATCH-PROCESSOR-1] [queue] media message time 2.300000000745058 0 Promise @ http://localhost:8080/src/lib/logger.ts:106
[  242051ms] [LOG] %s [241.489] [CHAT] [BATCH-PROCESSOR-1] [queue] media message time 2.300000000745058 0 Promise @ http://localhost:8080/src/lib/logger.ts:106
[  242051ms] [LOG] %s [241.490] [CHAT] [BATCH-PROCESSOR-1] [queue] media message time 2.300000000745058 0 Promise @ http://localhost:8080/src/lib/logger.ts:106
[  242051ms] [LOG] %s [241.490] [CHAT] [BATCH-PROCESSOR-1] [queue] media message time 2.300000000745058 0 Promise @ http://localhost:8080/src/lib/logger.ts:106
[  242051ms] [LOG] %s [241.490] [CHAT] [BATCH-PROCESSOR-1] [queue] media message time 2.300000000745058 0 Promise @ http://localhost:8080/src/lib/logger.ts:106
[  242052ms] [LOG] %s [241.490] [CHAT] [BATCH-PROCESSOR-1] [queue] media message time 2.300000000745058 0 Promise @ http://localhost:8080/src/lib/logger.ts:106
[  242052ms] [LOG] %s [241.490] [CHAT] [BATCH-PROCESSOR-1] [queue] media message time 2.300000000745058 0 Promise @ http://localhost:8080/src/lib/logger.ts:106
[  242052ms] [LOG] %s [241.491] [CHAT] [BATCH-PROCESSOR-1] [queue] media message time 2.300000000745058 0 Promise @ http://localhost:8080/src/lib/logger.ts:106
[  242052ms] [LOG] %s [241.491] [CHAT] [BATCH-PROCESSOR-1] [queue] media message time 2.300000000745058 0 Promise @ http://localhost:8080/src/lib/logger.ts:106
[  242053ms] [LOG] %s [241.491] [CHAT] [BATCH-PROCESSOR-1] [queue] media message time 2.300000000745058 0 Promise @ http://localhost:8080/src/lib/logger.ts:106
[  242053ms] [LOG] %s [241.491] [CHAT] [BATCH-PROCESSOR-1] [queue] media message time 2.300000000745058 0 Promise @ http://localhost:8080/src/lib/logger.ts:106
[  242053ms] [LOG] %s [241.492] [CHAT] [BATCH-PROCESSOR-1] [queue] media message time 2.300000000745058 0 Promise @ http://localhost:8080/src/lib/logger.ts:106
[  242053ms] [LOG] %s [241.492] [CHAT] [BATCH-PROCESSOR-1] [queue] media message time 2.300000000745058 0 Promise @ http://localhost:8080/src/lib/logger.ts:106
[  242054ms] [LOG] %s [241.492] [CHAT] [BATCH-PROCESSOR-1] [queue] media message time 2.300000000745058 0 Promise @ http://localhost:8080/src/lib/logger.ts:106
[  242054ms] [LOG] %s [241.493] [CHAT] [BATCH-PROCESSOR-1] [queue] media message time 2.300000000745058 0 Promise @ http://localhost:8080/src/lib/logger.ts:106
[  242054ms] [LOG] %s [241.493] [CHAT] [BATCH-PROCESSOR-1] [queue] media message time 2.300000000745058 0 Promise @ http://localhost:8080/src/lib/logger.ts:106
[  242055ms] [LOG] %s [241.493] [CHAT] [BATCH-PROCESSOR-1] [queue] media message time 2.300000000745058 0 Promise @ http://localhost:8080/src/lib/logger.ts:106
[  242055ms] [LOG] %s [241.493] [CHAT] [BATCH-PROCESSOR-1] [queue] media message time 2.300000000745058 0 Promise @ http://localhost:8080/src/lib/logger.ts:106
[  242056ms] [LOG] %s [241.494] [SWIPE-HANDLER] reset @ http://localhost:8080/src/lib/logger.ts:106
[  242056ms] [LOG] %s [241.495] [SWIPE-HANDLER] reset @ http://localhost:8080/src/lib/logger.ts:106
[  242056ms] [LOG] %s [241.495] [SWIPE-HANDLER] reset @ http://localhost:8080/src/lib/logger.ts:106
[  242057ms] [LOG] %s [241.496] [CHAT] [BATCH-PROCESSOR-1] [queue] media message time 11.800000000745058 0 Promise @ http://localhost:8080/src/lib/logger.ts:106
[  242057ms] [LOG] %s [241.496] [CHAT] [BATCH-PROCESSOR-1] [queue] media message time 2.300000000745058 0 Promise @ http://localhost:8080/src/lib/logger.ts:106
[  242057ms] [LOG] %s [241.496] [CHAT] [BATCH-PROCESSOR-1] [queue] media message time 11.800000000745058 1 Promise @ http://localhost:8080/src/lib/logger.ts:106
[  242058ms] [LOG] %s [241.496] [CHAT] [BATCH-PROCESSOR-1] [queue] media message time 11.800000000745058 0 Promise @ http://localhost:8080/src/lib/logger.ts:106
[  242088ms] [LOG] %s [241.527] [CHAT] [BATCH-PROCESSOR-1] [queue] media promises end @ http://localhost:8080/src/lib/logger.ts:106
[  242090ms] [LOG] %s [241.528] [CHAT] [BATCH-PROCESSOR-1] [queue] queue rendered @ http://localhost:8080/src/lib/logger.ts:106
[  242090ms] [LOG] %s [241.529] [CHAT] [BATCH-PROCESSOR-1] [queue] end @ http://localhost:8080/src/lib/logger.ts:106
[  242090ms] [LOG] %s [241.529] [CHAT--2067219984-chat] [perform-344] performHistoryResult end @ http://localhost:8080/src/lib/logger.ts:106
[  242090ms] [WARNING] %s [241.529] [CHAT] [setPeer] promise fulfilled @ http://localhost:8080/src/lib/logger.ts:126
[  242090ms] [WARNING] %s [241.529] [CHAT] [setPeer] finishing peer change @ http://localhost:8080/src/lib/logger.ts:126
[  242095ms] [LOG] %s [241.534] [CHAT] [handleBackgrounds] updating undefined undefined undefined @ http://localhost:8080/src/lib/logger.ts:106
[  242096ms] [WARNING] %s [241.534] [CHAT--2067219984-chat] [241.534] start topbar @ http://localhost:8080/src/lib/logger.ts:126
[  242096ms] [WARNING] %s [241.534] [CHAT--2067219984-chat] [241.534] start bubbles @ http://localhost:8080/src/lib/logger.ts:126
[  242096ms] [WARNING] %s [241.534] [CHAT--2067219984-chat] [241.534] start input @ http://localhost:8080/src/lib/logger.ts:126
[  242096ms] [WARNING] %s [241.535] [CHAT--2067219984-chat] [241.535] start sharedMedia @ http://localhost:8080/src/lib/logger.ts:126
[  242096ms] [WARNING] %s [241.535] [CHAT--2067219984-chat] [241.535] start backgrounds @ http://localhost:8080/src/lib/logger.ts:126
[  242096ms] [WARNING] %s [241.535] [CHAT--2067219984-chat] [241.535] end backgrounds 0.20000000018626451 @ http://localhost:8080/src/lib/logger.ts:126
[  242115ms] [WARNING] %s [241.553] [CHAT--2067219984-chat] [241.553] end sharedMedia 18.59999999962747 @ http://localhost:8080/src/lib/logger.ts:126
[  242117ms] [WARNING] %s [241.556] [CHAT--2067219984-chat] [241.556] end bubbles 21.59999999962747 @ http://localhost:8080/src/lib/logger.ts:126
[  242120ms] [WARNING] %s [241.558] [CHAT--2067219984-chat] [241.558] end topbar 24.200000000186265 @ http://localhost:8080/src/lib/logger.ts:126
[  242341ms] [WARNING] %s [241.779] [CHAT--2067219984-chat] [241.779] end input 244.79999999981374 @ http://localhost:8080/src/lib/logger.ts:126
[  242341ms] [LOG] %s [241.779] [SEARCH-SUPER] load true -2215926322 {} @ http://localhost:8080/src/lib/logger.ts:106
[  242383ms] [LOG] %s [241.822] [SWIPE-HANDLER] remove listeners @ http://localhost:8080/src/lib/logger.ts:106
[  242383ms] [LOG] %s [241.822] [SWIPE-HANDLER] reset @ http://localhost:8080/src/lib/logger.ts:106
[  242384ms] [WARNING] %s [241.823] [CHAT] [setPeer] finished peer change @ http://localhost:8080/src/lib/logger.ts:126
[  242407ms] [LOG] %s [241.845] [PM] [setCorrectIndex] direction 0 mid 4295193547 @ http://localhost:8080/src/lib/logger.ts:106
[  242407ms] [LOG] %s [241.846] [PM] [getCurrentIndex] start 4295193547 true @ http://localhost:8080/src/lib/logger.ts:106
[  242407ms] [WARNING] %s [241.846] [CHAT] [setPeer] mounted chat true JSHandle@node 414.09999999962747 @ http://localhost:8080/src/lib/logger.ts:126
[  242408ms] [LOG] %s [241.846] [PM] handleFollowingPinnedMessage @ http://localhost:8080/src/lib/logger.ts:106
[  242423ms] [WARNING] %s [241.862] [NC] replace @ http://localhost:8080/src/lib/logger.ts:126
[  242424ms] [LOG] %s [241.862] [NC] [navigate] NavigateEvent NavigationHistoryEntry @ http://localhost:8080/src/lib/logger.ts:106
[  242435ms] [LOG] %s [241.873] [CHAT--2215926322-chat] will readHistory by maxId: 4295193555 @ http://localhost:8080/src/lib/logger.ts:106
[  242451ms] [LOG] %s [241.889] [CHAT] [setPeer] scrolledAllDown: false @ http://localhost:8080/src/lib/logger.ts:106
[  242465ms] Object
[  242465ms] [LOG] %s [241.903] [IM] selectTab 1 1 @ http://localhost:8080/src/lib/logger.ts:106
[  242466ms] [LOG] %s [241.905] [NOTIFICATIONS] cancel msg_1_-2215926322_4295193555 undefined @ http://localhost:8080/src/lib/logger.ts:106
[  242466ms] [LOG] %s [241.905] [NOTIFICATIONS] cancel msg_1_-2215926322_4295193554 undefined @ http://localhost:8080/src/lib/logger.ts:106
[  242467ms] [LOG] %s [241.905] [NOTIFICATIONS] cancel msg_1_-2215926322_4295193553 undefined @ http://localhost:8080/src/lib/logger.ts:106
[  242467ms] [LOG] %s [241.905] [NOTIFICATIONS] cancel msg_1_-2215926322_4295193550 undefined @ http://localhost:8080/src/lib/logger.ts:106
[  242467ms] [LOG] %s [241.905] [NOTIFICATIONS] cancel msg_1_-2215926322_4295193547 undefined @ http://localhost:8080/src/lib/logger.ts:106
[  242476ms] [ERROR] video load error JSHandle@node MediaError @ http://localhost:8080/src/components/wrappers/video.ts:513
[  242477ms] [ERROR] video load error JSHandle@node MediaError @ http://localhost:8080/src/components/wrappers/video.ts:513
[  242490ms] Error: leak
    at onVideoLeak (http://localhost:8080/src/helpers/dom/handleVideoLeak.ts:16:9)
    at testVideoLeak (http://localhost:8080/src/helpers/dom/handleVideoLeak.ts:32:9)
    at onTimeUpdate (http://localhost:8080/src/helpers/dom/handleVideoLeak.ts:42:41)
    at handleVideoLeak (http://localhost:8080/src/helpers/dom/handleVideoLeak.ts:47:3)
[  242490ms] Error: leak
    at onVideoLeak (http://localhost:8080/src/helpers/dom/handleVideoLeak.ts:16:9)
    at testVideoLeak (http://localhost:8080/src/helpers/dom/handleVideoLeak.ts:32:9)
    at onTimeUpdate (http://localhost:8080/src/helpers/dom/handleVideoLeak.ts:42:41)
    at handleVideoLeak (http://localhost:8080/src/helpers/dom/handleVideoLeak.ts:47:3)
[  242490ms] Object
[  242497ms] Object
[  242509ms] [LOG] %s [241.947] [PM] [setCorrectIndex] not needed 1 @ http://localhost:8080/src/lib/logger.ts:106
[  242588ms] [LOG] %s [242.026] [CHAT] [handleBackgrounds] updating Proxy(Object) undefined undefined @ http://localhost:8080/src/lib/logger.ts:106
[  242603ms] [LOG] %s [242.041] [CHAT] [handleBackgrounds] updating Proxy(Object) undefined undefined @ http://localhost:8080/src/lib/logger.ts:106
[  242686ms] Object
[  242970ms] [LOG] %s [242.408] [PM] [getCurrentIndex] result 4295193547 {count: 1, history: Array(1), isEnd: Object, offsetIdOffset: 0, messages: undefined} 0 0 true true @ http://localhost:8080/src/lib/logger.ts:106
[  242971ms] [LOG] %s [242.410] [PM] setPinnedMessage: fromTop false -1 0 @ http://localhost:8080/src/lib/logger.ts:106
[  242972ms] [LOG] %s [242.410] [PM] handleFollowingPinnedMessage: unlock @ http://localhost:8080/src/lib/logger.ts:106
[  243072ms] [LOG] %s [242.511] [PM] setPinnedMessage: fromTop false 0 0 @ http://localhost:8080/src/lib/logger.ts:106
[  243192ms] [LOG] %s [242.630] [PM] [setCorrectIndex] direction 1 mid 4295193555 @ http://localhost:8080/src/lib/logger.ts:106
[  243561ms] [LOG] %s [243.000] [BATCH-PROCESSOR-6] [queue] setting pause @ http://localhost:8080/src/lib/logger.ts:106
[  243582ms] [LOG] %s [243.020] [BATCH-PROCESSOR-6] [queue] start 50 @ http://localhost:8080/src/lib/logger.ts:106
[  243591ms] [LOG] %s [243.029] [BATCH-PROCESSOR-6] [queue] queue rendered @ http://localhost:8080/src/lib/logger.ts:106
[  243591ms] [LOG] %s [243.029] [BATCH-PROCESSOR-6] [queue] end @ http://localhost:8080/src/lib/logger.ts:106
[  243611ms] [LOG] %s [243.049] [CS] connecting false @ http://localhost:8080/src/lib/logger.ts:106
[  243611ms] [LOG] %s [243.049] [CS] setState false @ http://localhost:8080/src/lib/logger.ts:106
[  244021ms] [LOG] %s [243.460] [CS] setState: isShown: false @ http://localhost:8080/src/lib/logger.ts:106
[  244404ms] Object
[  244469ms] [LOG] %s [243.908] [SWIPE-HANDLER] reset @ http://localhost:8080/src/lib/logger.ts:106
[  244469ms] [LOG] %s [243.908] [SWIPE-HANDLER] reset @ http://localhost:8080/src/lib/logger.ts:106
[  244469ms] [LOG] %s [243.908] [SWIPE-HANDLER] reset @ http://localhost:8080/src/lib/logger.ts:106
[  244470ms] [WARNING] %s [243.908] [CHAT] [setPeer] start @ http://localhost:8080/src/lib/logger.ts:126
[  244473ms] [LOG] %s [243.911] [CHAT] [setPeer] setPeer peerId: -2215926322 Proxy(Object) -2215926322_4295193915 -2215926322_4295193915 @ http://localhost:8080/src/lib/logger.ts:106
[  244473ms] [LOG] %s [243.911] [CHAT--2215926322-chat] cleanup @ http://localhost:8080/src/lib/logger.ts:106
[  244473ms] [LOG] %s [243.912] [CHAT] [BATCH-PROCESSOR-1] clear @ http://localhost:8080/src/lib/logger.ts:106
[  244476ms] [LOG] %s [243.914] [CHAT--2215926322-chat] i vin brehnya {cached: true, result: Promise} -2215926322_4295193882 0 0 @ http://localhost:8080/src/lib/logger.ts:106
[  244476ms] [WARNING] %s [243.914] [CHAT] [setPeer] got history @ http://localhost:8080/src/lib/logger.ts:126
[  244476ms] [LOG] %s [243.915] [CHAT--2067219984-chat] [perform-391] start null {history: Array(18)} @ http://localhost:8080/src/lib/logger.ts:106
[  244476ms] [LOG] %s [243.915] [CHAT] [setLoaded] change bottom true @ http://localhost:8080/src/lib/logger.ts:106
[  244476ms] [LOG] %s [243.915] [CHAT--2215926322-chat] [perform-55] start null {count: 183761, history: Array(0), isEnd: Object, offsetIdOffset: 18, messages: undefined} @ http://localhost:8080/src/lib/logger.ts:106
[  244477ms] [LOG] %s [243.915] [CHAT] [BATCH-PROCESSOR-1] [queue] setting pause @ http://localhost:8080/src/lib/logger.ts:106
[  244479ms] [LOG] %s [243.918] [CHAT] [BATCH-PROCESSOR-1] [queue] start 18 @ http://localhost:8080/src/lib/logger.ts:106
[  244483ms] [LOG] %s [243.921] [CHAT] [BATCH-PROCESSOR-1] [queue] render item time 3.5 {bubble: div.bubble.is-in.can-have-tail, promises: Array(1), message: Object, reverse: true, updatePosition: true} @ http://localhost:8080/src/lib/logger.ts:106
[  244483ms] [LOG] %s [243.922] [CHAT] [BATCH-PROCESSOR-1] [queue] render item time 3.7000000001862645 {bubble: div.bubble.is-in.can-have-tail, promises: Array(1), message: Object, reverse: true, updatePosition: true} @ http://localhost:8080/src/lib/logger.ts:106
[  244483ms] [LOG] %s [243.922] [CHAT] [BATCH-PROCESSOR-1] [queue] render item time 3.7999999998137355 {bubble: div.bubble.is-in.can-have-tail, promises: Array(1), message: Object, reverse: true, updatePosition: true} @ http://localhost:8080/src/lib/logger.ts:106
[  244483ms] [LOG] %s [243.922] [CHAT] [BATCH-PROCESSOR-1] [queue] render item time 3.900000000372529 {bubble: div.bubble.is-in.can-have-tail, promises: Array(1), message: Object, reverse: true, updatePosition: true} @ http://localhost:8080/src/lib/logger.ts:106
[  244483ms] [LOG] %s [243.922] [CHAT] [BATCH-PROCESSOR-1] [queue] render item time 4.099999999627471 {bubble: div.bubble.is-in.can-have-tail, promises: Array(1), message: Object, reverse: true, updatePosition: true} @ http://localhost:8080/src/lib/logger.ts:106
[  244484ms] [LOG] %s [243.922] [CHAT] [BATCH-PROCESSOR-1] [queue] render item time 4.099999999627471 {bubble: div.bubble.is-in.can-have-tail, promises: Array(1), message: Object, reverse: true, updatePosition: true} @ http://localhost:8080/src/lib/logger.ts:106
[  244484ms] [LOG] %s [243.922] [CHAT] [BATCH-PROCESSOR-1] [queue] render item time 4.2000000001862645 {bubble: div.bubble.hide-name.photo.has-plain-media-tail.is-message-empty.has-floating-time.is-in.can-have-t…, promises: Array(1), message: Object, reverse: true, updatePosition: true} @ http://localhost:8080/src/lib/logger.ts:106
[  244484ms] [LOG] %s [243.922] [CHAT] [BATCH-PROCESSOR-1] [queue] render item time 4.2999999998137355 {bubble: div.bubble.is-in.can-have-tail, promises: Array(1), message: Object, reverse: true, updatePosition: true} @ http://localhost:8080/src/lib/logger.ts:106
[  244484ms] [LOG] %s [243.922] [CHAT] [BATCH-PROCESSOR-1] [queue] render item time 4.400000000372529 {bubble: div.bubble.is-in.can-have-tail, promises: Array(1), message: Object, reverse: true, updatePosition: true} @ http://localhost:8080/src/lib/logger.ts:106
[  244484ms] [LOG] %s [243.922] [CHAT] [BATCH-PROCESSOR-1] [queue] render item time 4.400000000372529 {bubble: div.bubble.is-in.can-have-tail, promises: Array(1), message: Object, reverse: true, updatePosition: true} @ http://localhost:8080/src/lib/logger.ts:106
[  244484ms] [LOG] %s [243.922] [CHAT] [BATCH-PROCESSOR-1] [queue] render item time 4.5 {bubble: div.bubble.is-in.can-have-tail, promises: Array(1), message: Object, reverse: true, updatePosition: true} @ http://localhost:8080/src/lib/logger.ts:106
[  244484ms] [LOG] %s [243.923] [CHAT] [BATCH-PROCESSOR-1] [queue] render item time 4.7000000001862645 {bubble: div.bubble.is-in.can-have-tail, promises: Array(1), message: Object, reverse: true, updatePosition: true} @ http://localhost:8080/src/lib/logger.ts:106
[  244484ms] [LOG] %s [243.923] [CHAT] [BATCH-PROCESSOR-1] [queue] render item time 4.7000000001862645 {bubble: div.bubble.sticker.sticker-animated.is-message-empty.has-floating-time.just-media.hide-name.is-in, promises: Array(1), message: Object, reverse: true, updatePosition: true} @ http://localhost:8080/src/lib/logger.ts:106
[  244484ms] [LOG] %s [243.923] [CHAT] [BATCH-PROCESSOR-1] [queue] render item time 4.7999999998137355 {bubble: div.bubble.is-in.can-have-tail, promises: Array(1), message: Object, reverse: true, updatePosition: true} @ http://localhost:8080/src/lib/logger.ts:106
[  244484ms] [LOG] %s [243.923] [CHAT] [BATCH-PROCESSOR-1] [queue] render item time 4.900000000372529 {bubble: div.bubble.is-in.can-have-tail, promises: Array(1), message: Object, reverse: true, updatePosition: true} @ http://localhost:8080/src/lib/logger.ts:106
[  244485ms] [LOG] %s [243.924] [CHAT] [BATCH-PROCESSOR-1] [queue] render item time 5.7999999998137355 {bubble: div.bubble.is-reply.is-in.can-have-tail, promises: Array(1), message: Object, reverse: true, updatePosition: true} @ http://localhost:8080/src/lib/logger.ts:106
[  244485ms] [LOG] %s [243.924] [CHAT] [BATCH-PROCESSOR-1] [queue] render item time 6 {bubble: div.bubble.is-reply.is-in.can-have-tail, promises: Array(1), message: Object, reverse: true, updatePosition: true} @ http://localhost:8080/src/lib/logger.ts:106
[  244486ms] [LOG] %s [243.924] [CHAT] [BATCH-PROCESSOR-1] [queue] render item time 6.099999999627471 {bubble: div.bubble.is-reply.is-in.can-have-tail, promises: Array(1), message: Object, reverse: true, updatePosition: true} @ http://localhost:8080/src/lib/logger.ts:106
[  244486ms] [LOG] %s [243.924] [CHAT] [BATCH-PROCESSOR-1] [queue] messages rendered @ http://localhost:8080/src/lib/logger.ts:106
[  244489ms] [LOG] %s [243.928] [CHAT] [BATCH-PROCESSOR-1] [queue] changed ends true false @ http://localhost:8080/src/lib/logger.ts:106
[  244490ms] [LOG] %s [243.928] [CHAT] [BATCH-PROCESSOR-1] [queue] media promises to call [Promise, Promise, Promise, Promise, Promise, Promise, Promise, Promise, Promise, Promise, Promise, Promise, Promise, Promise, Promise, Promise, Promise, Promise, Promise, Promise, Promise, Promise, Promise, Promise, Promise, Promise, Promise, Promise, Promise, Promise, Promise, Promise, Promise, Promise, Promise] [Object, Object, Object, Object, Object, Object, Object, Object, Object, Object, Object, Object, Object, Object, Object, Object, Object, Object] false @ http://localhost:8080/src/lib/logger.ts:106
[  244491ms] [LOG] %s [243.929] [CHAT] [BATCH-PROCESSOR-1] [queue] media message time 1 0 Promise @ http://localhost:8080/src/lib/logger.ts:106
[  244491ms] [LOG] %s [243.930] [CHAT] [BATCH-PROCESSOR-1] [queue] media message time 1 0 Promise @ http://localhost:8080/src/lib/logger.ts:106
[  244491ms] [LOG] %s [243.930] [CHAT] [BATCH-PROCESSOR-1] [queue] media message time 1 0 Promise @ http://localhost:8080/src/lib/logger.ts:106
[  244492ms] [LOG] %s [243.930] [CHAT] [BATCH-PROCESSOR-1] [queue] media message time 1 0 Promise @ http://localhost:8080/src/lib/logger.ts:106
[  244492ms] [LOG] %s [243.930] [CHAT] [BATCH-PROCESSOR-1] [queue] media message time 1 0 Promise @ http://localhost:8080/src/lib/logger.ts:106
[  244492ms] [LOG] %s [243.931] [CHAT] [BATCH-PROCESSOR-1] [queue] media message time 1 0 Promise @ http://localhost:8080/src/lib/logger.ts:106
[  244493ms] [LOG] %s [243.931] [CHAT] [BATCH-PROCESSOR-1] [queue] media message time 1 0 Promise @ http://localhost:8080/src/lib/logger.ts:106
[  244493ms] [LOG] %s [243.932] [CHAT] [BATCH-PROCESSOR-1] [queue] media message time 1 0 Promise @ http://localhost:8080/src/lib/logger.ts:106
[  244494ms] [LOG] %s [243.932] [CHAT] [BATCH-PROCESSOR-1] [queue] media message time 1 0 Promise @ http://localhost:8080/src/lib/logger.ts:106
[  244494ms] [LOG] %s [243.932] [CHAT] [BATCH-PROCESSOR-1] [queue] media message time 1 0 Promise @ http://localhost:8080/src/lib/logger.ts:106
[  244494ms] [LOG] %s [243.932] [CHAT] [BATCH-PROCESSOR-1] [queue] media message time 1 0 Promise @ http://localhost:8080/src/lib/logger.ts:106
[  244494ms] [LOG] %s [243.933] [CHAT] [BATCH-PROCESSOR-1] [queue] media message time 1 0 Promise @ http://localhost:8080/src/lib/logger.ts:106
[  244494ms] [LOG] %s [243.933] [CHAT] [BATCH-PROCESSOR-1] [queue] media message time 1 0 Promise @ http://localhost:8080/src/lib/logger.ts:106
[  244495ms] [LOG] %s [243.933] [CHAT] [BATCH-PROCESSOR-1] [queue] media message time 1 0 Promise @ http://localhost:8080/src/lib/logger.ts:106
[  244495ms] [LOG] %s [243.933] [CHAT] [BATCH-PROCESSOR-1] [queue] media message time 1 0 Promise @ http://localhost:8080/src/lib/logger.ts:106
[  244496ms] [LOG] %s [243.934] [CHAT] [BATCH-PROCESSOR-1] [queue] media message time 1 0 Promise @ http://localhost:8080/src/lib/logger.ts:106
[  244496ms] [LOG] %s [243.934] [CHAT] [BATCH-PROCESSOR-1] [queue] media message time 1 0 Promise @ http://localhost:8080/src/lib/logger.ts:106
[  244498ms] [LOG] %s [243.937] [CHAT] [BATCH-PROCESSOR-1] [queue] media message time 8.299999999813735 0 Promise @ http://localhost:8080/src/lib/logger.ts:106
[  244507ms] Object
[  244507ms] Object
[  244502ms] [LOG] %s [243.940] [CHAT] [BATCH-PROCESSOR-1] [queue] media promises end @ http://localhost:8080/src/lib/logger.ts:106
[  244502ms] [LOG] %s [243.941] [CHAT] [BATCH-PROCESSOR-1] [queue] queue rendered @ http://localhost:8080/src/lib/logger.ts:106
[  244503ms] [LOG] %s [243.941] [CHAT] [BATCH-PROCESSOR-1] [queue] end @ http://localhost:8080/src/lib/logger.ts:106
[  244503ms] [LOG] %s [243.941] [CHAT--2215926322-chat] [perform-55] performHistoryResult end @ http://localhost:8080/src/lib/logger.ts:106
[  244503ms] [LOG] %s [243.941] [CHAT--2067219984-chat] [perform-391] performHistoryResult end @ http://localhost:8080/src/lib/logger.ts:106
[  244503ms] [WARNING] %s [243.941] [CHAT] [setPeer] promise fulfilled @ http://localhost:8080/src/lib/logger.ts:126
[  244513ms] [LOG] %s [243.952] [PM] [setCorrectIndex] direction 0 mid 4295193915 @ http://localhost:8080/src/lib/logger.ts:106
[  244514ms] [WARNING] %s [243.952] [CHAT] [setPeer] mounted chat true JSHandle@node 43.89999999944121 @ http://localhost:8080/src/lib/logger.ts:126
[  244514ms] [LOG] [HEAVY-ANIMATION]: start @ http://localhost:8080/src/hooks/useHeavyAnimationCheck.ts:17
[  244514ms] [LOG] [HEAVY-ANIMATION]: attach promise, length: 1 undefined @ http://localhost:8080/src/hooks/useHeavyAnimationCheck.ts:20
[  244515ms] [LOG] %s [243.954] [PM] [setCorrectIndex] direction 0 mid 4295193889 @ http://localhost:8080/src/lib/logger.ts:106
[  244515ms] [LOG] %s [243.954] [PM] [getCurrentIndex] start undefined true @ http://localhost:8080/src/lib/logger.ts:106
[  244520ms] [LOG] %s [243.959] [PM] [getCurrentIndex] result undefined {count: 1, history: Array(1), isEnd: Object, offsetIdOffset: 0, messages: undefined} 1 0 true true @ http://localhost:8080/src/lib/logger.ts:106
[  244520ms] [LOG] %s [243.959] [PM] [setCorrectIndex] direction 0 mid 4295193889 @ http://localhost:8080/src/lib/logger.ts:106
[  244520ms] [LOG] %s [243.959] [CHAT] [setPeer] scrolledAllDown: true @ http://localhost:8080/src/lib/logger.ts:106
[  244525ms] [LOG] %s [243.963] [CHAT--2215926322-chat] will readHistory by maxId: 4295193889 @ http://localhost:8080/src/lib/logger.ts:106
[  244527ms] [LOG] %s [243.965] [NOTIFICATIONS] cancel msg_1_-2215926322_4295193889 undefined @ http://localhost:8080/src/lib/logger.ts:106
[  244527ms] [LOG] %s [243.966] [NOTIFICATIONS] cancel msg_1_-2215926322_4295193888 undefined @ http://localhost:8080/src/lib/logger.ts:106
[  244527ms] [LOG] %s [243.966] [NOTIFICATIONS] cancel msg_1_-2215926322_4295193887 undefined @ http://localhost:8080/src/lib/logger.ts:106
[  244527ms] [LOG] %s [243.966] [NOTIFICATIONS] cancel msg_1_-2215926322_4295193884 undefined @ http://localhost:8080/src/lib/logger.ts:106
[  244527ms] [LOG] %s [243.966] [NOTIFICATIONS] cancel msg_1_-2215926322_4295193883 undefined @ http://localhost:8080/src/lib/logger.ts:106
[  244527ms] [LOG] %s [243.966] [NOTIFICATIONS] cancel msg_1_-2215926322_4295193882 undefined @ http://localhost:8080/src/lib/logger.ts:106
[  244528ms] [LOG] %s [243.966] [NOTIFICATIONS] cancel msg_1_-2215926322_4295193881 undefined @ http://localhost:8080/src/lib/logger.ts:106
[  244528ms] [LOG] %s [243.966] [NOTIFICATIONS] cancel msg_1_-2215926322_4295193880 undefined @ http://localhost:8080/src/lib/logger.ts:106
[  244528ms] [LOG] %s [243.966] [NOTIFICATIONS] cancel msg_1_-2215926322_4295193879 undefined @ http://localhost:8080/src/lib/logger.ts:106
[  244528ms] [LOG] %s [243.966] [NOTIFICATIONS] cancel msg_1_-2215926322_4295193878 undefined @ http://localhost:8080/src/lib/logger.ts:106
[  244528ms] [LOG] %s [243.966] [NOTIFICATIONS] cancel msg_1_-2215926322_4295193877 undefined @ http://localhost:8080/src/lib/logger.ts:106
[  244528ms] [LOG] %s [243.966] [NOTIFICATIONS] cancel msg_1_-2215926322_4295193876 undefined @ http://localhost:8080/src/lib/logger.ts:106
[  244528ms] [LOG] %s [243.966] [NOTIFICATIONS] cancel msg_1_-2215926322_4295193875 undefined @ http://localhost:8080/src/lib/logger.ts:106
[  244528ms] [LOG] %s [243.967] [NOTIFICATIONS] cancel msg_1_-2215926322_4295193874 undefined @ http://localhost:8080/src/lib/logger.ts:106
[  244528ms] [LOG] %s [243.967] [NOTIFICATIONS] cancel msg_1_-2215926322_4295193873 undefined @ http://localhost:8080/src/lib/logger.ts:106
[  244528ms] [LOG] %s [243.967] [NOTIFICATIONS] cancel msg_1_-2215926322_4295193872 undefined @ http://localhost:8080/src/lib/logger.ts:106
[  244529ms] [LOG] %s [243.967] [NOTIFICATIONS] cancel msg_1_-2215926322_4295193871 undefined @ http://localhost:8080/src/lib/logger.ts:106
[  244529ms] [LOG] %s [243.967] [NOTIFICATIONS] cancel msg_1_-2215926322_4295193870 undefined @ http://localhost:8080/src/lib/logger.ts:106
[  244529ms] [LOG] %s [243.968] [NOTIFICATIONS] cancel msg_1_-2215926322_4295193869 undefined @ http://localhost:8080/src/lib/logger.ts:106
[  244529ms] [LOG] %s [243.968] [NOTIFICATIONS] cancel msg_1_-2215926322_4295193868 undefined @ http://localhost:8080/src/lib/logger.ts:106
[  244529ms] [LOG] %s [243.968] [NOTIFICATIONS] cancel msg_1_-2215926322_4295193867 undefined @ http://localhost:8080/src/lib/logger.ts:106
[  244529ms] [LOG] %s [243.968] [NOTIFICATIONS] cancel msg_1_-2215926322_4295193866 undefined @ http://localhost:8080/src/lib/logger.ts:106
[  244529ms] [LOG] %s [243.968] [NOTIFICATIONS] cancel msg_1_-2215926322_4295193865 undefined @ http://localhost:8080/src/lib/logger.ts:106
[  244530ms] [LOG] %s [243.968] [NOTIFICATIONS] cancel msg_1_-2215926322_4295193864 undefined @ http://localhost:8080/src/lib/logger.ts:106
[  244530ms] [LOG] %s [243.968] [NOTIFICATIONS] cancel msg_1_-2215926322_4295193863 undefined @ http://localhost:8080/src/lib/logger.ts:106
[  244530ms] [LOG] %s [243.968] [NOTIFICATIONS] cancel msg_1_-2215926322_4295193862 undefined @ http://localhost:8080/src/lib/logger.ts:106
[  244530ms] [LOG] %s [243.968] [NOTIFICATIONS] cancel msg_1_-2215926322_4295193861 undefined @ http://localhost:8080/src/lib/logger.ts:106
[  244530ms] [LOG] %s [243.968] [NOTIFICATIONS] cancel msg_1_-2215926322_4295193860 undefined @ http://localhost:8080/src/lib/logger.ts:106
[  244530ms] [LOG] %s [243.968] [NOTIFICATIONS] cancel msg_1_-2215926322_4295193859 undefined @ http://localhost:8080/src/lib/logger.ts:106
[  244530ms] [LOG] %s [243.968] [NOTIFICATIONS] cancel msg_1_-2215926322_4295193851 undefined @ http://localhost:8080/src/lib/logger.ts:106
[  244530ms] [LOG] %s [243.968] [NOTIFICATIONS] cancel msg_1_-2215926322_4295193850 undefined @ http://localhost:8080/src/lib/logger.ts:106
[  244530ms] [LOG] %s [243.968] [NOTIFICATIONS] cancel msg_1_-2215926322_4295193849 undefined @ http://localhost:8080/src/lib/logger.ts:106
[  244530ms] [LOG] %s [243.969] [NOTIFICATIONS] cancel msg_1_-2215926322_4295193848 undefined @ http://localhost:8080/src/lib/logger.ts:106
[  244530ms] [LOG] %s [243.969] [NOTIFICATIONS] cancel msg_1_-2215926322_4295193847 undefined @ http://localhost:8080/src/lib/logger.ts:106
[  244530ms] [LOG] %s [243.969] [NOTIFICATIONS] cancel msg_1_-2215926322_4295193846 undefined @ http://localhost:8080/src/lib/logger.ts:106
[  244530ms] [LOG] %s [243.969] [NOTIFICATIONS] cancel msg_1_-2215926322_4295193845 undefined @ http://localhost:8080/src/lib/logger.ts:106
[  244530ms] [LOG] %s [243.969] [NOTIFICATIONS] cancel msg_1_-2215926322_4295193844 undefined @ http://localhost:8080/src/lib/logger.ts:106
[  244530ms] [LOG] %s [243.969] [NOTIFICATIONS] cancel msg_1_-2215926322_4295193843 undefined @ http://localhost:8080/src/lib/logger.ts:106
[  244530ms] [LOG] %s [243.969] [NOTIFICATIONS] cancel msg_1_-2215926322_4295193842 undefined @ http://localhost:8080/src/lib/logger.ts:106
[  244530ms] [LOG] %s [243.969] [NOTIFICATIONS] cancel msg_1_-2215926322_4295193576 undefined @ http://localhost:8080/src/lib/logger.ts:106
[  244530ms] [LOG] %s [243.969] [NOTIFICATIONS] cancel msg_1_-2215926322_4295193575 undefined @ http://localhost:8080/src/lib/logger.ts:106
[  244531ms] [LOG] %s [243.969] [NOTIFICATIONS] cancel msg_1_-2215926322_4295193572 undefined @ http://localhost:8080/src/lib/logger.ts:106
[  244531ms] [LOG] %s [243.969] [NOTIFICATIONS] cancel msg_1_-2215926322_4295193571 undefined @ http://localhost:8080/src/lib/logger.ts:106
[  244531ms] [LOG] %s [243.969] [NOTIFICATIONS] cancel msg_1_-2215926322_4295193570 undefined @ http://localhost:8080/src/lib/logger.ts:106
[  244531ms] [LOG] %s [243.969] [NOTIFICATIONS] cancel msg_1_-2215926322_4295193569 undefined @ http://localhost:8080/src/lib/logger.ts:106
[  244531ms] [LOG] %s [243.969] [NOTIFICATIONS] cancel msg_1_-2215926322_4295193568 undefined @ http://localhost:8080/src/lib/logger.ts:106
[  244531ms] [LOG] %s [243.969] [NOTIFICATIONS] cancel msg_1_-2215926322_4295193567 undefined @ http://localhost:8080/src/lib/logger.ts:106
[  244531ms] [LOG] %s [243.969] [NOTIFICATIONS] cancel msg_1_-2215926322_4295193566 undefined @ http://localhost:8080/src/lib/logger.ts:106
[  244531ms] [LOG] %s [243.969] [NOTIFICATIONS] cancel msg_1_-2215926322_4295193565 undefined @ http://localhost:8080/src/lib/logger.ts:106
[  244531ms] [LOG] %s [243.969] [NOTIFICATIONS] cancel msg_1_-2215926322_4295193564 undefined @ http://localhost:8080/src/lib/logger.ts:106
[  244531ms] [LOG] %s [243.970] [NOTIFICATIONS] cancel msg_1_-2215926322_4295193563 undefined @ http://localhost:8080/src/lib/logger.ts:106
[  244531ms] [LOG] %s [243.970] [NOTIFICATIONS] cancel msg_1_-2215926322_4295193562 undefined @ http://localhost:8080/src/lib/logger.ts:106
[  244531ms] [LOG] %s [243.970] [NOTIFICATIONS] cancel msg_1_-2215926322_4295193561 undefined @ http://localhost:8080/src/lib/logger.ts:106
[  244531ms] [LOG] %s [243.970] [NOTIFICATIONS] cancel msg_1_-2215926322_4295193560 undefined @ http://localhost:8080/src/lib/logger.ts:106
[  244531ms] [LOG] %s [243.970] [NOTIFICATIONS] cancel msg_1_-2215926322_4295193559 undefined @ http://localhost:8080/src/lib/logger.ts:106
[  244531ms] [LOG] %s [243.970] [NOTIFICATIONS] cancel msg_1_-2215926322_4295193558 undefined @ http://localhost:8080/src/lib/logger.ts:106
[  244531ms] [LOG] %s [243.970] [NOTIFICATIONS] cancel msg_1_-2215926322_4295193557 undefined @ http://localhost:8080/src/lib/logger.ts:106
[  244531ms] [LOG] %s [243.970] [NOTIFICATIONS] cancel msg_1_-2215926322_4295193556 undefined @ http://localhost:8080/src/lib/logger.ts:106
[  244598ms] [LOG] %s [244.036] [PM] [setCorrectIndex] direction 0 mid 4295193896 @ http://localhost:8080/src/lib/logger.ts:106
[  245069ms] [LOG] %s [244.507] [CHAT--2215926322-chat] will readHistory by maxId: 4295193915 @ http://localhost:8080/src/lib/logger.ts:106
[  245072ms] [LOG] %s [244.510] [NOTIFICATIONS] cancel msg_1_-2215926322_4295193915 undefined @ http://localhost:8080/src/lib/logger.ts:106
[  245072ms] [LOG] %s [244.510] [NOTIFICATIONS] cancel msg_1_-2215926322_4295193903 undefined @ http://localhost:8080/src/lib/logger.ts:106
[  245072ms] [LOG] %s [244.510] [NOTIFICATIONS] cancel msg_1_-2215926322_4295193902 undefined @ http://localhost:8080/src/lib/logger.ts:106
[  245072ms] [LOG] %s [244.510] [NOTIFICATIONS] cancel msg_1_-2215926322_4295193900 undefined @ http://localhost:8080/src/lib/logger.ts:106
[  245072ms] [LOG] %s [244.511] [NOTIFICATIONS] cancel msg_1_-2215926322_4295193899 undefined @ http://localhost:8080/src/lib/logger.ts:106
[  245072ms] [LOG] %s [244.511] [NOTIFICATIONS] cancel msg_1_-2215926322_4295193898 undefined @ http://localhost:8080/src/lib/logger.ts:106
[  245072ms] [LOG] %s [244.511] [NOTIFICATIONS] cancel msg_1_-2215926322_4295193897 undefined @ http://localhost:8080/src/lib/logger.ts:106
[  245072ms] [LOG] %s [244.511] [NOTIFICATIONS] cancel msg_1_-2215926322_4295193896 undefined @ http://localhost:8080/src/lib/logger.ts:106
[  245072ms] [LOG] %s [244.511] [NOTIFICATIONS] cancel msg_1_-2215926322_4295193895 undefined @ http://localhost:8080/src/lib/logger.ts:106
[  245072ms] [LOG] %s [244.511] [NOTIFICATIONS] cancel msg_1_-2215926322_4295193892 undefined @ http://localhost:8080/src/lib/logger.ts:106
[  245072ms] [LOG] %s [244.511] [NOTIFICATIONS] cancel msg_1_-2215926322_4295193891 undefined @ http://localhost:8080/src/lib/logger.ts:106
[  245073ms] [LOG] %s [244.511] [NOTIFICATIONS] cancel msg_1_-2215926322_4295193890 undefined @ http://localhost:8080/src/lib/logger.ts:106
[  245119ms] [LOG] [HEAVY-ANIMATION]: promise end, length: 0 604.6000000005588 @ http://localhost:8080/src/hooks/useHeavyAnimationCheck.ts:29
[  245119ms] [LOG] [HEAVY-ANIMATION]: end @ http://localhost:8080/src/hooks/useHeavyAnimationCheck.ts:45
[  245237ms] [LOG] %s [244.676] [PM] [setCorrectIndex] direction 1 mid 4295193915 @ http://localhost:8080/src/lib/logger.ts:106
[  247649ms] [LOG] %s [247.088] [SWIPE-HANDLER] reset @ http://localhost:8080/src/lib/logger.ts:106
[  247649ms] [LOG] %s [247.088] [SWIPE-HANDLER] reset @ http://localhost:8080/src/lib/logger.ts:106
[  247649ms] [LOG] %s [247.088] [SWIPE-HANDLER] reset @ http://localhost:8080/src/lib/logger.ts:106
[  247683ms] [LOG] %s [247.121] [NC] onItemAdded {type: menu, onPop: } [Object, Object, Object] @ http://localhost:8080/src/lib/logger.ts:106
[  247686ms] [LOG] %s [247.124] [NC] onItemAdded: push @ http://localhost:8080/src/lib/logger.ts:106
[  247686ms] [WARNING] %s [247.124] [NC] push @ http://localhost:8080/src/lib/logger.ts:126
[  247686ms] [LOG] %s [247.125] [NC] [navigate] NavigateEvent NavigationHistoryEntry @ http://localhost:8080/src/lib/logger.ts:106
[  247687ms] [LOG] %s [247.125] [NC] [navigate] push-like intercepted @ http://localhost:8080/src/lib/logger.ts:106
[  248603ms] [LOG] %s [248.041] [SWIPE-HANDLER] reset @ http://localhost:8080/src/lib/logger.ts:106
[  248603ms] [LOG] %s [248.041] [SWIPE-HANDLER] reset @ http://localhost:8080/src/lib/logger.ts:106
[  248603ms] [LOG] %s [248.041] [SWIPE-HANDLER] reset @ http://localhost:8080/src/lib/logger.ts:106
[  248604ms] [WARNING] %s [248.042] [NC] onItemDeleted {type: menu, onPop: } @ http://localhost:8080/src/lib/logger.ts:126
[  248617ms] [LOG] %s [248.055] [NC] onItemDeleted: back @ http://localhost:8080/src/lib/logger.ts:106
[  248618ms] [LOG] %s [248.057] [NC] [navigate] NavigateEvent NavigationHistoryEntry @ http://localhost:8080/src/lib/logger.ts:106
[  248619ms] [LOG] %s [248.057] [NC] [navigate] ignoring event traverse @ http://localhost:8080/src/lib/logger.ts:106
[  248642ms] [WARNING] %s [248.081] [MP-MTPROTO] [STUCK] manager pending 5676ms (id=7444.414535966835) @ http://localhost:8080/src/lib/logger.ts:126
[  248643ms] [LOG] %s [248.081] [NC] onItemAdded {type: left, onPop: } [Object, Object, Object] @ http://localhost:8080/src/lib/logger.ts:106
[  248650ms] [LOG] [HEAVY-ANIMATION]: start @ http://localhost:8080/src/hooks/useHeavyAnimationCheck.ts:17
[  248650ms] [LOG] [HEAVY-ANIMATION]: attach promise, length: 1 500 @ http://localhost:8080/src/hooks/useHeavyAnimationCheck.ts:20
[  248650ms] [LOG] %s [248.089] [NC] onItemAdded: push @ http://localhost:8080/src/lib/logger.ts:106
[  248650ms] [WARNING] %s [248.089] [NC] push @ http://localhost:8080/src/lib/logger.ts:126
[  248651ms] [LOG] %s [248.089] [NC] [navigate] NavigateEvent NavigationHistoryEntry @ http://localhost:8080/src/lib/logger.ts:106
[  248651ms] [LOG] %s [248.089] [NC] [navigate] push-like intercepted @ http://localhost:8080/src/lib/logger.ts:106
[  248965ms] [LOG] [HEAVY-ANIMATION]: promise end, length: 0 314.8999999994412 @ http://localhost:8080/src/hooks/useHeavyAnimationCheck.ts:29
[  248965ms] [LOG] [HEAVY-ANIMATION]: end @ http://localhost:8080/src/hooks/useHeavyAnimationCheck.ts:45
[  249822ms] [LOG] %s [249.261] [SWIPE-HANDLER] reset @ http://localhost:8080/src/lib/logger.ts:106
[  249822ms] [LOG] %s [249.261] [SWIPE-HANDLER] reset @ http://localhost:8080/src/lib/logger.ts:106
[  249822ms] [LOG] %s [249.261] [SWIPE-HANDLER] reset @ http://localhost:8080/src/lib/logger.ts:106
[  249822ms] [LOG] %s [249.261] [SWIPE-HANDLER] reset @ http://localhost:8080/src/lib/logger.ts:106
[  249823ms] [WARNING] %s [249.261] [NC] onItemDeleted {type: left, onPop: } @ http://localhost:8080/src/lib/logger.ts:126
[  249827ms] [LOG] [HEAVY-ANIMATION]: start @ http://localhost:8080/src/hooks/useHeavyAnimationCheck.ts:17
[  249827ms] [LOG] [HEAVY-ANIMATION]: attach promise, length: 1 500 @ http://localhost:8080/src/hooks/useHeavyAnimationCheck.ts:20
[  249829ms] [LOG] %s [249.267] [NC] popstate, navigation: {type: left, onPop: , removed: true} [Object, Object] @ http://localhost:8080/src/lib/logger.ts:106
[  249840ms] [LOG] %s [249.278] [NC] onItemDeleted: back @ http://localhost:8080/src/lib/logger.ts:106
[  249841ms] [LOG] %s [249.280] [NC] [navigate] NavigateEvent NavigationHistoryEntry @ http://localhost:8080/src/lib/logger.ts:106
[  249841ms] [LOG] %s [249.280] [NC] [navigate] ignoring event traverse @ http://localhost:8080/src/lib/logger.ts:106
[  250099ms] [LOG] [HEAVY-ANIMATION]: promise end, length: 0 271 @ http://localhost:8080/src/hooks/useHeavyAnimationCheck.ts:29
[  250099ms] [LOG] [HEAVY-ANIMATION]: end @ http://localhost:8080/src/hooks/useHeavyAnimationCheck.ts:45
[  250108ms] [LOG] %s [249.547] [SWIPE-HANDLER] remove listeners @ http://localhost:8080/src/lib/logger.ts:106
[  250108ms] [LOG] %s [249.547] [SWIPE-HANDLER] reset @ http://localhost:8080/src/lib/logger.ts:106
[  250644ms] [WARNING] %s [250.083] [MP-MTPROTO] [STUCK] manager pending 5525ms (id=7785.414535966835) @ http://localhost:8080/src/lib/logger.ts:126
[  319928ms] [LOG] %s [319.366] [CS] connecting true @ http://localhost:8080/src/lib/logger.ts:106
[  319928ms] [LOG] %s [319.366] [CS] setState true @ http://localhost:8080/src/lib/logger.ts:106
[  319928ms] [LOG] %s [319.366] [CS] connecting true @ http://localhost:8080/src/lib/logger.ts:106
[  319928ms] [LOG] %s [319.366] [CS] setState true @ http://localhost:8080/src/lib/logger.ts:106
[  320329ms] [LOG] %s [319.768] [CS] setState: isShown: true @ http://localhost:8080/src/lib/logger.ts:106
[  322090ms] [LOG] %s [321.529] [CS] connecting false @ http://localhost:8080/src/lib/logger.ts:106
[  322091ms] [LOG] %s [321.529] [CS] setState false @ http://localhost:8080/src/lib/logger.ts:106
[  322091ms] [LOG] %s [321.530] [CS] updating true @ http://localhost:8080/src/lib/logger.ts:106
[  322091ms] [LOG] %s [321.530] [CS] setState true @ http://localhost:8080/src/lib/logger.ts:106
[  322098ms] [LOG] %s [321.536] [CS] setState: isShown: true @ http://localhost:8080/src/lib/logger.ts:106
[  322621ms] [LOG] %s [322.060] [CS] state_synchronized @ http://localhost:8080/src/lib/logger.ts:106
[  322622ms] [LOG] %s [322.060] [CS] updating false @ http://localhost:8080/src/lib/logger.ts:106
[  322622ms] [LOG] %s [322.060] [CS] setState false @ http://localhost:8080/src/lib/logger.ts:106
[  322630ms] [LOG] %s [322.069] [CS] setState: isShown: false @ http://localhost:8080/src/lib/logger.ts:106
[  401252ms] [LOG] %s [400.691] [NOTIFICATIONS] cancel msg_1_-2067219984_4295721844 undefined @ http://localhost:8080/src/lib/logger.ts:106
[  401252ms] [LOG] %s [400.691] [NOTIFICATIONS] cancel msg_1_-2067219984_4295721847 undefined @ http://localhost:8080/src/lib/logger.ts:106
[  405984ms] [LOG] %s [405.422] [CHAT--2215926322-chat] [perform-892] start JSHandle@node {history: Array(1)} @ http://localhost:8080/src/lib/logger.ts:106
[  405985ms] [LOG] %s [405.423] [CHAT] [BATCH-PROCESSOR-1] [queue] setting pause @ http://localhost:8080/src/lib/logger.ts:106
[  405986ms] [LOG] %s [405.424] [CHAT] [BATCH-PROCESSOR-1] [queue] start 1 @ http://localhost:8080/src/lib/logger.ts:106
[  405987ms] [LOG] %s [405.426] [CHAT] [BATCH-PROCESSOR-1] [queue] render item time 1 {bubble: div.bubble.is-in.can-have-tail, promises: Array(1), message: Object, reverse: false, updatePosition: true} @ http://localhost:8080/src/lib/logger.ts:106
[  405987ms] [LOG] %s [405.426] [CHAT] [BATCH-PROCESSOR-1] [queue] messages rendered @ http://localhost:8080/src/lib/logger.ts:106
[  405988ms] [LOG] %s [405.426] [CHAT] [BATCH-PROCESSOR-1] [queue] changed ends false true @ http://localhost:8080/src/lib/logger.ts:106
[  405988ms] [LOG] %s [405.426] [CHAT] [BATCH-PROCESSOR-1] [queue] media promises to call [Promise, Promise, Promise] [Object] false @ http://localhost:8080/src/lib/logger.ts:106
[  405988ms] [LOG] %s [405.427] [CHAT] [BATCH-PROCESSOR-1] [queue] media message time 0.39999999944120646 0 Promise @ http://localhost:8080/src/lib/logger.ts:106
[  406009ms] [LOG] %s [405.448] [CHAT] [BATCH-PROCESSOR-1] [queue] media promises end @ http://localhost:8080/src/lib/logger.ts:106
[  406009ms] [LOG] %s [405.448] [CHAT--2215926322-chat] [prepareToSaveScroll] save @ http://localhost:8080/src/lib/logger.ts:106
[  406012ms] [LOG] %s [405.450] [CHAT--2215926322-chat] [prepareToSaveScroll] restore @ http://localhost:8080/src/lib/logger.ts:106
[  406013ms] [LOG] %s [405.452] [CHAT] [BATCH-PROCESSOR-1] [queue] queue rendered @ http://localhost:8080/src/lib/logger.ts:106
[  406013ms] [LOG] %s [405.452] [CHAT] [BATCH-PROCESSOR-1] [queue] end @ http://localhost:8080/src/lib/logger.ts:106
[  406013ms] [LOG] %s [405.452] [CHAT--2215926322-chat] [perform-892] performHistoryResult end @ http://localhost:8080/src/lib/logger.ts:106
[  406014ms] [LOG] [HEAVY-ANIMATION]: start @ http://localhost:8080/src/hooks/useHeavyAnimationCheck.ts:17
[  406014ms] [LOG] [HEAVY-ANIMATION]: attach promise, length: 1 undefined @ http://localhost:8080/src/hooks/useHeavyAnimationCheck.ts:20
[  406016ms] [LOG] %s [405.455] [CHAT--2215926322-chat] will readHistory by maxId: 4295193916 @ http://localhost:8080/src/lib/logger.ts:106
[  406017ms] [LOG] %s [405.456] [NOTIFICATIONS] cancel msg_1_-2215926322_4295193916 undefined @ http://localhost:8080/src/lib/logger.ts:106
[  406292ms] [LOG] [HEAVY-ANIMATION]: promise end, length: 0 278.6000000005588 @ http://localhost:8080/src/hooks/useHeavyAnimationCheck.ts:29
[  406293ms] [LOG] [HEAVY-ANIMATION]: end @ http://localhost:8080/src/hooks/useHeavyAnimationCheck.ts:45
[  406412ms] [LOG] %s [405.850] [PM] [setCorrectIndex] direction 1 mid 4295193916 @ http://localhost:8080/src/lib/logger.ts:106
[  408240ms] [LOG] %s [407.679] [CS] connecting false @ http://localhost:8080/src/lib/logger.ts:106
[  408240ms] [LOG] %s [407.679] [CS] setState false @ http://localhost:8080/src/lib/logger.ts:106
[  408642ms] [LOG] %s [408.080] [CS] setState: isShown: false @ http://localhost:8080/src/lib/logger.ts:106
[  422582ms] [LOG] %s [422.020] [CHAT] [handleBackgrounds] updating Proxy(Object) undefined undefined @ http://localhost:8080/src/lib/logger.ts:106
[  422584ms] [LOG] %s [422.022] [CHAT] [handleBackgrounds] updating Proxy(Object) undefined undefined @ http://localhost:8080/src/lib/logger.ts:106
[  489647ms] [LOG] %s [489.086] [CHAT--2215926322-chat] [perform-887] start JSHandle@node {history: Array(1)} @ http://localhost:8080/src/lib/logger.ts:106
[  489648ms] [LOG] %s [489.086] [CHAT] [BATCH-PROCESSOR-1] [queue] setting pause @ http://localhost:8080/src/lib/logger.ts:106
[  489649ms] [LOG] %s [489.088] [CHAT] [BATCH-PROCESSOR-1] [queue] start 1 @ http://localhost:8080/src/lib/logger.ts:106
[  489651ms] [LOG] %s [489.090] [CHAT] [BATCH-PROCESSOR-1] [queue] render item time 1.7999999998137355 {bubble: div.bubble.hide-name.photo.has-plain-media-tail.is-message-empty.has-floating-time.is-in.can-have-t…, promises: Array(1), message: Object, reverse: false, updatePosition: true} @ http://localhost:8080/src/lib/logger.ts:106
[  489651ms] [LOG] %s [489.090] [CHAT] [BATCH-PROCESSOR-1] [queue] messages rendered @ http://localhost:8080/src/lib/logger.ts:106
[  489652ms] [LOG] %s [489.090] [CHAT] [BATCH-PROCESSOR-1] [queue] changed ends false true @ http://localhost:8080/src/lib/logger.ts:106
[  489652ms] [LOG] %s [489.090] [CHAT] [BATCH-PROCESSOR-1] [queue] media promises to call [Promise, Promise, Promise] [Object] false @ http://localhost:8080/src/lib/logger.ts:106
[  489672ms] [LOG] %s [489.110] [CHAT] [BATCH-PROCESSOR-1] [queue] media message time 19.5 0 Promise @ http://localhost:8080/src/lib/logger.ts:106
[  489687ms] [LOG] %s [489.125] [CHAT] [BATCH-PROCESSOR-1] [queue] media promises end @ http://localhost:8080/src/lib/logger.ts:106
[  489687ms] [LOG] %s [489.125] [CHAT--2215926322-chat] [prepareToSaveScroll] save @ http://localhost:8080/src/lib/logger.ts:106
[  489687ms] [LOG] %s [489.126] [CHAT--2215926322-chat] [prepareToSaveScroll] restore @ http://localhost:8080/src/lib/logger.ts:106
[  489689ms] [LOG] %s [489.128] [CHAT] [BATCH-PROCESSOR-1] [queue] queue rendered @ http://localhost:8080/src/lib/logger.ts:106
[  489689ms] [LOG] %s [489.128] [CHAT] [BATCH-PROCESSOR-1] [queue] end @ http://localhost:8080/src/lib/logger.ts:106
[  489689ms] [LOG] %s [489.128] [CHAT--2215926322-chat] [perform-887] performHistoryResult end @ http://localhost:8080/src/lib/logger.ts:106
[  489689ms] [LOG] [HEAVY-ANIMATION]: start @ http://localhost:8080/src/hooks/useHeavyAnimationCheck.ts:17
[  489689ms] [LOG] [HEAVY-ANIMATION]: attach promise, length: 1 undefined @ http://localhost:8080/src/hooks/useHeavyAnimationCheck.ts:20
[  489692ms] [LOG] %s [489.131] [CHAT--2215926322-chat] will readHistory by maxId: 4295193917 @ http://localhost:8080/src/lib/logger.ts:106
[  489695ms] [LOG] %s [489.133] [NOTIFICATIONS] cancel msg_1_-2215926322_4295193917 undefined @ http://localhost:8080/src/lib/logger.ts:106
[  490005ms] [LOG] [HEAVY-ANIMATION]: promise end, length: 0 315 @ http://localhost:8080/src/hooks/useHeavyAnimationCheck.ts:29
[  490005ms] [LOG] [HEAVY-ANIMATION]: end @ http://localhost:8080/src/hooks/useHeavyAnimationCheck.ts:45
[  490122ms] [LOG] %s [489.560] [PM] [setCorrectIndex] direction 1 mid 4295193917 @ http://localhost:8080/src/lib/logger.ts:106
[  491872ms] [LOG] %s [491.311] [CS] connecting false @ http://localhost:8080/src/lib/logger.ts:106
[  491872ms] [LOG] %s [491.311] [CS] setState false @ http://localhost:8080/src/lib/logger.ts:106
[  492285ms] [LOG] %s [491.724] [CS] setState: isShown: false @ http://localhost:8080/src/lib/logger.ts:106
[  492664ms] [LOG] %s [492.103] [CHAT--2215926322-chat] [perform-134] start JSHandle@node {history: Array(1)} @ http://localhost:8080/src/lib/logger.ts:106
[  492665ms] [LOG] %s [492.103] [CHAT] [BATCH-PROCESSOR-1] [queue] setting pause @ http://localhost:8080/src/lib/logger.ts:106
[  492665ms] [LOG] %s [492.104] [CHAT] [BATCH-PROCESSOR-1] [queue] start 1 @ http://localhost:8080/src/lib/logger.ts:106
[  492666ms] [LOG] %s [492.105] [CHAT] [BATCH-PROCESSOR-1] [queue] render item time 0.7999999998137355 {bubble: div.bubble.is-in.can-have-tail, promises: Array(1), message: Object, reverse: false, updatePosition: true} @ http://localhost:8080/src/lib/logger.ts:106
[  492666ms] [LOG] %s [492.105] [CHAT] [BATCH-PROCESSOR-1] [queue] messages rendered @ http://localhost:8080/src/lib/logger.ts:106
[  492666ms] [LOG] %s [492.105] [CHAT] [BATCH-PROCESSOR-1] [queue] changed ends false true @ http://localhost:8080/src/lib/logger.ts:106
[  492667ms] [LOG] %s [492.105] [CHAT] [BATCH-PROCESSOR-1] [queue] media promises to call [Promise, Promise] [Object] false @ http://localhost:8080/src/lib/logger.ts:106
[  492667ms] [LOG] %s [492.105] [CHAT] [BATCH-PROCESSOR-1] [queue] media message time 0.19999999925494194 0 Promise @ http://localhost:8080/src/lib/logger.ts:106
[  492669ms] [LOG] %s [492.108] [CHAT] [BATCH-PROCESSOR-1] [queue] media promises end @ http://localhost:8080/src/lib/logger.ts:106
[  492669ms] [LOG] %s [492.108] [CHAT--2215926322-chat] [prepareToSaveScroll] save @ http://localhost:8080/src/lib/logger.ts:106
[  492671ms] [LOG] %s [492.109] [CHAT--2215926322-chat] [prepareToSaveScroll] restore @ http://localhost:8080/src/lib/logger.ts:106
[  492673ms] [LOG] %s [492.111] [CHAT] [BATCH-PROCESSOR-1] [queue] queue rendered @ http://localhost:8080/src/lib/logger.ts:106
[  492673ms] [LOG] %s [492.111] [CHAT] [BATCH-PROCESSOR-1] [queue] end @ http://localhost:8080/src/lib/logger.ts:106
[  492673ms] [LOG] %s [492.111] [CHAT--2215926322-chat] [perform-134] performHistoryResult end @ http://localhost:8080/src/lib/logger.ts:106
[  492673ms] [LOG] [HEAVY-ANIMATION]: start @ http://localhost:8080/src/hooks/useHeavyAnimationCheck.ts:17
[  492673ms] [LOG] [HEAVY-ANIMATION]: attach promise, length: 1 undefined @ http://localhost:8080/src/hooks/useHeavyAnimationCheck.ts:20
[  492676ms] [LOG] %s [492.114] [CHAT--2215926322-chat] will readHistory by maxId: 4295193918 @ http://localhost:8080/src/lib/logger.ts:106
[  492677ms] [LOG] %s [492.115] [NOTIFICATIONS] cancel msg_1_-2215926322_4295193918 undefined @ http://localhost:8080/src/lib/logger.ts:106
[  492855ms] [LOG] %s [492.293] [CS] connecting false @ http://localhost:8080/src/lib/logger.ts:106
[  492855ms] [LOG] %s [492.294] [CS] setState false @ http://localhost:8080/src/lib/logger.ts:106
[  492950ms] [LOG] [HEAVY-ANIMATION]: promise end, length: 0 276.40000000037253 @ http://localhost:8080/src/hooks/useHeavyAnimationCheck.ts:29
[  492950ms] [LOG] [HEAVY-ANIMATION]: end @ http://localhost:8080/src/hooks/useHeavyAnimationCheck.ts:45
[  493067ms] [LOG] %s [492.505] [PM] [setCorrectIndex] direction 1 mid 4295193918 @ http://localhost:8080/src/lib/logger.ts:106
[  493268ms] [LOG] %s [492.707] [CS] setState: isShown: false @ http://localhost:8080/src/lib/logger.ts:106
[  602578ms] [LOG] %s [602.016] [CHAT] [handleBackgrounds] updating Proxy(Object) undefined undefined @ http://localhost:8080/src/lib/logger.ts:106
[  602579ms] [LOG] %s [602.017] [CHAT] [handleBackgrounds] updating Proxy(Object) undefined undefined @ http://localhost:8080/src/lib/logger.ts:106
[  636810ms] [LOG] %s [636.249] [SWIPE-HANDLER] reset @ http://localhost:8080/src/lib/logger.ts:106
[  636811ms] [LOG] %s [636.249] [SWIPE-HANDLER] reset @ http://localhost:8080/src/lib/logger.ts:106
[  636811ms] [LOG] %s [636.249] [SWIPE-HANDLER] reset @ http://localhost:8080/src/lib/logger.ts:106
[  721796ms] [LOG] %s [721.234] [NOTIFICATIONS] cancel msg_1_-2067219984_4295721850 undefined @ http://localhost:8080/src/lib/logger.ts:106
[  759269ms] [LOG] %s [758.708] [PM] [setCorrectIndex] direction -1 mid 4295193916 @ http://localhost:8080/src/lib/logger.ts:106
[  759369ms] [LOG] %s [758.808] [PM] [setCorrectIndex] direction -1 mid 4295193915 @ http://localhost:8080/src/lib/logger.ts:106
[  759675ms] [LOG] %s [759.113] [PM] [setCorrectIndex] direction -1 mid 4295193900 @ http://localhost:8080/src/lib/logger.ts:106
[  759775ms] [LOG] %s [759.213] [PM] [setCorrectIndex] direction -1 mid 4295193896 @ http://localhost:8080/src/lib/logger.ts:106
[  782577ms] [LOG] %s [782.015] [CHAT] [handleBackgrounds] updating Proxy(Object) undefined undefined @ http://localhost:8080/src/lib/logger.ts:106
[  782578ms] [LOG] %s [782.017] [CHAT] [handleBackgrounds] updating Proxy(Object) undefined undefined @ http://localhost:8080/src/lib/logger.ts:106
[  844021ms] [LOG] %s [843.460] [DIALOGS] dialogs click list @ http://localhost:8080/src/lib/logger.ts:106
[  844094ms] [LOG] %s [843.532] [NC] onItemAdded {type: left, onPop: } [Object, Object, Object] @ http://localhost:8080/src/lib/logger.ts:106
[  844097ms] [LOG] [HEAVY-ANIMATION]: start @ http://localhost:8080/src/hooks/useHeavyAnimationCheck.ts:17
[  844097ms] [LOG] [HEAVY-ANIMATION]: attach promise, length: 1 500 @ http://localhost:8080/src/hooks/useHeavyAnimationCheck.ts:20
[  844106ms] [LOG] %s [843.545] [SWIPE-HANDLER] reset @ http://localhost:8080/src/lib/logger.ts:106
[  844106ms] [LOG] %s [843.545] [SWIPE-HANDLER] reset @ http://localhost:8080/src/lib/logger.ts:106
[  844106ms] [LOG] %s [843.545] [SWIPE-HANDLER] reset @ http://localhost:8080/src/lib/logger.ts:106
[  844113ms] [LOG] %s [843.552] [NC] onItemAdded: push @ http://localhost:8080/src/lib/logger.ts:106
[  844114ms] [WARNING] %s [843.552] [NC] push @ http://localhost:8080/src/lib/logger.ts:126
[  844114ms] [LOG] %s [843.552] [NC] [navigate] NavigateEvent NavigationHistoryEntry @ http://localhost:8080/src/lib/logger.ts:106
[  844114ms] [LOG] %s [843.553] [NC] [navigate] push-like intercepted @ http://localhost:8080/src/lib/logger.ts:106
[  844411ms] [LOG] [HEAVY-ANIMATION]: promise end, length: 0 313.70000000018626 @ http://localhost:8080/src/hooks/useHeavyAnimationCheck.ts:29
[  844411ms] [LOG] [HEAVY-ANIMATION]: end @ http://localhost:8080/src/hooks/useHeavyAnimationCheck.ts:45
[  845276ms] [LOG] %s [844.714] [SWIPE-HANDLER] reset @ http://localhost:8080/src/lib/logger.ts:106
[  845276ms] [LOG] %s [844.715] [SWIPE-HANDLER] reset @ http://localhost:8080/src/lib/logger.ts:106
[  845276ms] [LOG] %s [844.715] [SWIPE-HANDLER] reset @ http://localhost:8080/src/lib/logger.ts:106
[  845276ms] [WARNING] %s [844.715] [NC] onItemDeleted {type: left, onPop: } @ http://localhost:8080/src/lib/logger.ts:126
[  845280ms] [LOG] [HEAVY-ANIMATION]: start @ http://localhost:8080/src/hooks/useHeavyAnimationCheck.ts:17
[  845280ms] [LOG] [HEAVY-ANIMATION]: attach promise, length: 1 500 @ http://localhost:8080/src/hooks/useHeavyAnimationCheck.ts:20
[  845281ms] [LOG] %s [844.719] [NC] popstate, navigation: {type: left, onPop: , removed: true} [Object, Object] @ http://localhost:8080/src/lib/logger.ts:106
[  845288ms] [LOG] %s [844.726] [NC] onItemDeleted: back @ http://localhost:8080/src/lib/logger.ts:106
[  845289ms] [LOG] %s [844.727] [NC] [navigate] NavigateEvent NavigationHistoryEntry @ http://localhost:8080/src/lib/logger.ts:106
[  845289ms] [LOG] %s [844.728] [NC] [navigate] ignoring event traverse @ http://localhost:8080/src/lib/logger.ts:106
[  845780ms] [LOG] [HEAVY-ANIMATION]: promise end, length: 0 500.70000000018626 @ http://localhost:8080/src/hooks/useHeavyAnimationCheck.ts:29
[  845781ms] [LOG] [HEAVY-ANIMATION]: end @ http://localhost:8080/src/hooks/useHeavyAnimationCheck.ts:45
[  846131ms] [LOG] %s [845.570] [CS] connecting false @ http://localhost:8080/src/lib/logger.ts:106
[  846132ms] [LOG] %s [845.570] [CS] setState false @ http://localhost:8080/src/lib/logger.ts:106
[  846471ms] [LOG] %s [845.909] [DIALOGS] dialogs click list @ http://localhost:8080/src/lib/logger.ts:106
[  846486ms] [LOG] %s [845.924] [NC] onItemAdded {type: left, onPop: } [Object, Object, Object] @ http://localhost:8080/src/lib/logger.ts:106
[  846489ms] [LOG] [HEAVY-ANIMATION]: start @ http://localhost:8080/src/hooks/useHeavyAnimationCheck.ts:17
[  846489ms] [LOG] [HEAVY-ANIMATION]: attach promise, length: 1 500 @ http://localhost:8080/src/hooks/useHeavyAnimationCheck.ts:20
[  846496ms] [LOG] %s [845.935] [NC] onItemAdded: push @ http://localhost:8080/src/lib/logger.ts:106
[  846496ms] [WARNING] %s [845.935] [NC] push @ http://localhost:8080/src/lib/logger.ts:126
[  846497ms] [LOG] %s [845.935] [NC] [navigate] NavigateEvent NavigationHistoryEntry @ http://localhost:8080/src/lib/logger.ts:106
[  846497ms] [LOG] %s [845.936] [NC] [navigate] push-like intercepted @ http://localhost:8080/src/lib/logger.ts:106
[  846544ms] [LOG] %s [845.982] [CS] setState: isShown: false @ http://localhost:8080/src/lib/logger.ts:106
[  846555ms] [LOG] %s [845.994] [SWIPE-HANDLER] reset @ http://localhost:8080/src/lib/logger.ts:106
[  846555ms] [LOG] %s [845.994] [SWIPE-HANDLER] reset @ http://localhost:8080/src/lib/logger.ts:106
[  846555ms] [LOG] %s [845.994] [SWIPE-HANDLER] reset @ http://localhost:8080/src/lib/logger.ts:106
[  846825ms] [LOG] [HEAVY-ANIMATION]: promise end, length: 0 335.90000000037253 @ http://localhost:8080/src/hooks/useHeavyAnimationCheck.ts:29
[  846825ms] [LOG] [HEAVY-ANIMATION]: end @ http://localhost:8080/src/hooks/useHeavyAnimationCheck.ts:45
[  847879ms] [LOG] %s [847.317] [SWIPE-HANDLER] reset @ http://localhost:8080/src/lib/logger.ts:106
[  847879ms] [LOG] %s [847.317] [SWIPE-HANDLER] reset @ http://localhost:8080/src/lib/logger.ts:106
[  847879ms] [LOG] %s [847.317] [SWIPE-HANDLER] reset @ http://localhost:8080/src/lib/logger.ts:106
[  848135ms] [LOG] %s [847.574] [SWIPE-HANDLER] reset @ http://localhost:8080/src/lib/logger.ts:106
[  848135ms] [LOG] %s [847.574] [SWIPE-HANDLER] reset @ http://localhost:8080/src/lib/logger.ts:106
[  848135ms] [LOG] %s [847.574] [SWIPE-HANDLER] reset @ http://localhost:8080/src/lib/logger.ts:106
[  848135ms] [WARNING] %s [847.574] [NC] onItemDeleted {type: left, onPop: } @ http://localhost:8080/src/lib/logger.ts:126
[  848138ms] [LOG] [HEAVY-ANIMATION]: start @ http://localhost:8080/src/hooks/useHeavyAnimationCheck.ts:17
[  848138ms] [LOG] [HEAVY-ANIMATION]: attach promise, length: 1 500 @ http://localhost:8080/src/hooks/useHeavyAnimationCheck.ts:20
[  848139ms] [LOG] %s [847.578] [NC] popstate, navigation: {type: left, onPop: , removed: true} [Object, Object] @ http://localhost:8080/src/lib/logger.ts:106
[  848144ms] [LOG] %s [847.582] [NC] onItemDeleted: back @ http://localhost:8080/src/lib/logger.ts:106
[  848145ms] [LOG] %s [847.584] [NC] [navigate] NavigateEvent NavigationHistoryEntry @ http://localhost:8080/src/lib/logger.ts:106
[  848145ms] [LOG] %s [847.584] [NC] [navigate] ignoring event traverse @ http://localhost:8080/src/lib/logger.ts:106
[  848391ms] [LOG] [HEAVY-ANIMATION]: promise end, length: 0 252.69999999925494 @ http://localhost:8080/src/hooks/useHeavyAnimationCheck.ts:29
[  848391ms] [LOG] [HEAVY-ANIMATION]: end @ http://localhost:8080/src/hooks/useHeavyAnimationCheck.ts:45
[  848746ms] [LOG] %s [848.184] [DIALOGS] dialogs click list @ http://localhost:8080/src/lib/logger.ts:106
[  848750ms] [LOG] %s [848.188] [IM] saved chat position: {mids: Array(21), top: 931.5, pinnedMessages: Object} @ http://localhost:8080/src/lib/logger.ts:106
[  848750ms] [WARNING] %s [848.189] [CHAT] [setPeer] start @ http://localhost:8080/src/lib/logger.ts:126
[  848751ms] [WARNING] %s [848.189] [CHAT--2215926322-chat] [848.189] start noForwards @ http://localhost:8080/src/lib/logger.ts:126
[  848751ms] [WARNING] %s [848.189] [CHAT--2215926322-chat] [848.189] start isRestricted @ http://localhost:8080/src/lib/logger.ts:126
[  848751ms] [WARNING] %s [848.189] [CHAT--2215926322-chat] [848.189] start isLikeGroup @ http://localhost:8080/src/lib/logger.ts:126
[  848751ms] [WARNING] %s [848.190] [CHAT--2215926322-chat] [848.189] start isRealGroup @ http://localhost:8080/src/lib/logger.ts:126
[  848751ms] [WARNING] %s [848.190] [CHAT--2215926322-chat] [848.190] start isMegagroup @ http://localhost:8080/src/lib/logger.ts:126
[  848751ms] [WARNING] %s [848.190] [CHAT--2215926322-chat] [848.190] start isBroadcast @ http://localhost:8080/src/lib/logger.ts:126
[  848751ms] [WARNING] %s [848.190] [CHAT--2215926322-chat] [848.190] start isChannel @ http://localhost:8080/src/lib/logger.ts:126
[  848751ms] [WARNING] %s [848.190] [CHAT--2215926322-chat] [848.190] start isBot @ http://localhost:8080/src/lib/logger.ts:126
[  848752ms] [WARNING] %s [848.190] [CHAT--2215926322-chat] [848.190] start isAnonymousSending @ http://localhost:8080/src/lib/logger.ts:126
[  848752ms] [WARNING] %s [848.190] [CHAT--2215926322-chat] [848.190] start isPremiumRequired @ http://localhost:8080/src/lib/logger.ts:126
[  848752ms] [WARNING] %s [848.190] [CHAT--2215926322-chat] [848.190] start starsAmount @ http://localhost:8080/src/lib/logger.ts:126
[  848752ms] [WARNING] %s [848.191] [CHAT--2215926322-chat] [848.190] start canManageDirectMessages @ http://localhost:8080/src/lib/logger.ts:126
[  848752ms] [WARNING] %s [848.191] [CHAT--2215926322-chat] [848.191] end isPremiumRequired 0.5 @ http://localhost:8080/src/lib/logger.ts:126
[  848752ms] [WARNING] %s [848.191] [CHAT--2215926322-chat] [848.191] end noForwards 1.800000000745058 @ http://localhost:8080/src/lib/logger.ts:126
[  848753ms] [WARNING] %s [848.191] [CHAT--2215926322-chat] [848.191] end isRestricted 1.8999999994412065 @ http://localhost:8080/src/lib/logger.ts:126
[  848753ms] [WARNING] %s [848.191] [CHAT--2215926322-chat] [848.191] end isRealGroup 1.6000000005587935 @ http://localhost:8080/src/lib/logger.ts:126
[  848753ms] [WARNING] %s [848.191] [CHAT--2215926322-chat] [848.191] end isMegagroup 1.599999999627471 @ http://localhost:8080/src/lib/logger.ts:126
[  848753ms] [WARNING] %s [848.191] [CHAT--2215926322-chat] [848.191] end isBroadcast 1.5 @ http://localhost:8080/src/lib/logger.ts:126
[  848753ms] [WARNING] %s [848.191] [CHAT--2215926322-chat] [848.191] end isChannel 1.5 @ http://localhost:8080/src/lib/logger.ts:126
[  848753ms] [WARNING] %s [848.191] [CHAT--2215926322-chat] [848.191] end isBot 1.400000000372529 @ http://localhost:8080/src/lib/logger.ts:126
[  848753ms] [WARNING] %s [848.191] [CHAT--2215926322-chat] [848.191] end isAnonymousSending 1.400000000372529 @ http://localhost:8080/src/lib/logger.ts:126
[  848753ms] [WARNING] %s [848.192] [CHAT--2215926322-chat] [848.192] end starsAmount 1.199999999254942 @ http://localhost:8080/src/lib/logger.ts:126
[  848753ms] [WARNING] %s [848.192] [CHAT--2215926322-chat] [848.192] end canManageDirectMessages 1.099999999627471 @ http://localhost:8080/src/lib/logger.ts:126
[  848753ms] [WARNING] %s [848.192] [CHAT--2215926322-chat] [848.192] end isLikeGroup 2.2999999998137355 @ http://localhost:8080/src/lib/logger.ts:126
[  848762ms] [LOG] %s [848.200] [CHAT] [setPeer] setPeer peerId: -1282153693 Proxy(Object) -1282153693_4295097605 -1282153693_4295097612 @ http://localhost:8080/src/lib/logger.ts:106
[  848762ms] [LOG] %s [848.200] [CHAT--2215926322-chat] cleanup @ http://localhost:8080/src/lib/logger.ts:106
[  848762ms] [LOG] %s [848.200] [CHAT] [setLoaded] change bottom false @ http://localhost:8080/src/lib/logger.ts:106
[  848762ms] [LOG] %s [848.201] [CHAT] [BATCH-PROCESSOR-1] clear @ http://localhost:8080/src/lib/logger.ts:106
[  848764ms] [LOG] %s [848.202] [CHAT--2215926322-chat] i vin brehnya {cached: true, result: Promise} -1282153693_4295097605 17 17 @ http://localhost:8080/src/lib/logger.ts:106
[  848764ms] [WARNING] %s [848.202] [CHAT] [setPeer] got history @ http://localhost:8080/src/lib/logger.ts:126
[  848764ms] [LOG] %s [848.203] [CHAT--2215926322-chat] [perform-206] start null {count: 69384, history: Array(25), isEnd: Object, offsetIdOffset: 8, messages: undefined} @ http://localhost:8080/src/lib/logger.ts:106
[  848764ms] [LOG] %s [848.203] [CHAT] [setLoaded] change bottom true @ http://localhost:8080/src/lib/logger.ts:106
[  848765ms] [LOG] %s [848.203] [CHAT] [BATCH-PROCESSOR-1] [queue] setting pause @ http://localhost:8080/src/lib/logger.ts:106
[  848768ms] [LOG] %s [848.206] [CHAT] [BATCH-PROCESSOR-1] [queue] start 25 @ http://localhost:8080/src/lib/logger.ts:106
[  848775ms] [LOG] %s [848.213] [CHAT] [BATCH-PROCESSOR-1] [queue] render item time 6.400000000372529 {bubble: div.bubble.is-in.can-have-tail, promises: Array(1), message: Object, reverse: true, updatePosition: true} @ http://localhost:8080/src/lib/logger.ts:106
[  848775ms] [LOG] %s [848.213] [CHAT] [BATCH-PROCESSOR-1] [queue] render item time 6.6000000005587935 {bubble: div.bubble.is-in.can-have-tail, promises: Array(1), message: Object, reverse: true, updatePosition: true} @ http://localhost:8080/src/lib/logger.ts:106
[  848775ms] [LOG] %s [848.213] [CHAT] [BATCH-PROCESSOR-1] [queue] render item time 6.800000000745058 {bubble: div.bubble.is-in.can-have-tail, promises: Array(1), message: Object, reverse: true, updatePosition: true} @ http://localhost:8080/src/lib/logger.ts:106
[  848775ms] [LOG] %s [848.213] [CHAT] [BATCH-PROCESSOR-1] [queue] render item time 6.900000000372529 {bubble: div.bubble.is-in.can-have-tail, promises: Array(1), message: Object, reverse: true, updatePosition: true} @ http://localhost:8080/src/lib/logger.ts:106
[  848775ms] [LOG] %s [848.214] [CHAT] [BATCH-PROCESSOR-1] [queue] render item time 7 {bubble: div.bubble.service, promises: Array(1), message: Object, reverse: true, updatePosition: true} @ http://localhost:8080/src/lib/logger.ts:106
[  848775ms] [LOG] %s [848.214] [CHAT] [BATCH-PROCESSOR-1] [queue] render item time 7 {bubble: div.bubble.service, promises: Array(1), message: Object, reverse: true, updatePosition: true} @ http://localhost:8080/src/lib/logger.ts:106
[  848775ms] [LOG] %s [848.214] [CHAT] [BATCH-PROCESSOR-1] [queue] render item time 7.1000000005587935 {bubble: div.bubble.service, promises: Array(1), message: Object, reverse: true, updatePosition: true} @ http://localhost:8080/src/lib/logger.ts:106
[  848775ms] [LOG] %s [848.214] [CHAT] [BATCH-PROCESSOR-1] [queue] render item time 7.2000000001862645 {bubble: div.bubble.service, promises: Array(1), message: Object, reverse: true, updatePosition: true} @ http://localhost:8080/src/lib/logger.ts:106
[  848776ms] [LOG] %s [848.214] [CHAT] [BATCH-PROCESSOR-1] [queue] render item time 7.5 {bubble: div.bubble.is-reply.is-in.can-have-tail, promises: Array(1), message: Object, reverse: true, updatePosition: true} @ http://localhost:8080/src/lib/logger.ts:106
[  848776ms] [LOG] %s [848.214] [CHAT] [BATCH-PROCESSOR-1] [queue] render item time 7.6000000005587935 {bubble: div.bubble.is-reply.is-in.can-have-tail, promises: Array(1), message: Object, reverse: true, updatePosition: true} @ http://localhost:8080/src/lib/logger.ts:106
[  848776ms] [LOG] %s [848.214] [CHAT] [BATCH-PROCESSOR-1] [queue] render item time 7.7000000001862645 {bubble: div.bubble.is-reply.is-in.can-have-tail, promises: Array(1), message: Object, reverse: true, updatePosition: true} @ http://localhost:8080/src/lib/logger.ts:106
[  848783ms] [LOG] %s [848.222] [CHAT] [BATCH-PROCESSOR-1] [queue] render item time 15.200000000186265 {bubble: div.bubble.is-in.can-have-tail, promises: Array(1), message: Object, reverse: true, updatePosition: true} @ http://localhost:8080/src/lib/logger.ts:106
[  848784ms] [LOG] %s [848.222] [CHAT] [BATCH-PROCESSOR-1] [queue] render item time 15.400000000372529 {bubble: div.bubble.is-in.can-have-tail, promises: Array(1), message: Object, reverse: true, updatePosition: true} @ http://localhost:8080/src/lib/logger.ts:106
[  848784ms] [LOG] %s [848.222] [CHAT] [BATCH-PROCESSOR-1] [queue] render item time 15.700000000186265 {bubble: div.bubble.is-in.can-have-tail, promises: Array(1), message: Object, reverse: true, updatePosition: true} @ http://localhost:8080/src/lib/logger.ts:106
[  848784ms] [LOG] %s [848.222] [CHAT] [BATCH-PROCESSOR-1] [queue] render item time 15.800000000745058 {bubble: div.bubble.is-in.can-have-tail, promises: Array(1), message: Object, reverse: true, updatePosition: true} @ http://localhost:8080/src/lib/logger.ts:106
[  848784ms] [LOG] %s [848.223] [CHAT] [BATCH-PROCESSOR-1] [queue] render item time 16 {bubble: div.bubble.is-in.can-have-tail, promises: Array(1), message: Object, reverse: true, updatePosition: true} @ http://localhost:8080/src/lib/logger.ts:106
[  848784ms] [LOG] %s [848.223] [CHAT] [BATCH-PROCESSOR-1] [queue] render item time 16.100000000558794 {bubble: div.bubble.is-in.can-have-tail, promises: Array(1), message: Object, reverse: true, updatePosition: true} @ http://localhost:8080/src/lib/logger.ts:106
[  848784ms] [LOG] %s [848.223] [CHAT] [BATCH-PROCESSOR-1] [queue] render item time 16.40000000037253 {bubble: div.bubble.channel-post.hide-name.photo.has-plain-media-tail.is-message-empty.has-floating-time.wit…, promises: Array(1), message: Object, reverse: true, updatePosition: true} @ http://localhost:8080/src/lib/logger.ts:106
[  848785ms] [LOG] %s [848.223] [CHAT] [BATCH-PROCESSOR-1] [queue] render item time 16.5 {bubble: div.bubble.sticker.sticker-animated.is-message-empty.has-floating-time.just-media.hide-name.is-in, promises: Array(1), message: Object, reverse: true, updatePosition: true} @ http://localhost:8080/src/lib/logger.ts:106
[  848785ms] [LOG] %s [848.224] [CHAT] [BATCH-PROCESSOR-1] [queue] render item time 16.90000000037253 {bubble: div.bubble.is-reply.is-in.can-have-tail, promises: Array(1), message: Object, reverse: true, updatePosition: true} @ http://localhost:8080/src/lib/logger.ts:106
[  848785ms] [LOG] %s [848.224] [CHAT] [BATCH-PROCESSOR-1] [queue] render item time 17.100000000558794 {bubble: div.bubble.sticker.is-message-empty.has-floating-time.just-media.is-reply.hide-name.is-in, promises: Array(1), message: Object, reverse: true, updatePosition: true} @ http://localhost:8080/src/lib/logger.ts:106
[  848785ms] [LOG] %s [848.224] [CHAT] [BATCH-PROCESSOR-1] [queue] render item time 17.200000000186265 {bubble: div.bubble.is-reply.is-in.can-have-tail, promises: Array(1), message: Object, reverse: true, updatePosition: true} @ http://localhost:8080/src/lib/logger.ts:106
[  848785ms] [LOG] %s [848.224] [CHAT] [BATCH-PROCESSOR-1] [queue] render item time 17.300000000745058 {bubble: div.bubble.is-reply.is-in.can-have-tail, promises: Array(1), message: Object, reverse: true, updatePosition: true} @ http://localhost:8080/src/lib/logger.ts:106
[  848785ms] [LOG] %s [848.224] [CHAT] [BATCH-PROCESSOR-1] [queue] render item time 17.40000000037253 {bubble: div.bubble.is-reply.is-in.can-have-tail, promises: Array(1), message: Object, reverse: true, updatePosition: true} @ http://localhost:8080/src/lib/logger.ts:106
[  848786ms] [LOG] %s [848.224] [CHAT] [BATCH-PROCESSOR-1] [queue] render item time 17.40000000037253 {bubble: div.bubble.sticker.is-message-empty.has-floating-time.just-media.is-reply.hide-name.is-in, promises: Array(1), message: Object, reverse: true, updatePosition: true} @ http://localhost:8080/src/lib/logger.ts:106
[  848786ms] [LOG] %s [848.224] [CHAT] [BATCH-PROCESSOR-1] [queue] messages rendered @ http://localhost:8080/src/lib/logger.ts:106
[  848789ms] [LOG] %s [848.227] [CHAT] [BATCH-PROCESSOR-1] [queue] changed ends true false @ http://localhost:8080/src/lib/logger.ts:106
[  848789ms] [LOG] %s [848.228] [CHAT] [BATCH-PROCESSOR-1] [queue] media promises to call [Promise, Promise, Promise, Promise, Promise, Promise, Promise, Promise, Promise, Promise, Promise, Promise, Promise, Promise, Promise, Promise, Promise, Promise, Promise, Promise, Promise, Promise, Promise, Promise, Promise, Promise, Promise, Promise, Promise, Promise, Promise, Promise, Promise, Promise, Promise, Promise, Promise, Promise, Promise, Promise, Promise, Promise] [Object, Object, Object, Object, Object, Object, Object, Object, Object, Object, Object, Object, Object, Object, Object, Object, Object, Object, Object, Object, Object, Object, Object, Object, Object] false @ http://localhost:8080/src/lib/logger.ts:106
[  848791ms] [LOG] %s [848.229] [CHAT] [BATCH-PROCESSOR-1] [queue] media message time 1.7000000001862645 0 Promise @ http://localhost:8080/src/lib/logger.ts:106
[  848791ms] [LOG] %s [848.230] [CHAT] [BATCH-PROCESSOR-1] [queue] media message time 1.7000000001862645 0 Promise @ http://localhost:8080/src/lib/logger.ts:106
[  848791ms] [LOG] %s [848.230] [CHAT] [BATCH-PROCESSOR-1] [queue] media message time 1.7000000001862645 0 Promise @ http://localhost:8080/src/lib/logger.ts:106
[  848791ms] [LOG] %s [848.230] [CHAT] [BATCH-PROCESSOR-1] [queue] media message time 1.7000000001862645 0 Promise @ http://localhost:8080/src/lib/logger.ts:106
[  848792ms] [LOG] %s [848.230] [CHAT] [BATCH-PROCESSOR-1] [queue] media message time 1.7000000001862645 0 Promise @ http://localhost:8080/src/lib/logger.ts:106
[  848792ms] [LOG] %s [848.230] [CHAT] [BATCH-PROCESSOR-1] [queue] media message time 1.7000000001862645 0 Promise @ http://localhost:8080/src/lib/logger.ts:106
[  848792ms] [LOG] %s [848.231] [CHAT] [BATCH-PROCESSOR-1] [queue] media message time 1.7000000001862645 0 Promise @ http://localhost:8080/src/lib/logger.ts:106
[  848792ms] [LOG] %s [848.231] [CHAT] [BATCH-PROCESSOR-1] [queue] media message time 1.7000000001862645 0 Promise @ http://localhost:8080/src/lib/logger.ts:106
[  848793ms] [LOG] %s [848.231] [CHAT] [BATCH-PROCESSOR-1] [queue] media message time 1.7000000001862645 0 Promise @ http://localhost:8080/src/lib/logger.ts:106
[  848793ms] [LOG] %s [848.231] [CHAT] [BATCH-PROCESSOR-1] [queue] media message time 1.7000000001862645 0 Promise @ http://localhost:8080/src/lib/logger.ts:106
[  848793ms] [LOG] %s [848.232] [CHAT] [BATCH-PROCESSOR-1] [queue] media message time 1.7000000001862645 0 Promise @ http://localhost:8080/src/lib/logger.ts:106
[  848793ms] [LOG] %s [848.232] [CHAT] [BATCH-PROCESSOR-1] [queue] media message time 1.7000000001862645 0 Promise @ http://localhost:8080/src/lib/logger.ts:106
[  848793ms] [LOG] %s [848.232] [CHAT] [BATCH-PROCESSOR-1] [queue] media message time 1.7000000001862645 0 Promise @ http://localhost:8080/src/lib/logger.ts:106
[  848794ms] [LOG] %s [848.232] [CHAT] [BATCH-PROCESSOR-1] [queue] media message time 1.7000000001862645 0 Promise @ http://localhost:8080/src/lib/logger.ts:106
[  848794ms] [LOG] %s [848.232] [CHAT] [BATCH-PROCESSOR-1] [queue] media message time 1.7000000001862645 0 Promise @ http://localhost:8080/src/lib/logger.ts:106
[  848794ms] [LOG] %s [848.233] [CHAT] [BATCH-PROCESSOR-1] [queue] media message time 1.7000000001862645 0 Promise @ http://localhost:8080/src/lib/logger.ts:106
[  848794ms] [LOG] %s [848.233] [CHAT] [BATCH-PROCESSOR-1] [queue] media message time 1.7000000001862645 0 Promise @ http://localhost:8080/src/lib/logger.ts:106
[  848795ms] [LOG] %s [848.233] [CHAT] [BATCH-PROCESSOR-1] [queue] media message time 1.7000000001862645 0 Promise @ http://localhost:8080/src/lib/logger.ts:106
[  848795ms] [LOG] %s [848.233] [CHAT] [BATCH-PROCESSOR-1] [queue] media message time 1.7000000001862645 0 Promise @ http://localhost:8080/src/lib/logger.ts:106
[  848795ms] [LOG] %s [848.234] [CHAT] [BATCH-PROCESSOR-1] [queue] media message time 1.7000000001862645 0 Promise @ http://localhost:8080/src/lib/logger.ts:106
[  848795ms] [LOG] %s [848.234] [CHAT] [BATCH-PROCESSOR-1] [queue] media message time 1.7000000001862645 0 Promise @ http://localhost:8080/src/lib/logger.ts:106
[  848795ms] [LOG] %s [848.234] [CHAT] [BATCH-PROCESSOR-1] [queue] media message time 1.7000000001862645 0 Promise @ http://localhost:8080/src/lib/logger.ts:106
[  848796ms] [LOG] %s [848.234] [CHAT] [BATCH-PROCESSOR-1] [queue] media message time 1.7000000001862645 0 Promise @ http://localhost:8080/src/lib/logger.ts:106
[  848796ms] [LOG] %s [848.234] [CHAT] [BATCH-PROCESSOR-1] [queue] media message time 1.7000000001862645 0 Promise @ http://localhost:8080/src/lib/logger.ts:106
[  848796ms] [LOG] %s [848.235] [CHAT] [BATCH-PROCESSOR-1] [queue] media message time 1.7000000001862645 0 Promise @ http://localhost:8080/src/lib/logger.ts:106
[  848805ms] [LOG] %s [848.243] [CHAT] [BATCH-PROCESSOR-1] [queue] media promises end @ http://localhost:8080/src/lib/logger.ts:106
[  848806ms] [LOG] %s [848.244] [CHAT] [BATCH-PROCESSOR-1] [queue] queue rendered @ http://localhost:8080/src/lib/logger.ts:106
[  848806ms] [LOG] %s [848.244] [CHAT] [BATCH-PROCESSOR-1] [queue] end @ http://localhost:8080/src/lib/logger.ts:106
[  848806ms] [LOG] %s [848.244] [CHAT--2215926322-chat] [perform-206] performHistoryResult end @ http://localhost:8080/src/lib/logger.ts:106
[  848806ms] [WARNING] %s [848.244] [CHAT] [setPeer] promise fulfilled @ http://localhost:8080/src/lib/logger.ts:126
[  848806ms] [WARNING] %s [848.244] [CHAT] [setPeer] finishing peer change @ http://localhost:8080/src/lib/logger.ts:126
[  848810ms] [LOG] %s [848.248] [CHAT] [handleBackgrounds] updating Proxy(Object) undefined undefined @ http://localhost:8080/src/lib/logger.ts:106
[  848810ms] [WARNING] %s [848.249] [CHAT--2215926322-chat] [848.249] start topbar @ http://localhost:8080/src/lib/logger.ts:126
[  848810ms] [WARNING] %s [848.249] [CHAT--2215926322-chat] [848.249] start bubbles @ http://localhost:8080/src/lib/logger.ts:126
[  848810ms] [WARNING] %s [848.249] [CHAT--2215926322-chat] [848.249] start input @ http://localhost:8080/src/lib/logger.ts:126
[  848810ms] [WARNING] %s [848.249] [CHAT--2215926322-chat] [848.249] start sharedMedia @ http://localhost:8080/src/lib/logger.ts:126
[  848810ms] [WARNING] %s [848.249] [CHAT--2215926322-chat] [848.249] start backgrounds @ http://localhost:8080/src/lib/logger.ts:126
[  848811ms] [WARNING] %s [848.249] [CHAT--2215926322-chat] [848.249] end backgrounds 0.2999999998137355 @ http://localhost:8080/src/lib/logger.ts:126
[  848816ms] [LOG] %s [848.254] [PM] setPinnedMessage: fromTop false 0 0 @ http://localhost:8080/src/lib/logger.ts:106
[  848816ms] [WARNING] %s [848.255] [CHAT--2215926322-chat] [848.255] end sharedMedia 5.7999999998137355 @ http://localhost:8080/src/lib/logger.ts:126
[  848817ms] [WARNING] %s [848.256] [CHAT--2215926322-chat] [848.256] end bubbles 7.2000000001862645 @ http://localhost:8080/src/lib/logger.ts:126
[  848818ms] [WARNING] %s [848.256] [CHAT--2215926322-chat] [848.256] end topbar 7.6000000005587935 @ http://localhost:8080/src/lib/logger.ts:126
[  848819ms] [WARNING] %s [848.258] [CHAT--2215926322-chat] [848.258] end input 8.799999999813735 @ http://localhost:8080/src/lib/logger.ts:126
[  848819ms] [LOG] %s [848.258] [SEARCH-SUPER] load true -1282153693 {} @ http://localhost:8080/src/lib/logger.ts:106
[  848824ms] [LOG] %s [848.262] [SWIPE-HANDLER] remove listeners @ http://localhost:8080/src/lib/logger.ts:106
[  848824ms] [LOG] %s [848.262] [SWIPE-HANDLER] reset @ http://localhost:8080/src/lib/logger.ts:106
[  848825ms] [WARNING] %s [848.264] [CHAT] [setPeer] finished peer change @ http://localhost:8080/src/lib/logger.ts:126
[  848841ms] [LOG] %s [848.279] [PM] [setCorrectIndex] direction 0 mid 4295097598 @ http://localhost:8080/src/lib/logger.ts:106
[  848841ms] [LOG] %s [848.279] [PM] [getCurrentIndex] start 4295097598 true @ http://localhost:8080/src/lib/logger.ts:106
[  848841ms] [WARNING] %s [848.280] [CHAT] [setPeer] mounted chat true JSHandle@node 90.59999999962747 @ http://localhost:8080/src/lib/logger.ts:126
[  848842ms] [LOG] %s [848.280] [PM] handleFollowingPinnedMessage @ http://localhost:8080/src/lib/logger.ts:106
[  848845ms] [LOG] %s [848.284] [SWIPE-HANDLER] reset @ http://localhost:8080/src/lib/logger.ts:106
[  848845ms] [LOG] %s [848.284] [SWIPE-HANDLER] reset @ http://localhost:8080/src/lib/logger.ts:106
[  848845ms] [LOG] %s [848.284] [SWIPE-HANDLER] reset @ http://localhost:8080/src/lib/logger.ts:106
[  848850ms] [WARNING] %s [848.289] [NC] replace @ http://localhost:8080/src/lib/logger.ts:126
[  848850ms] [LOG] %s [848.289] [NC] [navigate] NavigateEvent NavigationHistoryEntry @ http://localhost:8080/src/lib/logger.ts:106
[  848852ms] [LOG] %s [848.290] [CHAT--1282153693-chat] will readHistory by maxId: 4295097612 @ http://localhost:8080/src/lib/logger.ts:106
[  848859ms] [LOG] %s [848.298] [CHAT] [setPeer] scrolledAllDown: true @ http://localhost:8080/src/lib/logger.ts:106
[  848861ms] [LOG] %s [848.300] [PM] [getCurrentIndex] result 4295097598 {count: 831, history: Array(50), isEnd: Object, offsetIdOffset: 0, messages: undefined} 0 0 false true @ http://localhost:8080/src/lib/logger.ts:106
[  848861ms] [LOG] %s [848.300] [PM] setPinnedMessage: fromTop false 0 0 @ http://localhost:8080/src/lib/logger.ts:106
[  848862ms] [LOG] %s [848.300] [PM] handleFollowingPinnedMessage: unlock @ http://localhost:8080/src/lib/logger.ts:106
[  848862ms] [LOG] %s [848.301] [IM] selectTab 1 1 @ http://localhost:8080/src/lib/logger.ts:106
[  848865ms] [LOG] %s [848.303] [NOTIFICATIONS] cancel msg_1_-1282153693_4295097612 undefined @ http://localhost:8080/src/lib/logger.ts:106
[  848865ms] [LOG] %s [848.303] [NOTIFICATIONS] cancel msg_1_-1282153693_4295097611 undefined @ http://localhost:8080/src/lib/logger.ts:106
[  848865ms] [LOG] %s [848.304] [NOTIFICATIONS] cancel msg_1_-1282153693_4295097610 undefined @ http://localhost:8080/src/lib/logger.ts:106
[  848865ms] [LOG] %s [848.304] [NOTIFICATIONS] cancel msg_1_-1282153693_4295097609 undefined @ http://localhost:8080/src/lib/logger.ts:106
[  848865ms] [LOG] %s [848.304] [NOTIFICATIONS] cancel msg_1_-1282153693_4295097608 undefined @ http://localhost:8080/src/lib/logger.ts:106
[  848865ms] [LOG] %s [848.304] [NOTIFICATIONS] cancel msg_1_-1282153693_4295097607 undefined @ http://localhost:8080/src/lib/logger.ts:106
[  848866ms] [LOG] %s [848.304] [NOTIFICATIONS] cancel msg_1_-1282153693_4295097606 undefined @ http://localhost:8080/src/lib/logger.ts:106
[  848881ms] [LOG] %s [848.319] [PM] [setCorrectIndex] direction 0 mid 4295097612 @ http://localhost:8080/src/lib/logger.ts:106
[  848942ms] [LOG] %s [848.381] [PM] [setCorrectIndex] direction 0 mid 4295097612 @ http://localhost:8080/src/lib/logger.ts:106
[  849038ms] [LOG] %s [848.476] [DIALOGS] dialogs click list @ http://localhost:8080/src/lib/logger.ts:106
[  849043ms] [LOG] %s [848.481] [IM] saved pinned-only hint: {mid: 4295097587, index: 0, count: 831} @ http://localhost:8080/src/lib/logger.ts:106
[  849043ms] [WARNING] %s [848.481] [CHAT] [setPeer] start @ http://localhost:8080/src/lib/logger.ts:126
[  849043ms] [WARNING] %s [848.482] [CHAT--1282153693-chat] [848.482] start noForwards @ http://localhost:8080/src/lib/logger.ts:126
[  849043ms] [WARNING] %s [848.482] [CHAT--1282153693-chat] [848.482] start isRestricted @ http://localhost:8080/src/lib/logger.ts:126
[  849043ms] [WARNING] %s [848.482] [CHAT--1282153693-chat] [848.482] start isLikeGroup @ http://localhost:8080/src/lib/logger.ts:126
[  849043ms] [WARNING] %s [848.482] [CHAT--1282153693-chat] [848.482] start isRealGroup @ http://localhost:8080/src/lib/logger.ts:126
[  849044ms] [WARNING] %s [848.482] [CHAT--1282153693-chat] [848.482] start isMegagroup @ http://localhost:8080/src/lib/logger.ts:126
[  849044ms] [WARNING] %s [848.482] [CHAT--1282153693-chat] [848.482] start isBroadcast @ http://localhost:8080/src/lib/logger.ts:126
[  849044ms] [WARNING] %s [848.482] [CHAT--1282153693-chat] [848.482] start isChannel @ http://localhost:8080/src/lib/logger.ts:126
[  849044ms] [WARNING] %s [848.482] [CHAT--1282153693-chat] [848.482] start isBot @ http://localhost:8080/src/lib/logger.ts:126
[  849044ms] [WARNING] %s [848.482] [CHAT--1282153693-chat] [848.482] start isAnonymousSending @ http://localhost:8080/src/lib/logger.ts:126
[  849044ms] [WARNING] %s [848.483] [CHAT--1282153693-chat] [848.483] start isPremiumRequired @ http://localhost:8080/src/lib/logger.ts:126
[  849044ms] [WARNING] %s [848.483] [CHAT--1282153693-chat] [848.483] start starsAmount @ http://localhost:8080/src/lib/logger.ts:126
[  849044ms] [WARNING] %s [848.483] [CHAT--1282153693-chat] [848.483] start canManageDirectMessages @ http://localhost:8080/src/lib/logger.ts:126
[  849044ms] [WARNING] %s [848.483] [CHAT--1282153693-chat] [848.483] end isPremiumRequired 0.40000000037252903 @ http://localhost:8080/src/lib/logger.ts:126
[  849045ms] [WARNING] %s [848.483] [CHAT--1282153693-chat] [848.483] end noForwards 1.5 @ http://localhost:8080/src/lib/logger.ts:126
[  849045ms] [WARNING] %s [848.483] [CHAT--1282153693-chat] [848.483] end isRestricted 1.599999999627471 @ http://localhost:8080/src/lib/logger.ts:126
[  849045ms] [WARNING] %s [848.483] [CHAT--1282153693-chat] [848.483] end isRealGroup 1.5 @ http://localhost:8080/src/lib/logger.ts:126
[  849045ms] [WARNING] %s [848.483] [CHAT--1282153693-chat] [848.483] end isMegagroup 1.300000000745058 @ http://localhost:8080/src/lib/logger.ts:126
[  849045ms] [WARNING] %s [848.483] [CHAT--1282153693-chat] [848.483] end isBroadcast 1.400000000372529 @ http://localhost:8080/src/lib/logger.ts:126
[  849045ms] [WARNING] %s [848.484] [CHAT--1282153693-chat] [848.484] end isChannel 1.3999999994412065 @ http://localhost:8080/src/lib/logger.ts:126
[  849045ms] [WARNING] %s [848.484] [CHAT--1282153693-chat] [848.484] end isBot 1.2999999998137355 @ http://localhost:8080/src/lib/logger.ts:126
[  849045ms] [WARNING] %s [848.484] [CHAT--1282153693-chat] [848.484] end isAnonymousSending 1.2999999998137355 @ http://localhost:8080/src/lib/logger.ts:126
[  849045ms] [WARNING] %s [848.484] [CHAT--1282153693-chat] [848.484] end starsAmount 1 @ http://localhost:8080/src/lib/logger.ts:126
[  849045ms] [WARNING] %s [848.484] [CHAT--1282153693-chat] [848.484] end canManageDirectMessages 1 @ http://localhost:8080/src/lib/logger.ts:126
[  849045ms] [WARNING] %s [848.484] [CHAT--1282153693-chat] [848.484] end isLikeGroup 2 @ http://localhost:8080/src/lib/logger.ts:126
[  849051ms] [LOG] %s [848.489] [CHAT] [setPeer] setPeer peerId: -2067219984 Proxy(Object) 0_0 -2067219984_4295721854 @ http://localhost:8080/src/lib/logger.ts:106
[  849051ms] [LOG] %s [848.489] [CHAT--1282153693-chat] cleanup @ http://localhost:8080/src/lib/logger.ts:106
[  849051ms] [LOG] %s [848.489] [CHAT] [setLoaded] change bottom false @ http://localhost:8080/src/lib/logger.ts:106
[  849051ms] [LOG] %s [848.489] [CHAT] [BATCH-PROCESSOR-1] clear @ http://localhost:8080/src/lib/logger.ts:106
[  849054ms] [WARNING] %s [848.493] [CHAT] [setPeer] got history @ http://localhost:8080/src/lib/logger.ts:126
[  849054ms] [LOG] %s [848.493] [CHAT--1282153693-chat] [perform-575] start null {history: Array(27)} @ http://localhost:8080/src/lib/logger.ts:106
[  849055ms] [LOG] %s [848.493] [CHAT] [BATCH-PROCESSOR-1] [queue] setting pause @ http://localhost:8080/src/lib/logger.ts:106
[  849059ms] [LOG] %s [848.498] [CHAT] [BATCH-PROCESSOR-1] [queue] start 27 @ http://localhost:8080/src/lib/logger.ts:106
[  849063ms] [LOG] %s [848.502] [CHAT] [BATCH-PROCESSOR-1] [queue] render item time 3.7999999998137355 {bubble: div.bubble.is-in.can-have-tail, promises: Array(1), message: Object, reverse: true, updatePosition: true} @ http://localhost:8080/src/lib/logger.ts:106
[  849064ms] [LOG] %s [848.502] [CHAT] [BATCH-PROCESSOR-1] [queue] render item time 4.099999999627471 {bubble: div.bubble.hide-name.video.has-plain-media-tail.is-message-empty.has-floating-time.is-in.can-have-t…, promises: Array(1), message: Object, reverse: true, updatePosition: true} @ http://localhost:8080/src/lib/logger.ts:106
[  849064ms] [LOG] %s [848.502] [CHAT] [BATCH-PROCESSOR-1] [queue] render item time 4.2000000001862645 {bubble: div.bubble.hide-name.photo.has-plain-media-tail.is-message-empty.has-floating-time.is-in.can-have-t…, promises: Array(1), message: Object, reverse: true, updatePosition: true} @ http://localhost:8080/src/lib/logger.ts:106
[  849064ms] [LOG] %s [848.502] [CHAT] [BATCH-PROCESSOR-1] [queue] render item time 4.2999999998137355 {bubble: div.bubble.hide-name.photo.has-plain-media-tail.is-message-empty.has-floating-time.is-in.can-have-t…, promises: Array(1), message: Object, reverse: true, updatePosition: true} @ http://localhost:8080/src/lib/logger.ts:106
[  849064ms] [LOG] %s [848.502] [CHAT] [BATCH-PROCESSOR-1] [queue] render item time 4.400000000372529 {bubble: div.bubble.hide-name.photo.has-plain-media-tail.is-message-empty.has-floating-time.is-in.can-have-t…, promises: Array(1), message: Object, reverse: true, updatePosition: true} @ http://localhost:8080/src/lib/logger.ts:106
[  849064ms] [LOG] %s [848.503] [CHAT] [BATCH-PROCESSOR-1] [queue] render item time 4.5 {bubble: div.bubble.hide-name.photo.has-plain-media-tail.is-message-empty.has-floating-time.is-in.can-have-t…, promises: Array(1), message: Object, reverse: true, updatePosition: true} @ http://localhost:8080/src/lib/logger.ts:106
[  849064ms] [LOG] %s [848.503] [CHAT] [BATCH-PROCESSOR-1] [queue] render item time 4.7000000001862645 {bubble: div.bubble.hide-name.video.has-plain-media-tail.is-message-empty.has-floating-time.is-in.can-have-t…, promises: Array(1), message: Object, reverse: true, updatePosition: true} @ http://localhost:8080/src/lib/logger.ts:106
[  849064ms] [LOG] %s [848.503] [CHAT] [BATCH-PROCESSOR-1] [queue] render item time 4.7999999998137355 {bubble: div.bubble.hide-name.photo.has-plain-media-tail.is-message-empty.has-floating-time.is-in.can-have-t…, promises: Array(1), message: Object, reverse: true, updatePosition: true} @ http://localhost:8080/src/lib/logger.ts:106
[  849072ms] [LOG] %s [848.510] [CHAT] [BATCH-PROCESSOR-1] [queue] render item time 12 {bubble: div.bubble.hide-name.video.has-plain-media-tail.is-message-empty.has-floating-time.is-in.can-have-t…, promises: Array(1), message: Object, reverse: true, updatePosition: true} @ http://localhost:8080/src/lib/logger.ts:106
[  849072ms] [LOG] %s [848.510] [CHAT] [BATCH-PROCESSOR-1] [queue] render item time 12.200000000186265 {bubble: div.bubble.hide-name.photo.has-plain-media-tail.is-message-empty.has-floating-time.is-in.can-have-t…, promises: Array(1), message: Object, reverse: true, updatePosition: true} @ http://localhost:8080/src/lib/logger.ts:106
[  849072ms] [LOG] %s [848.510] [CHAT] [BATCH-PROCESSOR-1] [queue] render item time 12.400000000372529 {bubble: div.bubble.hide-name.video.has-plain-media-tail.is-message-empty.has-floating-time.is-in.can-have-t…, promises: Array(1), message: Object, reverse: true, updatePosition: true} @ http://localhost:8080/src/lib/logger.ts:106
[  849072ms] [LOG] %s [848.511] [CHAT] [BATCH-PROCESSOR-1] [queue] render item time 12.599999999627471 {bubble: div.bubble.hide-name.photo.has-plain-media-tail.is-message-empty.has-floating-time.is-in.can-have-t…, promises: Array(1), message: Object, reverse: true, updatePosition: true} @ http://localhost:8080/src/lib/logger.ts:106
[  849072ms] [LOG] %s [848.511] [CHAT] [BATCH-PROCESSOR-1] [queue] render item time 12.799999999813735 {bubble: div.bubble.is-in.can-have-tail, promises: Array(1), message: Object, reverse: true, updatePosition: true} @ http://localhost:8080/src/lib/logger.ts:106
[  849072ms] [LOG] %s [848.511] [CHAT] [BATCH-PROCESSOR-1] [queue] render item time 12.900000000372529 {bubble: div.bubble.is-in.can-have-tail, promises: Array(1), message: Object, reverse: true, updatePosition: true} @ http://localhost:8080/src/lib/logger.ts:106
[  849073ms] [LOG] %s [848.511] [CHAT] [BATCH-PROCESSOR-1] [queue] render item time 13.099999999627471 {bubble: div.bubble.is-in.can-have-tail, promises: Array(1), message: Object, reverse: true, updatePosition: true} @ http://localhost:8080/src/lib/logger.ts:106
[  849073ms] [LOG] %s [848.511] [CHAT] [BATCH-PROCESSOR-1] [queue] render item time 13.200000000186265 {bubble: div.bubble.is-in.can-have-tail, promises: Array(1), message: Object, reverse: true, updatePosition: true} @ http://localhost:8080/src/lib/logger.ts:106
[  849073ms] [LOG] %s [848.511] [CHAT] [BATCH-PROCESSOR-1] [queue] render item time 13.400000000372529 {bubble: div.bubble.is-in.can-have-tail, promises: Array(1), message: Object, reverse: true, updatePosition: true} @ http://localhost:8080/src/lib/logger.ts:106
[  849073ms] [LOG] %s [848.512] [CHAT] [BATCH-PROCESSOR-1] [queue] render item time 13.599999999627471 {bubble: div.bubble.is-in.can-have-tail, promises: Array(1), message: Object, reverse: true, updatePosition: true} @ http://localhost:8080/src/lib/logger.ts:106
[  849073ms] [LOG] %s [848.512] [CHAT] [BATCH-PROCESSOR-1] [queue] render item time 13.700000000186265 {bubble: div.bubble.is-in.can-have-tail, promises: Array(1), message: Object, reverse: true, updatePosition: true} @ http://localhost:8080/src/lib/logger.ts:106
[  849073ms] [LOG] %s [848.512] [CHAT] [BATCH-PROCESSOR-1] [queue] render item time 13.799999999813735 {bubble: div.bubble.is-in.can-have-tail, promises: Array(1), message: Object, reverse: true, updatePosition: true} @ http://localhost:8080/src/lib/logger.ts:106
[  849073ms] [LOG] %s [848.512] [CHAT] [BATCH-PROCESSOR-1] [queue] render item time 14 {bubble: div.bubble.is-in.can-have-tail, promises: Array(1), message: Object, reverse: true, updatePosition: true} @ http://localhost:8080/src/lib/logger.ts:106
[  849074ms] [LOG] %s [848.512] [CHAT] [BATCH-PROCESSOR-1] [queue] render item time 14.099999999627471 {bubble: div.bubble.has-webpage.single-media.photo.is-square-photo.is-in.can-have-tail, promises: Array(2), message: Object, reverse: true, updatePosition: true} @ http://localhost:8080/src/lib/logger.ts:106
[  849074ms] [LOG] %s [848.512] [CHAT] [BATCH-PROCESSOR-1] [queue] render item time 14.200000000186265 {bubble: div.bubble.is-in.can-have-tail, promises: Array(1), message: Object, reverse: true, updatePosition: true} @ http://localhost:8080/src/lib/logger.ts:106
[  849074ms] [LOG] %s [848.512] [CHAT] [BATCH-PROCESSOR-1] [queue] render item time 14.299999999813735 {bubble: div.bubble.is-in.can-have-tail, promises: Array(1), message: Object, reverse: true, updatePosition: true} @ http://localhost:8080/src/lib/logger.ts:106
[  849074ms] [LOG] %s [848.512] [CHAT] [BATCH-PROCESSOR-1] [queue] render item time 14.400000000372529 {bubble: div.bubble.is-in.can-have-tail, promises: Array(1), message: Object, reverse: true, updatePosition: true} @ http://localhost:8080/src/lib/logger.ts:106
[  849074ms] [LOG] %s [848.513] [CHAT] [BATCH-PROCESSOR-1] [queue] render item time 14.599999999627471 {bubble: div.bubble.sticker.is-message-empty.has-floating-time.just-media.is-reply.hide-name.is-in, promises: Array(1), message: Object, reverse: true, updatePosition: true} @ http://localhost:8080/src/lib/logger.ts:106
[  849079ms] [LOG] %s [848.517] [CHAT] [BATCH-PROCESSOR-1] [queue] render item time 19.200000000186265 {bubble: div.bubble.emoji-big.can-have-big-emoji.sticker.sticker-animated.is-message-empty.has-floating-time…, promises: Array(1), message: Object, reverse: true, updatePosition: true} @ http://localhost:8080/src/lib/logger.ts:106
[  849079ms] [LOG] %s [848.518] [CHAT] [BATCH-PROCESSOR-1] [queue] messages rendered @ http://localhost:8080/src/lib/logger.ts:106
[  849083ms] [LOG] %s [848.521] [CHAT] [BATCH-PROCESSOR-1] [queue] changed ends true false @ http://localhost:8080/src/lib/logger.ts:106
[  849083ms] [LOG] %s [848.522] [CHAT] [BATCH-PROCESSOR-1] [queue] media promises to call [Promise, Promise, Promise, Promise, Promise, Promise, Promise, Promise, Promise, Promise, Promise, Promise, Promise, Promise, Promise, Promise, Promise, Promise, Promise, Promise, Promise, Promise, Promise, Promise, Promise, Promise, Promise, Promise, Promise, Promise, Promise, Promise, Promise, Promise, Promise, Promise, Promise, Promise, Promise, Promise] [Object, Object, Object, Object, Object, Object, Object, Object, Object, Object, Object, Object, Object, Object, Object, Object, Object, Object, Object, Object, Object, Object, Object, Object, Object, Object, Object] false @ http://localhost:8080/src/lib/logger.ts:106
[  849084ms] [LOG] %s [848.522] [CHAT] [BATCH-PROCESSOR-1] [queue] media message time 0.900000000372529 0 Promise @ http://localhost:8080/src/lib/logger.ts:106
[  849084ms] [LOG] %s [848.523] [CHAT] [BATCH-PROCESSOR-1] [queue] media message time 0.900000000372529 0 Promise @ http://localhost:8080/src/lib/logger.ts:106
[  849084ms] [LOG] %s [848.523] [CHAT] [BATCH-PROCESSOR-1] [queue] media message time 0.900000000372529 0 Promise @ http://localhost:8080/src/lib/logger.ts:106
[  849085ms] [LOG] %s [848.523] [CHAT] [BATCH-PROCESSOR-1] [queue] media message time 0.900000000372529 0 Promise @ http://localhost:8080/src/lib/logger.ts:106
[  849085ms] [LOG] %s [848.523] [CHAT] [BATCH-PROCESSOR-1] [queue] media message time 0.900000000372529 0 Promise @ http://localhost:8080/src/lib/logger.ts:106
[  849085ms] [LOG] %s [848.524] [CHAT] [BATCH-PROCESSOR-1] [queue] media message time 0.900000000372529 0 Promise @ http://localhost:8080/src/lib/logger.ts:106
[  849085ms] [LOG] %s [848.524] [CHAT] [BATCH-PROCESSOR-1] [queue] media message time 0.900000000372529 0 Promise @ http://localhost:8080/src/lib/logger.ts:106
[  849086ms] [LOG] %s [848.524] [CHAT] [BATCH-PROCESSOR-1] [queue] media message time 0.900000000372529 0 Promise @ http://localhost:8080/src/lib/logger.ts:106
[  849086ms] [LOG] %s [848.524] [CHAT] [BATCH-PROCESSOR-1] [queue] media message time 0.900000000372529 0 Promise @ http://localhost:8080/src/lib/logger.ts:106
[  849086ms] [LOG] %s [848.525] [CHAT] [BATCH-PROCESSOR-1] [queue] media message time 0.900000000372529 0 Promise @ http://localhost:8080/src/lib/logger.ts:106
[  849086ms] [LOG] %s [848.525] [CHAT] [BATCH-PROCESSOR-1] [queue] media message time 0.900000000372529 0 Promise @ http://localhost:8080/src/lib/logger.ts:106
[  849087ms] [LOG] %s [848.525] [CHAT] [BATCH-PROCESSOR-1] [queue] media message time 0.900000000372529 0 Promise @ http://localhost:8080/src/lib/logger.ts:106
[  849087ms] [LOG] %s [848.525] [CHAT] [BATCH-PROCESSOR-1] [queue] media message time 0.900000000372529 0 Promise @ http://localhost:8080/src/lib/logger.ts:106
[  849087ms] [LOG] %s [848.526] [CHAT] [BATCH-PROCESSOR-1] [queue] media message time 0.900000000372529 0 Promise @ http://localhost:8080/src/lib/logger.ts:106
[  849087ms] [LOG] %s [848.526] [CHAT] [BATCH-PROCESSOR-1] [queue] media message time 0.900000000372529 0 Promise @ http://localhost:8080/src/lib/logger.ts:106
[  849087ms] [LOG] %s [848.526] [CHAT] [BATCH-PROCESSOR-1] [queue] media message time 0.900000000372529 0 Promise @ http://localhost:8080/src/lib/logger.ts:106
[  849088ms] [LOG] %s [848.526] [CHAT] [BATCH-PROCESSOR-1] [queue] media message time 0.900000000372529 0 Promise @ http://localhost:8080/src/lib/logger.ts:106
[  849088ms] [LOG] %s [848.526] [CHAT] [BATCH-PROCESSOR-1] [queue] media message time 0.900000000372529 0 Promise @ http://localhost:8080/src/lib/logger.ts:106
[  849088ms] [LOG] %s [848.527] [CHAT] [BATCH-PROCESSOR-1] [queue] media message time 0.900000000372529 0 Promise @ http://localhost:8080/src/lib/logger.ts:106
[  849088ms] [LOG] %s [848.527] [CHAT] [BATCH-PROCESSOR-1] [queue] media message time 0.900000000372529 0 Promise @ http://localhost:8080/src/lib/logger.ts:106
[  849089ms] [LOG] %s [848.527] [CHAT] [BATCH-PROCESSOR-1] [queue] media message time 0.900000000372529 0 Promise @ http://localhost:8080/src/lib/logger.ts:106
[  849089ms] [LOG] %s [848.527] [CHAT] [BATCH-PROCESSOR-1] [queue] media message time 0.900000000372529 0 Promise @ http://localhost:8080/src/lib/logger.ts:106
[  849089ms] [LOG] %s [848.528] [CHAT] [BATCH-PROCESSOR-1] [queue] media message time 0.900000000372529 0 Promise @ http://localhost:8080/src/lib/logger.ts:106
[  849090ms] [LOG] %s [848.528] [CHAT] [BATCH-PROCESSOR-1] [queue] media message time 0.900000000372529 0 Promise @ http://localhost:8080/src/lib/logger.ts:106
[  849090ms] [LOG] %s [848.528] [CHAT] [BATCH-PROCESSOR-1] [queue] media message time 0.900000000372529 1 Promise @ http://localhost:8080/src/lib/logger.ts:106
[  849090ms] [LOG] %s [848.529] [CHAT] [BATCH-PROCESSOR-1] [queue] media message time 0.900000000372529 0 Promise @ http://localhost:8080/src/lib/logger.ts:106
[  849090ms] [LOG] %s [848.529] [CHAT] [BATCH-PROCESSOR-1] [queue] media message time 0.900000000372529 0 Promise @ http://localhost:8080/src/lib/logger.ts:106
[  849091ms] [LOG] %s [848.529] [CHAT] [BATCH-PROCESSOR-1] [queue] media message time 0.7999999998137355 0 Promise @ http://localhost:8080/src/lib/logger.ts:106
[  849105ms] [LOG] %s [848.544] [CHAT] [BATCH-PROCESSOR-1] [queue] media promises end @ http://localhost:8080/src/lib/logger.ts:106
[  849106ms] [LOG] %s [848.544] [CHAT] [BATCH-PROCESSOR-1] [queue] queue rendered @ http://localhost:8080/src/lib/logger.ts:106
[  849106ms] [LOG] %s [848.544] [CHAT] [BATCH-PROCESSOR-1] [queue] end @ http://localhost:8080/src/lib/logger.ts:106
[  849106ms] [LOG] %s [848.544] [CHAT--1282153693-chat] [perform-575] performHistoryResult end @ http://localhost:8080/src/lib/logger.ts:106
[  849106ms] [WARNING] %s [848.545] [CHAT] [setPeer] promise fulfilled @ http://localhost:8080/src/lib/logger.ts:126
[  849106ms] [WARNING] %s [848.545] [CHAT] [setPeer] finishing peer change @ http://localhost:8080/src/lib/logger.ts:126
[  849111ms] [LOG] %s [848.549] [CHAT] [handleBackgrounds] updating Proxy(Object) undefined undefined @ http://localhost:8080/src/lib/logger.ts:106
[  849111ms] [WARNING] %s [848.550] [CHAT--1282153693-chat] [848.550] start topbar @ http://localhost:8080/src/lib/logger.ts:126
[  849111ms] [WARNING] %s [848.550] [CHAT--1282153693-chat] [848.550] start bubbles @ http://localhost:8080/src/lib/logger.ts:126
[  849111ms] [WARNING] %s [848.550] [CHAT--1282153693-chat] [848.550] start input @ http://localhost:8080/src/lib/logger.ts:126
[  849111ms] [WARNING] %s [848.550] [CHAT--1282153693-chat] [848.550] start sharedMedia @ http://localhost:8080/src/lib/logger.ts:126
[  849112ms] [WARNING] %s [848.550] [CHAT--1282153693-chat] [848.550] start backgrounds @ http://localhost:8080/src/lib/logger.ts:126
[  849112ms] [WARNING] %s [848.550] [CHAT--1282153693-chat] [848.550] end backgrounds 0.2999999998137355 @ http://localhost:8080/src/lib/logger.ts:126
[  849116ms] [LOG] %s [848.554] [PM] setPinnedMessage: fromTop true 1 0 @ http://localhost:8080/src/lib/logger.ts:106
[  849116ms] [WARNING] %s [848.555] [CHAT--1282153693-chat] [848.555] end sharedMedia 4.7999999998137355 @ http://localhost:8080/src/lib/logger.ts:126
[  849117ms] [WARNING] %s [848.556] [CHAT--1282153693-chat] [848.556] end bubbles 5.8999999994412065 @ http://localhost:8080/src/lib/logger.ts:126
[  849117ms] [WARNING] %s [848.556] [CHAT--1282153693-chat] [848.556] end topbar 6.2000000001862645 @ http://localhost:8080/src/lib/logger.ts:126
[  849118ms] [WARNING] %s [848.556] [CHAT--1282153693-chat] [848.556] end input 6.5 @ http://localhost:8080/src/lib/logger.ts:126
[  849118ms] [LOG] %s [848.556] [SEARCH-SUPER] load true -2067219984 {} @ http://localhost:8080/src/lib/logger.ts:106
[  849121ms] [LOG] %s [848.560] [SWIPE-HANDLER] remove listeners @ http://localhost:8080/src/lib/logger.ts:106
[  849121ms] [LOG] %s [848.560] [SWIPE-HANDLER] reset @ http://localhost:8080/src/lib/logger.ts:106
[  849122ms] [WARNING] %s [848.560] [CHAT] [setPeer] finished peer change @ http://localhost:8080/src/lib/logger.ts:126
[  849132ms] [LOG] %s [848.571] [PM] [setCorrectIndex] direction 0 mid 4295644696 @ http://localhost:8080/src/lib/logger.ts:106
[  849133ms] [LOG] %s [848.571] [PM] [getCurrentIndex] start 4295644696 true @ http://localhost:8080/src/lib/logger.ts:106
[  849133ms] [WARNING] %s [848.571] [CHAT] [setPeer] mounted chat true JSHandle@node 89.69999999925494 @ http://localhost:8080/src/lib/logger.ts:126
[  849133ms] [LOG] %s [848.572] [PM] handleFollowingPinnedMessage @ http://localhost:8080/src/lib/logger.ts:106
[  849135ms] [LOG] %s [848.574] [SWIPE-HANDLER] reset @ http://localhost:8080/src/lib/logger.ts:106
[  849135ms] [LOG] %s [848.574] [SWIPE-HANDLER] reset @ http://localhost:8080/src/lib/logger.ts:106
[  849135ms] [LOG] %s [848.574] [SWIPE-HANDLER] reset @ http://localhost:8080/src/lib/logger.ts:106
[  849140ms] [WARNING] %s [848.579] [NC] replace @ http://localhost:8080/src/lib/logger.ts:126
[  849140ms] [LOG] %s [848.579] [NC] [navigate] NavigateEvent NavigationHistoryEntry @ http://localhost:8080/src/lib/logger.ts:106
[  849146ms] [LOG] %s [848.584] [CHAT] [setPeer] scrolledAllDown: false @ http://localhost:8080/src/lib/logger.ts:106
[  849147ms] [LOG] %s [848.585] [PM] [getCurrentIndex] result 4295644696 {count: 8, history: Array(8), isEnd: Object, offsetIdOffset: 1, messages: undefined} 1 0 true true @ http://localhost:8080/src/lib/logger.ts:106
[  849147ms] [LOG] %s [848.585] [PM] handleFollowingPinnedMessage: unlock @ http://localhost:8080/src/lib/logger.ts:106
[  849149ms] [LOG] %s [848.587] [IM] selectTab 1 1 @ http://localhost:8080/src/lib/logger.ts:106
[  849233ms] [LOG] %s [848.672] [PM] [setCorrectIndex] direction 0 mid 4295644696 @ http://localhost:8080/src/lib/logger.ts:106
[  849683ms] [LOG] %s [849.121] [NOTIFICATIONS] cancel msg_1_-2067219984_4295721852 undefined @ http://localhost:8080/src/lib/logger.ts:106
[  849769ms] [LOG] %s [849.207] [CHAT] [handleBackgrounds] updating Proxy(Object) undefined undefined @ http://localhost:8080/src/lib/logger.ts:106
[  850320ms] [LOG] %s [849.758] [BATCH-PROCESSOR-7] [queue] setting pause @ http://localhost:8080/src/lib/logger.ts:106
[  850337ms] [LOG] %s [849.775] [BATCH-PROCESSOR-7] [queue] start 47 @ http://localhost:8080/src/lib/logger.ts:106
[  850347ms] [LOG] %s [849.785] [BATCH-PROCESSOR-7] [queue] queue rendered @ http://localhost:8080/src/lib/logger.ts:106
[  850347ms] [LOG] %s [849.785] [BATCH-PROCESSOR-7] [queue] end @ http://localhost:8080/src/lib/logger.ts:106
[  850551ms] [LOG] %s [849.989] [SWIPE-HANDLER] reset @ http://localhost:8080/src/lib/logger.ts:106
[  850551ms] [LOG] %s [849.989] [SWIPE-HANDLER] reset @ http://localhost:8080/src/lib/logger.ts:106
[  850551ms] [LOG] %s [849.989] [SWIPE-HANDLER] reset @ http://localhost:8080/src/lib/logger.ts:106
[  850551ms] [WARNING] %s [849.990] [CHAT] [setPeer] start @ http://localhost:8080/src/lib/logger.ts:126
[  850555ms] [LOG] %s [849.993] [CHAT] [setPeer] setPeer peerId: -2067219984 Proxy(Object) -2067219984_4295721854 -2067219984_4295721854 @ http://localhost:8080/src/lib/logger.ts:106
[  850555ms] [LOG] %s [849.993] [CHAT--2067219984-chat] cleanup @ http://localhost:8080/src/lib/logger.ts:106
[  850555ms] [LOG] %s [849.993] [CHAT] [BATCH-PROCESSOR-1] clear @ http://localhost:8080/src/lib/logger.ts:106
[  850556ms] [LOG] %s [849.994] [CHAT--2067219984-chat] i vin brehnya {cached: true, result: Promise} -2067219984_4295721818 0 0 @ http://localhost:8080/src/lib/logger.ts:106
[  850556ms] [WARNING] %s [849.995] [CHAT] [setPeer] got history @ http://localhost:8080/src/lib/logger.ts:126
[  850556ms] [LOG] %s [849.995] [CHAT--2067219984-chat] [perform-321] start null {history: Array(18)} @ http://localhost:8080/src/lib/logger.ts:106
[  850556ms] [LOG] %s [849.995] [CHAT] [setLoaded] change bottom true @ http://localhost:8080/src/lib/logger.ts:106
[  850556ms] [LOG] %s [849.995] [CHAT--2067219984-chat] [perform-313] start null {count: 415141, history: Array(0), isEnd: Object, offsetIdOffset: 18, messages: undefined} @ http://localhost:8080/src/lib/logger.ts:106
[  850558ms] [LOG] %s [849.996] [CHAT] [BATCH-PROCESSOR-1] [queue] setting pause @ http://localhost:8080/src/lib/logger.ts:106
[  850561ms] [LOG] %s [850.000] [CHAT] [BATCH-PROCESSOR-1] [queue] start 18 @ http://localhost:8080/src/lib/logger.ts:106
[  850564ms] [LOG] %s [850.003] [CHAT] [BATCH-PROCESSOR-1] [queue] render item time 3.099999999627471 {bubble: div.bubble.is-in.can-have-tail, promises: Array(1), message: Object, reverse: true, updatePosition: true} @ http://localhost:8080/src/lib/logger.ts:106
[  850565ms] [LOG] %s [850.003] [CHAT] [BATCH-PROCESSOR-1] [queue] render item time 3.2999999998137355 {bubble: div.bubble.is-in.can-have-tail, promises: Array(1), message: Object, reverse: true, updatePosition: true} @ http://localhost:8080/src/lib/logger.ts:106
[  850565ms] [LOG] %s [850.003] [CHAT] [BATCH-PROCESSOR-1] [queue] render item time 3.5 {bubble: div.bubble.is-in.can-have-tail, promises: Array(1), message: Object, reverse: true, updatePosition: true} @ http://localhost:8080/src/lib/logger.ts:106
[  850565ms] [LOG] %s [850.003] [CHAT] [BATCH-PROCESSOR-1] [queue] render item time 3.599999999627471 {bubble: div.bubble.with-reply-markup.is-in.can-have-tail, promises: Array(1), message: Object, reverse: true, updatePosition: true} @ http://localhost:8080/src/lib/logger.ts:106
[  850565ms] [LOG] %s [850.003] [CHAT] [BATCH-PROCESSOR-1] [queue] render item time 3.599999999627471 {bubble: div.bubble.is-in.can-have-tail, promises: Array(1), message: Object, reverse: true, updatePosition: true} @ http://localhost:8080/src/lib/logger.ts:106
[  850565ms] [LOG] %s [850.004] [CHAT] [BATCH-PROCESSOR-1] [queue] render item time 3.7999999998137355 {bubble: div.bubble.is-in.can-have-tail, promises: Array(1), message: Object, reverse: true, updatePosition: true} @ http://localhost:8080/src/lib/logger.ts:106
[  850565ms] [LOG] %s [850.004] [CHAT] [BATCH-PROCESSOR-1] [queue] render item time 3.8999999994412065 {bubble: div.bubble.is-in.can-have-tail, promises: Array(1), message: Object, reverse: true, updatePosition: true} @ http://localhost:8080/src/lib/logger.ts:106
[  850565ms] [LOG] %s [850.004] [CHAT] [BATCH-PROCESSOR-1] [queue] render item time 4 {bubble: div.bubble.is-in.can-have-tail, promises: Array(1), message: Object, reverse: true, updatePosition: true} @ http://localhost:8080/src/lib/logger.ts:106
[  850565ms] [LOG] %s [850.004] [CHAT] [BATCH-PROCESSOR-1] [queue] render item time 4.099999999627471 {bubble: div.bubble.is-in.can-have-tail, promises: Array(1), message: Object, reverse: true, updatePosition: true} @ http://localhost:8080/src/lib/logger.ts:106
[  850565ms] [LOG] %s [850.004] [CHAT] [BATCH-PROCESSOR-1] [queue] render item time 4.2000000001862645 {bubble: div.bubble.is-in.can-have-tail, promises: Array(1), message: Object, reverse: true, updatePosition: true} @ http://localhost:8080/src/lib/logger.ts:106
[  850565ms] [LOG] %s [850.004] [CHAT] [BATCH-PROCESSOR-1] [queue] render item time 4.2999999998137355 {bubble: div.bubble.is-in.can-have-tail, promises: Array(1), message: Object, reverse: true, updatePosition: true} @ http://localhost:8080/src/lib/logger.ts:106
[  850566ms] [LOG] %s [850.004] [CHAT] [BATCH-PROCESSOR-1] [queue] render item time 4.3999999994412065 {bubble: div.bubble.is-in.can-have-tail, promises: Array(1), message: Object, reverse: true, updatePosition: true} @ http://localhost:8080/src/lib/logger.ts:106
[  850566ms] [LOG] %s [850.005] [CHAT] [BATCH-PROCESSOR-1] [queue] render item time 4.7999999998137355 {bubble: div.bubble.with-reply-markup.is-reply.is-in.can-have-tail, promises: Array(1), message: Object, reverse: true, updatePosition: true} @ http://localhost:8080/src/lib/logger.ts:106
[  850566ms] [LOG] %s [850.005] [CHAT] [BATCH-PROCESSOR-1] [queue] render item time 5 {bubble: div.bubble.with-reply-markup.is-reply.is-in.can-have-tail, promises: Array(1), message: Object, reverse: true, updatePosition: true} @ http://localhost:8080/src/lib/logger.ts:106
[  850566ms] [LOG] %s [850.005] [CHAT] [BATCH-PROCESSOR-1] [queue] render item time 5.2000000001862645 {bubble: div.bubble.is-reply.is-in.can-have-tail, promises: Array(1), message: Object, reverse: true, updatePosition: true} @ http://localhost:8080/src/lib/logger.ts:106
[  850566ms] [LOG] %s [850.005] [CHAT] [BATCH-PROCESSOR-1] [queue] render item time 5.2000000001862645 {bubble: div.bubble.is-reply.is-in.can-have-tail, promises: Array(1), message: Object, reverse: true, updatePosition: true} @ http://localhost:8080/src/lib/logger.ts:106
[  850567ms] [LOG] %s [850.005] [CHAT] [BATCH-PROCESSOR-1] [queue] render item time 5.2999999998137355 {bubble: div.bubble.is-reply.is-in.can-have-tail, promises: Array(1), message: Object, reverse: true, updatePosition: true} @ http://localhost:8080/src/lib/logger.ts:106
[  850568ms] [LOG] %s [850.006] [CHAT] [BATCH-PROCESSOR-1] [queue] render item time 6.599999999627471 {bubble: div.bubble.emoji-big.can-have-big-emoji.sticker.sticker-animated.is-message-empty.has-floating-time…, promises: Array(1), message: Object, reverse: true, updatePosition: true} @ http://localhost:8080/src/lib/logger.ts:106
[  850568ms] [LOG] %s [850.007] [CHAT] [BATCH-PROCESSOR-1] [queue] messages rendered @ http://localhost:8080/src/lib/logger.ts:106
[  850572ms] [LOG] %s [850.011] [CHAT] [BATCH-PROCESSOR-1] [queue] changed ends true false @ http://localhost:8080/src/lib/logger.ts:106
[  850573ms] [LOG] %s [850.011] [CHAT] [BATCH-PROCESSOR-1] [queue] media promises to call [Promise, Promise, Promise, Promise, Promise, Promise, Promise, Promise, Promise, Promise, Promise, Promise, Promise, Promise, Promise, Promise, Promise, Promise, Promise, Promise, Promise, Promise, Promise, Promise, Promise, Promise, Promise, Promise, Promise, Promise, Promise, Promise, Promise, Promise, Promise] [Object, Object, Object, Object, Object, Object, Object, Object, Object, Object, Object, Object, Object, Object, Object, Object, Object, Object] false @ http://localhost:8080/src/lib/logger.ts:106
[  850575ms] [LOG] %s [850.013] [CHAT] [BATCH-PROCESSOR-1] [queue] media message time 1.8999999994412065 0 Promise @ http://localhost:8080/src/lib/logger.ts:106
[  850575ms] [LOG] %s [850.013] [CHAT] [BATCH-PROCESSOR-1] [queue] media message time 1.8999999994412065 0 Promise @ http://localhost:8080/src/lib/logger.ts:106
[  850575ms] [LOG] %s [850.014] [CHAT] [BATCH-PROCESSOR-1] [queue] media message time 1.8999999994412065 0 Promise @ http://localhost:8080/src/lib/logger.ts:106
[  850575ms] [LOG] %s [850.014] [CHAT] [BATCH-PROCESSOR-1] [queue] media message time 1.8999999994412065 0 Promise @ http://localhost:8080/src/lib/logger.ts:106
[  850576ms] [LOG] %s [850.014] [CHAT] [BATCH-PROCESSOR-1] [queue] media message time 1.8999999994412065 0 Promise @ http://localhost:8080/src/lib/logger.ts:106
[  850576ms] [LOG] %s [850.014] [CHAT] [BATCH-PROCESSOR-1] [queue] media message time 1.8999999994412065 0 Promise @ http://localhost:8080/src/lib/logger.ts:106
[  850576ms] [LOG] %s [850.015] [CHAT] [BATCH-PROCESSOR-1] [queue] media message time 1.8999999994412065 0 Promise @ http://localhost:8080/src/lib/logger.ts:106
[  850576ms] [LOG] %s [850.015] [CHAT] [BATCH-PROCESSOR-1] [queue] media message time 1.8999999994412065 0 Promise @ http://localhost:8080/src/lib/logger.ts:106
[  850577ms] [LOG] %s [850.015] [CHAT] [BATCH-PROCESSOR-1] [queue] media message time 1.8999999994412065 0 Promise @ http://localhost:8080/src/lib/logger.ts:106
[  850577ms] [LOG] %s [850.015] [CHAT] [BATCH-PROCESSOR-1] [queue] media message time 1.8999999994412065 0 Promise @ http://localhost:8080/src/lib/logger.ts:106
[  850577ms] [LOG] %s [850.016] [CHAT] [BATCH-PROCESSOR-1] [queue] media message time 1.8999999994412065 0 Promise @ http://localhost:8080/src/lib/logger.ts:106
[  850577ms] [LOG] %s [850.016] [CHAT] [BATCH-PROCESSOR-1] [queue] media message time 1.8999999994412065 0 Promise @ http://localhost:8080/src/lib/logger.ts:106
[  850578ms] [LOG] %s [850.016] [CHAT] [BATCH-PROCESSOR-1] [queue] media message time 1.8999999994412065 0 Promise @ http://localhost:8080/src/lib/logger.ts:106
[  850578ms] [LOG] %s [850.017] [CHAT] [BATCH-PROCESSOR-1] [queue] media message time 1.8999999994412065 0 Promise @ http://localhost:8080/src/lib/logger.ts:106
[  850578ms] [LOG] %s [850.017] [CHAT] [BATCH-PROCESSOR-1] [queue] media message time 1.8999999994412065 0 Promise @ http://localhost:8080/src/lib/logger.ts:106
[  850578ms] [LOG] %s [850.017] [CHAT] [BATCH-PROCESSOR-1] [queue] media message time 1.8999999994412065 0 Promise @ http://localhost:8080/src/lib/logger.ts:106
[  850579ms] [LOG] %s [850.017] [CHAT] [BATCH-PROCESSOR-1] [queue] media message time 1.8999999994412065 0 Promise @ http://localhost:8080/src/lib/logger.ts:106
[  850579ms] [LOG] %s [850.017] [CHAT] [BATCH-PROCESSOR-1] [queue] media message time 1.8999999994412065 0 Promise @ http://localhost:8080/src/lib/logger.ts:106
[  850587ms] [LOG] %s [850.025] [CHAT] [BATCH-PROCESSOR-1] [queue] media promises end @ http://localhost:8080/src/lib/logger.ts:106
[  850587ms] [LOG] %s [850.026] [CHAT] [BATCH-PROCESSOR-1] [queue] queue rendered @ http://localhost:8080/src/lib/logger.ts:106
[  850588ms] [LOG] %s [850.026] [CHAT] [BATCH-PROCESSOR-1] [queue] end @ http://localhost:8080/src/lib/logger.ts:106
[  850588ms] [LOG] %s [850.026] [CHAT--2067219984-chat] [perform-313] performHistoryResult end @ http://localhost:8080/src/lib/logger.ts:106
[  850588ms] [LOG] %s [850.026] [CHAT--2067219984-chat] [perform-321] performHistoryResult end @ http://localhost:8080/src/lib/logger.ts:106
[  850588ms] [WARNING] %s [850.026] [CHAT] [setPeer] promise fulfilled @ http://localhost:8080/src/lib/logger.ts:126
[  850606ms] [LOG] %s [850.044] [PM] [setCorrectIndex] direction 0 mid 4295721854 @ http://localhost:8080/src/lib/logger.ts:106
[  850606ms] [WARNING] %s [850.044] [CHAT] [setPeer] mounted chat true JSHandle@node 54.799999999813735 @ http://localhost:8080/src/lib/logger.ts:126
[  850606ms] [LOG] [HEAVY-ANIMATION]: start @ http://localhost:8080/src/hooks/useHeavyAnimationCheck.ts:17
[  850606ms] [LOG] [HEAVY-ANIMATION]: attach promise, length: 1 undefined @ http://localhost:8080/src/hooks/useHeavyAnimationCheck.ts:20
[  850608ms] [LOG] %s [850.046] [PM] [setCorrectIndex] direction 0 mid 4295721839 @ http://localhost:8080/src/lib/logger.ts:106
[  850608ms] [LOG] %s [850.046] [PM] setPinnedMessage: fromTop false 0 1 @ http://localhost:8080/src/lib/logger.ts:106
[  850608ms] [LOG] %s [850.046] [PM] [getCurrentIndex] start undefined true @ http://localhost:8080/src/lib/logger.ts:106
[  850617ms] [LOG] %s [850.056] [PM] [getCurrentIndex] result undefined {count: 8, history: Array(8), isEnd: Object, offsetIdOffset: 0, messages: undefined} 8 0 true true @ http://localhost:8080/src/lib/logger.ts:106
[  850618ms] [LOG] %s [850.056] [PM] [setCorrectIndex] direction 0 mid 4295721839 @ http://localhost:8080/src/lib/logger.ts:106
[  850618ms] [LOG] %s [850.056] [CHAT] [setPeer] scrolledAllDown: true @ http://localhost:8080/src/lib/logger.ts:106
[  850628ms] [LOG] %s [850.067] [CHAT--2067219984-chat] will readHistory by maxId: 4295721839 @ http://localhost:8080/src/lib/logger.ts:106
[  850632ms] [LOG] %s [850.070] [NOTIFICATIONS] cancel msg_1_-2067219984_4295721839 undefined @ http://localhost:8080/src/lib/logger.ts:106
[  850632ms] [LOG] %s [850.070] [NOTIFICATIONS] cancel msg_1_-2067219984_4295721832 undefined @ http://localhost:8080/src/lib/logger.ts:106
[  850632ms] [LOG] %s [850.070] [NOTIFICATIONS] cancel msg_1_-2067219984_4295721825 undefined @ http://localhost:8080/src/lib/logger.ts:106
[  850632ms] [LOG] %s [850.070] [NOTIFICATIONS] cancel msg_1_-2067219984_4295721823 undefined @ http://localhost:8080/src/lib/logger.ts:106
[  850632ms] [LOG] %s [850.070] [NOTIFICATIONS] cancel msg_1_-2067219984_4295721821 undefined @ http://localhost:8080/src/lib/logger.ts:106
[  850632ms] [LOG] %s [850.070] [NOTIFICATIONS] cancel msg_1_-2067219984_4295721820 undefined @ http://localhost:8080/src/lib/logger.ts:106
[  850632ms] [LOG] %s [850.071] [NOTIFICATIONS] cancel msg_1_-2067219984_4295721819 undefined @ http://localhost:8080/src/lib/logger.ts:106
[  850632ms] [LOG] %s [850.071] [NOTIFICATIONS] cancel msg_1_-2067219984_4295721818 undefined @ http://localhost:8080/src/lib/logger.ts:106
[  850632ms] [LOG] %s [850.071] [NOTIFICATIONS] cancel msg_1_-2067219984_4295721817 undefined @ http://localhost:8080/src/lib/logger.ts:106
[  850632ms] [LOG] %s [850.071] [NOTIFICATIONS] cancel msg_1_-2067219984_4295721816 undefined @ http://localhost:8080/src/lib/logger.ts:106
[  850632ms] [LOG] %s [850.071] [NOTIFICATIONS] cancel msg_1_-2067219984_4295721815 undefined @ http://localhost:8080/src/lib/logger.ts:106
[  850632ms] [LOG] %s [850.071] [NOTIFICATIONS] cancel msg_1_-2067219984_4295721814 undefined @ http://localhost:8080/src/lib/logger.ts:106
[  850632ms] [LOG] %s [850.071] [NOTIFICATIONS] cancel msg_1_-2067219984_4295721812 undefined @ http://localhost:8080/src/lib/logger.ts:106
[  850632ms] [LOG] %s [850.071] [NOTIFICATIONS] cancel msg_1_-2067219984_4295721811 undefined @ http://localhost:8080/src/lib/logger.ts:106
[  850633ms] [LOG] %s [850.071] [NOTIFICATIONS] cancel msg_1_-2067219984_4295721810 undefined @ http://localhost:8080/src/lib/logger.ts:106
[  850633ms] [LOG] %s [850.071] [NOTIFICATIONS] cancel msg_1_-2067219984_4295721809 undefined @ http://localhost:8080/src/lib/logger.ts:106
[  850633ms] [LOG] %s [850.071] [NOTIFICATIONS] cancel msg_1_-2067219984_4295721807 undefined @ http://localhost:8080/src/lib/logger.ts:106
[  850633ms] [LOG] %s [850.071] [NOTIFICATIONS] cancel msg_1_-2067219984_4295721805 undefined @ http://localhost:8080/src/lib/logger.ts:106
[  850633ms] [LOG] %s [850.071] [NOTIFICATIONS] cancel msg_1_-2067219984_4295721803 undefined @ http://localhost:8080/src/lib/logger.ts:106
[  850633ms] [LOG] %s [850.071] [NOTIFICATIONS] cancel msg_1_-2067219984_4295721799 undefined @ http://localhost:8080/src/lib/logger.ts:106
[  850633ms] [LOG] %s [850.071] [NOTIFICATIONS] cancel msg_1_-2067219984_4295721793 undefined @ http://localhost:8080/src/lib/logger.ts:106
[  850633ms] [LOG] %s [850.072] [NOTIFICATIONS] cancel msg_1_-2067219984_4295721791 undefined @ http://localhost:8080/src/lib/logger.ts:106
[  850633ms] [LOG] %s [850.072] [NOTIFICATIONS] cancel msg_1_-2067219984_4295721790 undefined @ http://localhost:8080/src/lib/logger.ts:106
[  850633ms] [LOG] %s [850.072] [NOTIFICATIONS] cancel msg_1_-2067219984_4295721789 undefined @ http://localhost:8080/src/lib/logger.ts:106
[  850633ms] [LOG] %s [850.072] [NOTIFICATIONS] cancel msg_1_-2067219984_4295721788 undefined @ http://localhost:8080/src/lib/logger.ts:106
[  850633ms] [LOG] %s [850.072] [NOTIFICATIONS] cancel msg_1_-2067219984_4295721782 undefined @ http://localhost:8080/src/lib/logger.ts:106
[  850633ms] [LOG] %s [850.072] [NOTIFICATIONS] cancel msg_1_-2067219984_4295721775 undefined @ http://localhost:8080/src/lib/logger.ts:106
[  850633ms] [LOG] %s [850.072] [NOTIFICATIONS] cancel msg_1_-2067219984_4295721771 undefined @ http://localhost:8080/src/lib/logger.ts:106
[  850634ms] [LOG] %s [850.072] [NOTIFICATIONS] cancel msg_1_-2067219984_4295721770 undefined @ http://localhost:8080/src/lib/logger.ts:106
[  850634ms] [LOG] %s [850.072] [NOTIFICATIONS] cancel msg_1_-2067219984_4295721769 undefined @ http://localhost:8080/src/lib/logger.ts:106
[  850634ms] [LOG] %s [850.072] [NOTIFICATIONS] cancel msg_1_-2067219984_4295721768 undefined @ http://localhost:8080/src/lib/logger.ts:106
[  850634ms] [LOG] %s [850.072] [NOTIFICATIONS] cancel msg_1_-2067219984_4295721766 undefined @ http://localhost:8080/src/lib/logger.ts:106
[  850634ms] [LOG] %s [850.072] [NOTIFICATIONS] cancel msg_1_-2067219984_4295721765 undefined @ http://localhost:8080/src/lib/logger.ts:106
[  850634ms] [LOG] %s [850.072] [NOTIFICATIONS] cancel msg_1_-2067219984_4295721764 undefined @ http://localhost:8080/src/lib/logger.ts:106
[  850634ms] [LOG] %s [850.072] [NOTIFICATIONS] cancel msg_1_-2067219984_4295721762 undefined @ http://localhost:8080/src/lib/logger.ts:106
[  850634ms] [LOG] %s [850.072] [NOTIFICATIONS] cancel msg_1_-2067219984_4295721761 undefined @ http://localhost:8080/src/lib/logger.ts:106
[  850634ms] [LOG] %s [850.072] [NOTIFICATIONS] cancel msg_1_-2067219984_4295721760 undefined @ http://localhost:8080/src/lib/logger.ts:106
[  850634ms] [LOG] %s [850.073] [NOTIFICATIONS] cancel msg_1_-2067219984_4295721759 undefined @ http://localhost:8080/src/lib/logger.ts:106
[  850634ms] [LOG] %s [850.073] [NOTIFICATIONS] cancel msg_1_-2067219984_4295721758 undefined @ http://localhost:8080/src/lib/logger.ts:106
[  850634ms] [LOG] %s [850.073] [NOTIFICATIONS] cancel msg_1_-2067219984_4295721757 undefined @ http://localhost:8080/src/lib/logger.ts:106
[  850634ms] [LOG] %s [850.073] [NOTIFICATIONS] cancel msg_1_-2067219984_4295721756 undefined @ http://localhost:8080/src/lib/logger.ts:106
[  850634ms] [LOG] %s [850.073] [NOTIFICATIONS] cancel msg_1_-2067219984_4295721755 undefined @ http://localhost:8080/src/lib/logger.ts:106
[  850634ms] [LOG] %s [850.073] [NOTIFICATIONS] cancel msg_1_-2067219984_4295721754 undefined @ http://localhost:8080/src/lib/logger.ts:106
[  850634ms] [LOG] %s [850.073] [NOTIFICATIONS] cancel msg_1_-2067219984_4295721753 undefined @ http://localhost:8080/src/lib/logger.ts:106
[  850634ms] [LOG] %s [850.073] [NOTIFICATIONS] cancel msg_1_-2067219984_4295702696 undefined @ http://localhost:8080/src/lib/logger.ts:106
[  850634ms] [LOG] %s [850.073] [NOTIFICATIONS] cancel msg_1_-2067219984_4295644735 undefined @ http://localhost:8080/src/lib/logger.ts:106
[  850635ms] [LOG] %s [850.073] [NOTIFICATIONS] cancel msg_1_-2067219984_4295644733 undefined @ http://localhost:8080/src/lib/logger.ts:106
[  850635ms] [LOG] %s [850.073] [NOTIFICATIONS] cancel msg_1_-2067219984_4295644729 undefined @ http://localhost:8080/src/lib/logger.ts:106
[  850635ms] [LOG] %s [850.073] [NOTIFICATIONS] cancel msg_1_-2067219984_4295644726 undefined @ http://localhost:8080/src/lib/logger.ts:106
[  850635ms] [LOG] %s [850.073] [NOTIFICATIONS] cancel msg_1_-2067219984_4295644724 undefined @ http://localhost:8080/src/lib/logger.ts:106
[  850635ms] [LOG] %s [850.073] [NOTIFICATIONS] cancel msg_1_-2067219984_4295644723 undefined @ http://localhost:8080/src/lib/logger.ts:106
[  850635ms] [LOG] %s [850.073] [NOTIFICATIONS] cancel msg_1_-2067219984_4295644722 undefined @ http://localhost:8080/src/lib/logger.ts:106
[  850635ms] [LOG] %s [850.073] [NOTIFICATIONS] cancel msg_1_-2067219984_4295644721 undefined @ http://localhost:8080/src/lib/logger.ts:106
[  850635ms] [LOG] %s [850.073] [NOTIFICATIONS] cancel msg_1_-2067219984_4295644719 undefined @ http://localhost:8080/src/lib/logger.ts:106
[  850635ms] [LOG] %s [850.073] [NOTIFICATIONS] cancel msg_1_-2067219984_4295644718 undefined @ http://localhost:8080/src/lib/logger.ts:106
[  850635ms] [LOG] %s [850.074] [NOTIFICATIONS] cancel msg_1_-2067219984_4295644716 undefined @ http://localhost:8080/src/lib/logger.ts:106
[  850635ms] [LOG] %s [850.074] [NOTIFICATIONS] cancel msg_1_-2067219984_4295644713 undefined @ http://localhost:8080/src/lib/logger.ts:106
[  850635ms] [LOG] %s [850.074] [NOTIFICATIONS] cancel msg_1_-2067219984_4295644712 undefined @ http://localhost:8080/src/lib/logger.ts:106
[  850635ms] [LOG] %s [850.074] [NOTIFICATIONS] cancel msg_1_-2067219984_4295644710 undefined @ http://localhost:8080/src/lib/logger.ts:106
[  850635ms] [LOG] %s [850.074] [NOTIFICATIONS] cancel msg_1_-2067219984_4295644708 undefined @ http://localhost:8080/src/lib/logger.ts:106
[  850635ms] [LOG] %s [850.074] [NOTIFICATIONS] cancel msg_1_-2067219984_4295644706 undefined @ http://localhost:8080/src/lib/logger.ts:106
[  850635ms] [LOG] %s [850.074] [NOTIFICATIONS] cancel msg_1_-2067219984_4295644704 undefined @ http://localhost:8080/src/lib/logger.ts:106
[  850636ms] [LOG] %s [850.074] [NOTIFICATIONS] cancel msg_1_-2067219984_4295644703 undefined @ http://localhost:8080/src/lib/logger.ts:106
[  850636ms] [LOG] %s [850.074] [NOTIFICATIONS] cancel msg_1_-2067219984_4295644702 undefined @ http://localhost:8080/src/lib/logger.ts:106
[  850636ms] [LOG] %s [850.074] [NOTIFICATIONS] cancel msg_1_-2067219984_4295644701 undefined @ http://localhost:8080/src/lib/logger.ts:106
[  850636ms] [LOG] %s [850.074] [NOTIFICATIONS] cancel msg_1_-2067219984_4295644700 undefined @ http://localhost:8080/src/lib/logger.ts:106
[  850636ms] [LOG] %s [850.074] [NOTIFICATIONS] cancel msg_1_-2067219984_4295644699 undefined @ http://localhost:8080/src/lib/logger.ts:106
[  850636ms] [LOG] %s [850.074] [NOTIFICATIONS] cancel msg_1_-2067219984_4295644698 undefined @ http://localhost:8080/src/lib/logger.ts:106
[  850636ms] [LOG] %s [850.075] [NOTIFICATIONS] cancel msg_1_-2067219984_4295644697 undefined @ http://localhost:8080/src/lib/logger.ts:106
[  850683ms] [LOG] %s [850.121] [PM] [setCorrectIndex] direction 0 mid 4295721843 @ http://localhost:8080/src/lib/logger.ts:106
[  851176ms] [LOG] %s [850.615] [CHAT--2067219984-chat] will readHistory by maxId: 4295721854 @ http://localhost:8080/src/lib/logger.ts:106
[  851178ms] [LOG] %s [850.616] [NOTIFICATIONS] cancel msg_1_-2067219984_4295721854 undefined @ http://localhost:8080/src/lib/logger.ts:106
[  851178ms] [LOG] %s [850.616] [NOTIFICATIONS] cancel msg_1_-2067219984_4295721853 undefined @ http://localhost:8080/src/lib/logger.ts:106
[  851178ms] [LOG] %s [850.616] [NOTIFICATIONS] cancel msg_1_-2067219984_4295721851 undefined @ http://localhost:8080/src/lib/logger.ts:106
[  851178ms] [LOG] %s [850.616] [NOTIFICATIONS] cancel msg_1_-2067219984_4295721849 undefined @ http://localhost:8080/src/lib/logger.ts:106
[  851178ms] [LOG] %s [850.616] [NOTIFICATIONS] cancel msg_1_-2067219984_4295721848 undefined @ http://localhost:8080/src/lib/logger.ts:106
[  851178ms] [LOG] %s [850.616] [NOTIFICATIONS] cancel msg_1_-2067219984_4295721846 undefined @ http://localhost:8080/src/lib/logger.ts:106
[  851178ms] [LOG] %s [850.617] [NOTIFICATIONS] cancel msg_1_-2067219984_4295721843 undefined @ http://localhost:8080/src/lib/logger.ts:106
[  851178ms] [LOG] %s [850.617] [NOTIFICATIONS] cancel msg_1_-2067219984_4295721842 undefined @ http://localhost:8080/src/lib/logger.ts:106
[  851178ms] [LOG] %s [850.617] [NOTIFICATIONS] cancel msg_1_-2067219984_4295721841 undefined @ http://localhost:8080/src/lib/logger.ts:106
[  851178ms] [LOG] %s [850.617] [NOTIFICATIONS] cancel msg_1_-2067219984_4295721840 undefined @ http://localhost:8080/src/lib/logger.ts:106
[  851219ms] [LOG] [HEAVY-ANIMATION]: promise end, length: 0 613.0999999996275 @ http://localhost:8080/src/hooks/useHeavyAnimationCheck.ts:29
[  851220ms] [LOG] [HEAVY-ANIMATION]: end @ http://localhost:8080/src/hooks/useHeavyAnimationCheck.ts:45
[  851223ms] [ERROR] video load error JSHandle@node MediaError @ http://localhost:8080/src/components/wrappers/video.ts:513
[  851223ms] [ERROR] video load error JSHandle@node MediaError @ http://localhost:8080/src/components/wrappers/video.ts:513
[  851224ms] Error: leak
    at onVideoLeak (http://localhost:8080/src/helpers/dom/handleVideoLeak.ts:16:9)
    at testVideoLeak (http://localhost:8080/src/helpers/dom/handleVideoLeak.ts:32:9)
    at onTimeUpdate (http://localhost:8080/src/helpers/dom/handleVideoLeak.ts:42:41)
    at handleVideoLeak (http://localhost:8080/src/helpers/dom/handleVideoLeak.ts:47:3)
[  851224ms] Error: leak
    at onVideoLeak (http://localhost:8080/src/helpers/dom/handleVideoLeak.ts:16:9)
    at testVideoLeak (http://localhost:8080/src/helpers/dom/handleVideoLeak.ts:32:9)
    at onTimeUpdate (http://localhost:8080/src/helpers/dom/handleVideoLeak.ts:42:41)
    at handleVideoLeak (http://localhost:8080/src/helpers/dom/handleVideoLeak.ts:47:3)
[  851270ms] [LOG] %s [850.709] [CS] connecting false @ http://localhost:8080/src/lib/logger.ts:106
[  851271ms] [LOG] %s [850.709] [CS] setState false @ http://localhost:8080/src/lib/logger.ts:106
[  851338ms] [LOG] %s [850.777] [PM] [setCorrectIndex] direction 1 mid 4295721854 @ http://localhost:8080/src/lib/logger.ts:106
[  851647ms] [LOG] %s [851.086] [CS] connecting false @ http://localhost:8080/src/lib/logger.ts:106
[  851647ms] [LOG] %s [851.086] [CS] setState false @ http://localhost:8080/src/lib/logger.ts:106
[  851678ms] [LOG] %s [851.117] [CS] connecting false @ http://localhost:8080/src/lib/logger.ts:106
[  851679ms] [LOG] %s [851.117] [CS] setState false @ http://localhost:8080/src/lib/logger.ts:106
[  852086ms] [LOG] %s [851.524] [CS] setState: isShown: false @ http://localhost:8080/src/lib/logger.ts:106
[  852232ms] [LOG] %s [851.670] [DIALOGS] dialogs click list @ http://localhost:8080/src/lib/logger.ts:106
[  852238ms] [LOG] %s [851.676] [IM] saved pinned-only hint: {mid: 4295702696, index: 0, count: 8} @ http://localhost:8080/src/lib/logger.ts:106
[  852238ms] [WARNING] %s [851.677] [CHAT] [setPeer] start @ http://localhost:8080/src/lib/logger.ts:126
[  852238ms] [WARNING] %s [851.677] [CHAT--2067219984-chat] [851.677] start noForwards @ http://localhost:8080/src/lib/logger.ts:126
[  852238ms] [WARNING] %s [851.677] [CHAT--2067219984-chat] [851.677] start isRestricted @ http://localhost:8080/src/lib/logger.ts:126
[  852239ms] [WARNING] %s [851.677] [CHAT--2067219984-chat] [851.677] start isLikeGroup @ http://localhost:8080/src/lib/logger.ts:126
[  852239ms] [WARNING] %s [851.677] [CHAT--2067219984-chat] [851.677] start isRealGroup @ http://localhost:8080/src/lib/logger.ts:126
[  852239ms] [WARNING] %s [851.677] [CHAT--2067219984-chat] [851.677] start isMegagroup @ http://localhost:8080/src/lib/logger.ts:126
[  852239ms] [WARNING] %s [851.677] [CHAT--2067219984-chat] [851.677] start isBroadcast @ http://localhost:8080/src/lib/logger.ts:126
[  852239ms] [WARNING] %s [851.677] [CHAT--2067219984-chat] [851.677] start isChannel @ http://localhost:8080/src/lib/logger.ts:126
[  852239ms] [WARNING] %s [851.678] [CHAT--2067219984-chat] [851.677] start isBot @ http://localhost:8080/src/lib/logger.ts:126
[  852239ms] [WARNING] %s [851.678] [CHAT--2067219984-chat] [851.678] start isAnonymousSending @ http://localhost:8080/src/lib/logger.ts:126
[  852239ms] [WARNING] %s [851.678] [CHAT--2067219984-chat] [851.678] start isPremiumRequired @ http://localhost:8080/src/lib/logger.ts:126
[  852239ms] [WARNING] %s [851.678] [CHAT--2067219984-chat] [851.678] start starsAmount @ http://localhost:8080/src/lib/logger.ts:126
[  852239ms] [WARNING] %s [851.678] [CHAT--2067219984-chat] [851.678] start canManageDirectMessages @ http://localhost:8080/src/lib/logger.ts:126
[  852240ms] [WARNING] %s [851.678] [CHAT--2067219984-chat] [851.678] end isPremiumRequired 0.40000000037252903 @ http://localhost:8080/src/lib/logger.ts:126
[  852240ms] [WARNING] %s [851.678] [CHAT--2067219984-chat] [851.678] end noForwards 1.7000000001862645 @ http://localhost:8080/src/lib/logger.ts:126
[  852240ms] [WARNING] %s [851.679] [CHAT--2067219984-chat] [851.678] end isRestricted 1.5 @ http://localhost:8080/src/lib/logger.ts:126
[  852240ms] [WARNING] %s [851.679] [CHAT--2067219984-chat] [851.679] end isRealGroup 1.400000000372529 @ http://localhost:8080/src/lib/logger.ts:126
[  852240ms] [WARNING] %s [851.679] [CHAT--2067219984-chat] [851.679] end isMegagroup 1.3999999994412065 @ http://localhost:8080/src/lib/logger.ts:126
[  852240ms] [WARNING] %s [851.679] [CHAT--2067219984-chat] [851.679] end isBroadcast 1.3999999994412065 @ http://localhost:8080/src/lib/logger.ts:126
[  852240ms] [WARNING] %s [851.679] [CHAT--2067219984-chat] [851.679] end isChannel 1.400000000372529 @ http://localhost:8080/src/lib/logger.ts:126
[  852240ms] [WARNING] %s [851.679] [CHAT--2067219984-chat] [851.679] end isBot 1.3999999994412065 @ http://localhost:8080/src/lib/logger.ts:126
[  852240ms] [WARNING] %s [851.679] [CHAT--2067219984-chat] [851.679] end isAnonymousSending 1.300000000745058 @ http://localhost:8080/src/lib/logger.ts:126
[  852240ms] [WARNING] %s [851.679] [CHAT--2067219984-chat] [851.679] end starsAmount 1.2000000001862645 @ http://localhost:8080/src/lib/logger.ts:126
[  852241ms] [WARNING] %s [851.679] [CHAT--2067219984-chat] [851.679] end canManageDirectMessages 1.099999999627471 @ http://localhost:8080/src/lib/logger.ts:126
[  852241ms] [WARNING] %s [851.679] [CHAT--2067219984-chat] [851.679] end isLikeGroup 2.199999999254942 @ http://localhost:8080/src/lib/logger.ts:126
[  852248ms] [LOG] %s [851.686] [CHAT] [setPeer] setPeer peerId: -2837385042 Proxy(Object) 0_0 -2837385042_4294981190 @ http://localhost:8080/src/lib/logger.ts:106
[  852248ms] [LOG] %s [851.687] [CHAT--2067219984-chat] cleanup @ http://localhost:8080/src/lib/logger.ts:106
[  852248ms] [LOG] %s [851.687] [CHAT] [setLoaded] change bottom false @ http://localhost:8080/src/lib/logger.ts:106
[  852248ms] [LOG] %s [851.687] [CHAT] [BATCH-PROCESSOR-1] clear @ http://localhost:8080/src/lib/logger.ts:106
[  852249ms] [WARNING] %s [851.687] [CHAT] [setPeer] got history @ http://localhost:8080/src/lib/logger.ts:126
[  852249ms] [LOG] %s [851.687] [CHAT--2067219984-chat] [perform-429] start null {history: Array(20)} @ http://localhost:8080/src/lib/logger.ts:106
[  852249ms] [LOG] %s [851.688] [CHAT] [BATCH-PROCESSOR-1] [queue] setting pause @ http://localhost:8080/src/lib/logger.ts:106
[  852257ms] [LOG] %s [851.695] [CHAT] [BATCH-PROCESSOR-1] [queue] start 20 @ http://localhost:8080/src/lib/logger.ts:106
[  852262ms] [LOG] %s [851.700] [CHAT] [BATCH-PROCESSOR-1] [queue] render item time 4.5 {bubble: div.bubble.channel-post.with-beside-button.hide-name.photo.is-in.can-have-tail.no-forwards, promises: Array(2), message: Object, reverse: true, updatePosition: true} @ http://localhost:8080/src/lib/logger.ts:106
[  852262ms] [LOG] %s [851.700] [CHAT] [BATCH-PROCESSOR-1] [queue] render item time 4.7999999998137355 {bubble: div.bubble.channel-post.with-beside-button.hide-name.photo.is-in.can-have-tail.no-forwards, promises: Array(2), message: Object, reverse: true, updatePosition: true} @ http://localhost:8080/src/lib/logger.ts:106
[  852262ms] [LOG] %s [851.700] [CHAT] [BATCH-PROCESSOR-1] [queue] render item time 4.7999999998137355 {bubble: div.bubble.channel-post.with-beside-button.hide-name.photo.is-in.can-have-tail.no-forwards, promises: Array(2), message: Object, reverse: true, updatePosition: true} @ http://localhost:8080/src/lib/logger.ts:106
[  852262ms] [LOG] %s [851.701] [CHAT] [BATCH-PROCESSOR-1] [queue] render item time 5 {bubble: div.bubble.channel-post.with-beside-button.hide-name.photo.is-in.can-have-tail.no-forwards, promises: Array(2), message: Object, reverse: true, updatePosition: true} @ http://localhost:8080/src/lib/logger.ts:106
[  852262ms] [LOG] %s [851.701] [CHAT] [BATCH-PROCESSOR-1] [queue] render item time 5 {bubble: div.bubble.channel-post.with-beside-button.hide-name.photo.is-in.can-have-tail.no-forwards, promises: Array(2), message: Object, reverse: true, updatePosition: true} @ http://localhost:8080/src/lib/logger.ts:106
[  852262ms] [LOG] %s [851.701] [CHAT] [BATCH-PROCESSOR-1] [queue] render item time 5.2000000001862645 {bubble: div.bubble.channel-post.with-beside-button.hide-name.photo.is-in.can-have-tail.no-forwards, promises: Array(2), message: Object, reverse: true, updatePosition: true} @ http://localhost:8080/src/lib/logger.ts:106
[  852262ms] [LOG] %s [851.701] [CHAT] [BATCH-PROCESSOR-1] [queue] render item time 5.2000000001862645 {bubble: div.bubble.channel-post.with-beside-button.hide-name.photo.is-in.can-have-tail.no-forwards, promises: Array(2), message: Object, reverse: true, updatePosition: true} @ http://localhost:8080/src/lib/logger.ts:106
[  852262ms] [LOG] %s [851.701] [CHAT] [BATCH-PROCESSOR-1] [queue] render item time 5.2999999998137355 {bubble: div.bubble.channel-post.with-beside-button.hide-name.photo.is-in.can-have-tail.no-forwards, promises: Array(2), message: Object, reverse: true, updatePosition: true} @ http://localhost:8080/src/lib/logger.ts:106
[  852262ms] [LOG] %s [851.701] [CHAT] [BATCH-PROCESSOR-1] [queue] render item time 5.400000000372529 {bubble: div.bubble.channel-post.with-beside-button.hide-name.photo.is-in.can-have-tail.no-forwards, promises: Array(2), message: Object, reverse: true, updatePosition: true} @ http://localhost:8080/src/lib/logger.ts:106
[  852263ms] [LOG] %s [851.701] [CHAT] [BATCH-PROCESSOR-1] [queue] render item time 5.5 {bubble: div.bubble.channel-post.with-beside-button.hide-name.photo.is-in.can-have-tail.no-forwards, promises: Array(2), message: Object, reverse: true, updatePosition: true} @ http://localhost:8080/src/lib/logger.ts:106
[  852266ms] [LOG] %s [851.704] [CHAT] [BATCH-PROCESSOR-1] [queue] render item time 8.5 {bubble: div.bubble.channel-post.with-beside-button.hide-name.photo.is-in.can-have-tail.no-forwards, promises: Array(2), message: Object, reverse: true, updatePosition: true} @ http://localhost:8080/src/lib/logger.ts:106
[  852266ms] [LOG] %s [851.704] [CHAT] [BATCH-PROCESSOR-1] [queue] render item time 8.700000000186265 {bubble: div.bubble.channel-post.with-beside-button.hide-name.photo.is-in.can-have-tail.no-forwards, promises: Array(2), message: Object, reverse: true, updatePosition: true} @ http://localhost:8080/src/lib/logger.ts:106
[  852266ms] [LOG] %s [851.704] [CHAT] [BATCH-PROCESSOR-1] [queue] render item time 8.799999999813735 {bubble: div.bubble.channel-post.with-beside-button.hide-name.photo.is-in.can-have-tail.no-forwards, promises: Array(2), message: Object, reverse: true, updatePosition: true} @ http://localhost:8080/src/lib/logger.ts:106
[  852266ms] [LOG] %s [851.705] [CHAT] [BATCH-PROCESSOR-1] [queue] render item time 8.900000000372529 {bubble: div.bubble.channel-post.with-beside-button.hide-name.photo.is-in.can-have-tail.no-forwards, promises: Array(2), message: Object, reverse: true, updatePosition: true} @ http://localhost:8080/src/lib/logger.ts:106
[  852266ms] [LOG] %s [851.705] [CHAT] [BATCH-PROCESSOR-1] [queue] render item time 9 {bubble: div.bubble.channel-post.with-beside-button.hide-name.photo.is-in.can-have-tail.no-forwards, promises: Array(2), message: Object, reverse: true, updatePosition: true} @ http://localhost:8080/src/lib/logger.ts:106
[  852266ms] [LOG] %s [851.705] [CHAT] [BATCH-PROCESSOR-1] [queue] render item time 9.200000000186265 {bubble: div.bubble.channel-post.with-beside-button.hide-name.photo.is-in.can-have-tail.no-forwards, promises: Array(2), message: Object, reverse: true, updatePosition: true} @ http://localhost:8080/src/lib/logger.ts:106
[  852266ms] [LOG] %s [851.705] [CHAT] [BATCH-PROCESSOR-1] [queue] render item time 9.200000000186265 {bubble: div.bubble.channel-post.with-beside-button.hide-name.photo.is-in.can-have-tail.no-forwards, promises: Array(2), message: Object, reverse: true, updatePosition: true} @ http://localhost:8080/src/lib/logger.ts:106
[  852266ms] [LOG] %s [851.705] [CHAT] [BATCH-PROCESSOR-1] [queue] render item time 9.400000000372529 {bubble: div.bubble.channel-post.with-beside-button.hide-name.photo.is-in.can-have-tail.no-forwards, promises: Array(2), message: Object, reverse: true, updatePosition: true} @ http://localhost:8080/src/lib/logger.ts:106
[  852267ms] [LOG] %s [851.705] [CHAT] [BATCH-PROCESSOR-1] [queue] render item time 9.400000000372529 {bubble: div.bubble.channel-post.with-beside-button.hide-name.photo.is-in.can-have-tail.no-forwards, promises: Array(2), message: Object, reverse: true, updatePosition: true} @ http://localhost:8080/src/lib/logger.ts:106
[  852267ms] [LOG] %s [851.705] [CHAT] [BATCH-PROCESSOR-1] [queue] render item time 9.5 {bubble: div.bubble.channel-post.with-beside-button.hide-name.photo.is-in.can-have-tail.no-forwards, promises: Array(2), message: Object, reverse: true, updatePosition: true} @ http://localhost:8080/src/lib/logger.ts:106
[  852267ms] [LOG] %s [851.705] [CHAT] [BATCH-PROCESSOR-1] [queue] messages rendered @ http://localhost:8080/src/lib/logger.ts:106
[  852267ms] [LOG] %s [851.705] [CHAT] [BATCH-PROCESSOR-1] [queue] changed ends true false @ http://localhost:8080/src/lib/logger.ts:106
[  852268ms] [LOG] %s [851.706] [CHAT] [BATCH-PROCESSOR-1] [queue] media promises to call [Promise, Promise, Promise, Promise, Promise, Promise, Promise, Promise, Promise, Promise, Promise, Promise, Promise, Promise, Promise, Promise, Promise, Promise, Promise, Promise, Promise, Promise, Promise, Promise, Promise, Promise, Promise, Promise, Promise, Promise, Promise, Promise, Promise, Promise, Promise, Promise, Promise, Promise, Promise, Promise, Promise] [Object, Object, Object, Object, Object, Object, Object, Object, Object, Object, Object, Object, Object, Object, Object, Object, Object, Object, Object, Object] false @ http://localhost:8080/src/lib/logger.ts:106
[  852268ms] [LOG] %s [851.707] [CHAT] [BATCH-PROCESSOR-1] [queue] media message time 0.900000000372529 0 Promise @ http://localhost:8080/src/lib/logger.ts:106
[  852268ms] [LOG] %s [851.707] [CHAT] [BATCH-PROCESSOR-1] [queue] media message time 0.900000000372529 1 Promise @ http://localhost:8080/src/lib/logger.ts:106
[  852268ms] [LOG] %s [851.707] [CHAT] [BATCH-PROCESSOR-1] [queue] media message time 0.900000000372529 0 Promise @ http://localhost:8080/src/lib/logger.ts:106
[  852269ms] [LOG] %s [851.707] [CHAT] [BATCH-PROCESSOR-1] [queue] media message time 0.900000000372529 1 Promise @ http://localhost:8080/src/lib/logger.ts:106
[  852269ms] [LOG] %s [851.707] [CHAT] [BATCH-PROCESSOR-1] [queue] media message time 0.900000000372529 0 Promise @ http://localhost:8080/src/lib/logger.ts:106
[  852269ms] [LOG] %s [851.707] [CHAT] [BATCH-PROCESSOR-1] [queue] media message time 0.900000000372529 1 Promise @ http://localhost:8080/src/lib/logger.ts:106
[  852269ms] [LOG] %s [851.708] [CHAT] [BATCH-PROCESSOR-1] [queue] media message time 0.900000000372529 0 Promise @ http://localhost:8080/src/lib/logger.ts:106
[  852269ms] [LOG] %s [851.708] [CHAT] [BATCH-PROCESSOR-1] [queue] media message time 0.900000000372529 1 Promise @ http://localhost:8080/src/lib/logger.ts:106
[  852269ms] [LOG] %s [851.708] [CHAT] [BATCH-PROCESSOR-1] [queue] media message time 0.900000000372529 0 Promise @ http://localhost:8080/src/lib/logger.ts:106
[  852270ms] [LOG] %s [851.708] [CHAT] [BATCH-PROCESSOR-1] [queue] media message time 0.900000000372529 1 Promise @ http://localhost:8080/src/lib/logger.ts:106
[  852270ms] [LOG] %s [851.708] [CHAT] [BATCH-PROCESSOR-1] [queue] media message time 0.900000000372529 0 Promise @ http://localhost:8080/src/lib/logger.ts:106
[  852270ms] [LOG] %s [851.708] [CHAT] [BATCH-PROCESSOR-1] [queue] media message time 0.900000000372529 1 Promise @ http://localhost:8080/src/lib/logger.ts:106
[  852270ms] [LOG] %s [851.709] [CHAT] [BATCH-PROCESSOR-1] [queue] media message time 0.900000000372529 0 Promise @ http://localhost:8080/src/lib/logger.ts:106
[  852270ms] [LOG] %s [851.709] [CHAT] [BATCH-PROCESSOR-1] [queue] media message time 0.900000000372529 1 Promise @ http://localhost:8080/src/lib/logger.ts:106
[  852270ms] [LOG] %s [851.709] [CHAT] [BATCH-PROCESSOR-1] [queue] media message time 0.900000000372529 0 Promise @ http://localhost:8080/src/lib/logger.ts:106
[  852270ms] [LOG] %s [851.709] [CHAT] [BATCH-PROCESSOR-1] [queue] media message time 0.900000000372529 1 Promise @ http://localhost:8080/src/lib/logger.ts:106
[  852271ms] [LOG] %s [851.709] [CHAT] [BATCH-PROCESSOR-1] [queue] media message time 0.900000000372529 0 Promise @ http://localhost:8080/src/lib/logger.ts:106
[  852271ms] [LOG] %s [851.709] [CHAT] [BATCH-PROCESSOR-1] [queue] media message time 0.900000000372529 1 Promise @ http://localhost:8080/src/lib/logger.ts:106
[  852271ms] [LOG] %s [851.709] [CHAT] [BATCH-PROCESSOR-1] [queue] media message time 0.900000000372529 0 Promise @ http://localhost:8080/src/lib/logger.ts:106
[  852271ms] [LOG] %s [851.709] [CHAT] [BATCH-PROCESSOR-1] [queue] media message time 0.900000000372529 1 Promise @ http://localhost:8080/src/lib/logger.ts:106
[  852271ms] [LOG] %s [851.710] [CHAT] [BATCH-PROCESSOR-1] [queue] media message time 0.900000000372529 0 Promise @ http://localhost:8080/src/lib/logger.ts:106
[  852271ms] [LOG] %s [851.710] [CHAT] [BATCH-PROCESSOR-1] [queue] media message time 0.900000000372529 1 Promise @ http://localhost:8080/src/lib/logger.ts:106
[  852272ms] [LOG] %s [851.710] [CHAT] [BATCH-PROCESSOR-1] [queue] media message time 0.900000000372529 0 Promise @ http://localhost:8080/src/lib/logger.ts:106
[  852272ms] [LOG] %s [851.710] [CHAT] [BATCH-PROCESSOR-1] [queue] media message time 0.900000000372529 1 Promise @ http://localhost:8080/src/lib/logger.ts:106
[  852272ms] [LOG] %s [851.710] [CHAT] [BATCH-PROCESSOR-1] [queue] media message time 0.900000000372529 0 Promise @ http://localhost:8080/src/lib/logger.ts:106
[  852272ms] [LOG] %s [851.710] [CHAT] [BATCH-PROCESSOR-1] [queue] media message time 0.900000000372529 1 Promise @ http://localhost:8080/src/lib/logger.ts:106
[  852272ms] [LOG] %s [851.711] [CHAT] [BATCH-PROCESSOR-1] [queue] media message time 0.900000000372529 0 Promise @ http://localhost:8080/src/lib/logger.ts:106
[  852272ms] [LOG] %s [851.711] [CHAT] [BATCH-PROCESSOR-1] [queue] media message time 0.900000000372529 1 Promise @ http://localhost:8080/src/lib/logger.ts:106
[  852272ms] [LOG] %s [851.711] [CHAT] [BATCH-PROCESSOR-1] [queue] media message time 0.900000000372529 0 Promise @ http://localhost:8080/src/lib/logger.ts:106
[  852272ms] [LOG] %s [851.711] [CHAT] [BATCH-PROCESSOR-1] [queue] media message time 0.900000000372529 1 Promise @ http://localhost:8080/src/lib/logger.ts:106
[  852273ms] [LOG] %s [851.711] [CHAT] [BATCH-PROCESSOR-1] [queue] media message time 0.900000000372529 0 Promise @ http://localhost:8080/src/lib/logger.ts:106
[  852273ms] [LOG] %s [851.711] [CHAT] [BATCH-PROCESSOR-1] [queue] media message time 0.900000000372529 1 Promise @ http://localhost:8080/src/lib/logger.ts:106
[  852273ms] [LOG] %s [851.711] [CHAT] [BATCH-PROCESSOR-1] [queue] media message time 0.900000000372529 0 Promise @ http://localhost:8080/src/lib/logger.ts:106
[  852273ms] [LOG] %s [851.712] [CHAT] [BATCH-PROCESSOR-1] [queue] media message time 1 1 Promise @ http://localhost:8080/src/lib/logger.ts:106
[  852273ms] [LOG] %s [851.712] [CHAT] [BATCH-PROCESSOR-1] [queue] media message time 0.900000000372529 0 Promise @ http://localhost:8080/src/lib/logger.ts:106
[  852273ms] [LOG] %s [851.712] [CHAT] [BATCH-PROCESSOR-1] [queue] media message time 1 1 Promise @ http://localhost:8080/src/lib/logger.ts:106
[  852274ms] [LOG] %s [851.712] [CHAT] [BATCH-PROCESSOR-1] [queue] media message time 0.900000000372529 0 Promise @ http://localhost:8080/src/lib/logger.ts:106
[  852274ms] [LOG] %s [851.712] [CHAT] [BATCH-PROCESSOR-1] [queue] media message time 1 1 Promise @ http://localhost:8080/src/lib/logger.ts:106
[  852274ms] [LOG] %s [851.712] [CHAT] [BATCH-PROCESSOR-1] [queue] media message time 0.900000000372529 0 Promise @ http://localhost:8080/src/lib/logger.ts:106
[  852274ms] [LOG] %s [851.713] [CHAT] [BATCH-PROCESSOR-1] [queue] media message time 6.7999999998137355 1 Promise @ http://localhost:8080/src/lib/logger.ts:106
[  852285ms] [LOG] %s [851.723] [CHAT] [BATCH-PROCESSOR-1] [queue] media promises end @ http://localhost:8080/src/lib/logger.ts:106
[  852285ms] [LOG] %s [851.724] [CHAT] [BATCH-PROCESSOR-1] [queue] queue rendered @ http://localhost:8080/src/lib/logger.ts:106
[  852285ms] [LOG] %s [851.724] [CHAT] [BATCH-PROCESSOR-1] [queue] end @ http://localhost:8080/src/lib/logger.ts:106
[  852285ms] [LOG] %s [851.724] [CHAT--2067219984-chat] [perform-429] performHistoryResult end @ http://localhost:8080/src/lib/logger.ts:106
[  852285ms] [WARNING] %s [851.724] [CHAT] [setPeer] promise fulfilled @ http://localhost:8080/src/lib/logger.ts:126
[  852285ms] [WARNING] %s [851.724] [CHAT] [setPeer] finishing peer change @ http://localhost:8080/src/lib/logger.ts:126
[  852288ms] [LOG] %s [851.727] [CHAT] [handleBackgrounds] updating Proxy(Object) undefined undefined @ http://localhost:8080/src/lib/logger.ts:106
[  852289ms] [WARNING] %s [851.727] [CHAT--2067219984-chat] [851.727] start topbar @ http://localhost:8080/src/lib/logger.ts:126
[  852289ms] [WARNING] %s [851.727] [CHAT--2067219984-chat] [851.727] start bubbles @ http://localhost:8080/src/lib/logger.ts:126
[  852289ms] [WARNING] %s [851.727] [CHAT--2067219984-chat] [851.727] start input @ http://localhost:8080/src/lib/logger.ts:126
[  852289ms] [WARNING] %s [851.727] [CHAT--2067219984-chat] [851.727] start sharedMedia @ http://localhost:8080/src/lib/logger.ts:126
[  852289ms] [WARNING] %s [851.728] [CHAT--2067219984-chat] [851.728] start backgrounds @ http://localhost:8080/src/lib/logger.ts:126
[  852289ms] [WARNING] %s [851.728] [CHAT--2067219984-chat] [851.728] end backgrounds 0.20000000018626451 @ http://localhost:8080/src/lib/logger.ts:126
[  852294ms] [WARNING] %s [851.733] [CHAT--2067219984-chat] [851.733] end sharedMedia 5.199999999254942 @ http://localhost:8080/src/lib/logger.ts:126
[  852294ms] [WARNING] %s [851.733] [CHAT--2067219984-chat] [851.733] end bubbles 5.6000000005587935 @ http://localhost:8080/src/lib/logger.ts:126
[  852295ms] [WARNING] %s [851.733] [CHAT--2067219984-chat] [851.733] end topbar 6 @ http://localhost:8080/src/lib/logger.ts:126
[  852295ms] [WARNING] %s [851.733] [CHAT--2067219984-chat] [851.733] end input 6 @ http://localhost:8080/src/lib/logger.ts:126
[  852295ms] [LOG] %s [851.733] [SEARCH-SUPER] load true -2837385042 {} @ http://localhost:8080/src/lib/logger.ts:106
[  852307ms] [LOG] %s [851.745] [SWIPE-HANDLER] remove listeners @ http://localhost:8080/src/lib/logger.ts:106
[  852307ms] [LOG] %s [851.745] [SWIPE-HANDLER] reset @ http://localhost:8080/src/lib/logger.ts:106
[  852308ms] [WARNING] %s [851.747] [CHAT] [setPeer] finished peer change @ http://localhost:8080/src/lib/logger.ts:126
[  852320ms] [LOG] %s [851.758] [PM] [setCorrectIndex] direction 0 mid 4294981146 @ http://localhost:8080/src/lib/logger.ts:106
[  852320ms] [LOG] %s [851.759] [PM] [getCurrentIndex] start 4294981146 true @ http://localhost:8080/src/lib/logger.ts:106
[  852320ms] [WARNING] %s [851.759] [CHAT] [setPeer] mounted chat true JSHandle@node 82.20000000018626 @ http://localhost:8080/src/lib/logger.ts:126
[  852321ms] [LOG] %s [851.759] [PM] handleFollowingPinnedMessage @ http://localhost:8080/src/lib/logger.ts:106
[  852323ms] [LOG] %s [851.761] [SWIPE-HANDLER] reset @ http://localhost:8080/src/lib/logger.ts:106
[  852323ms] [LOG] %s [851.761] [SWIPE-HANDLER] reset @ http://localhost:8080/src/lib/logger.ts:106
[  852323ms] [LOG] %s [851.761] [SWIPE-HANDLER] reset @ http://localhost:8080/src/lib/logger.ts:106
[  852332ms] [WARNING] %s [851.770] [NC] replace @ http://localhost:8080/src/lib/logger.ts:126
[  852332ms] [LOG] %s [851.771] [NC] [navigate] NavigateEvent NavigationHistoryEntry @ http://localhost:8080/src/lib/logger.ts:106
[  852334ms] [LOG] %s [851.772] [CHAT] [setPeer] scrolledAllDown: false @ http://localhost:8080/src/lib/logger.ts:106
[  852335ms] [LOG] %s [851.773] [PM] [getCurrentIndex] result 4294981146 {count: 0, history: Array(0), isEnd: Object, offsetIdOffset: 0, messages: undefined} 0 0 true true @ http://localhost:8080/src/lib/logger.ts:106
[  852335ms] [LOG] %s [851.773] [PM] handleFollowingPinnedMessage: unlock @ http://localhost:8080/src/lib/logger.ts:106
[  852335ms] [LOG] %s [851.774] [IM] selectTab 1 1 @ http://localhost:8080/src/lib/logger.ts:106
[  852422ms] [LOG] %s [851.860] [PM] [setCorrectIndex] not needed 2 @ http://localhost:8080/src/lib/logger.ts:106
[  852828ms] [LOG] %s [852.267] [CHAT] [handleBackgrounds] updating Proxy(Object) undefined undefined @ http://localhost:8080/src/lib/logger.ts:106
[  853047ms] [LOG] %s [852.486] [CS] connecting false @ http://localhost:8080/src/lib/logger.ts:106
[  853047ms] [LOG] %s [852.486] [CS] setState false @ http://localhost:8080/src/lib/logger.ts:106
[  853094ms] [LOG] %s [852.532] [CS] connecting false @ http://localhost:8080/src/lib/logger.ts:106
[  853094ms] [LOG] %s [852.532] [CS] setState false @ http://localhost:8080/src/lib/logger.ts:106
[  853503ms] [LOG] %s [852.941] [CS] setState: isShown: false @ http://localhost:8080/src/lib/logger.ts:106
[  854177ms] [LOG] %s [853.615] [SWIPE-HANDLER] reset @ http://localhost:8080/src/lib/logger.ts:106
[  854177ms] [LOG] %s [853.615] [SWIPE-HANDLER] reset @ http://localhost:8080/src/lib/logger.ts:106
[  854177ms] [LOG] %s [853.615] [SWIPE-HANDLER] reset @ http://localhost:8080/src/lib/logger.ts:106
[  854177ms] [WARNING] %s [853.616] [CHAT] [setPeer] start @ http://localhost:8080/src/lib/logger.ts:126
[  854184ms] [LOG] %s [853.623] [CHAT] [setPeer] setPeer peerId: -2837385042 Proxy(Object) -2837385042_4294981190 -2837385042_4294981190 @ http://localhost:8080/src/lib/logger.ts:106
[  854185ms] [LOG] %s [853.623] [CHAT--2837385042-chat] cleanup @ http://localhost:8080/src/lib/logger.ts:106
[  854185ms] [LOG] %s [853.623] [CHAT] [BATCH-PROCESSOR-1] clear @ http://localhost:8080/src/lib/logger.ts:106
[  854185ms] [LOG] %s [853.624] [CHAT--2837385042-chat] i vin brehnya {cached: true, result: Promise} -2837385042_4294981170 0 0 @ http://localhost:8080/src/lib/logger.ts:106
[  854185ms] [WARNING] %s [853.624] [CHAT] [setPeer] got history @ http://localhost:8080/src/lib/logger.ts:126
[  854185ms] [LOG] %s [853.624] [CHAT--2837385042-chat] [perform-489] start null {history: Array(21)} @ http://localhost:8080/src/lib/logger.ts:106
[  854186ms] [LOG] %s [853.624] [CHAT] [setLoaded] change bottom true @ http://localhost:8080/src/lib/logger.ts:106
[  854186ms] [LOG] %s [853.624] [CHAT--2837385042-chat] [perform-686] start null {count: 13876, history: Array(0), isEnd: Object, offsetIdOffset: 21, messages: undefined} @ http://localhost:8080/src/lib/logger.ts:106
[  854186ms] [LOG] %s [853.625] [CHAT] [BATCH-PROCESSOR-1] [queue] setting pause @ http://localhost:8080/src/lib/logger.ts:106
[  854189ms] [LOG] %s [853.628] [CHAT] [BATCH-PROCESSOR-1] [queue] start 21 @ http://localhost:8080/src/lib/logger.ts:106
[  854194ms] [LOG] %s [853.632] [CHAT] [BATCH-PROCESSOR-1] [queue] render item time 4.2999999998137355 {bubble: div.bubble.channel-post.with-beside-button.hide-name.photo.is-in.can-have-tail.no-forwards, promises: Array(2), message: Object, reverse: true, updatePosition: true} @ http://localhost:8080/src/lib/logger.ts:106
[  854194ms] [LOG] %s [853.633] [CHAT] [BATCH-PROCESSOR-1] [queue] render item time 4.5 {bubble: div.bubble.channel-post.with-beside-button.hide-name.photo.is-in.can-have-tail.no-forwards, promises: Array(2), message: Object, reverse: true, updatePosition: true} @ http://localhost:8080/src/lib/logger.ts:106
[  854194ms] [LOG] %s [853.633] [CHAT] [BATCH-PROCESSOR-1] [queue] render item time 4.7000000001862645 {bubble: div.bubble.channel-post.with-beside-button.hide-name.photo.is-in.can-have-tail.no-forwards, promises: Array(2), message: Object, reverse: true, updatePosition: true} @ http://localhost:8080/src/lib/logger.ts:106
[  854194ms] [LOG] %s [853.633] [CHAT] [BATCH-PROCESSOR-1] [queue] render item time 4.7999999998137355 {bubble: div.bubble.channel-post.with-beside-button.hide-name.photo.is-in.can-have-tail.no-forwards, promises: Array(2), message: Object, reverse: true, updatePosition: true} @ http://localhost:8080/src/lib/logger.ts:106
[  854195ms] [LOG] %s [853.633] [CHAT] [BATCH-PROCESSOR-1] [queue] render item time 4.900000000372529 {bubble: div.bubble.channel-post.with-beside-button.hide-name.photo.is-in.can-have-tail.no-forwards, promises: Array(2), message: Object, reverse: true, updatePosition: true} @ http://localhost:8080/src/lib/logger.ts:106
[  854195ms] [LOG] %s [853.633] [CHAT] [BATCH-PROCESSOR-1] [queue] render item time 5 {bubble: div.bubble.channel-post.with-beside-button.hide-name.photo.is-in.can-have-tail.no-forwards, promises: Array(2), message: Object, reverse: true, updatePosition: true} @ http://localhost:8080/src/lib/logger.ts:106
[  854195ms] [LOG] %s [853.633] [CHAT] [BATCH-PROCESSOR-1] [queue] render item time 5.099999999627471 {bubble: div.bubble.channel-post.with-beside-button.hide-name.photo.is-in.can-have-tail.no-forwards, promises: Array(2), message: Object, reverse: true, updatePosition: true} @ http://localhost:8080/src/lib/logger.ts:106
[  854195ms] [LOG] %s [853.633] [CHAT] [BATCH-PROCESSOR-1] [queue] render item time 5.2000000001862645 {bubble: div.bubble.channel-post.with-beside-button.hide-name.photo.is-in.can-have-tail.no-forwards, promises: Array(2), message: Object, reverse: true, updatePosition: true} @ http://localhost:8080/src/lib/logger.ts:106
[  854195ms] [LOG] %s [853.633] [CHAT] [BATCH-PROCESSOR-1] [queue] render item time 5.2999999998137355 {bubble: div.bubble.channel-post.with-beside-button.hide-name.photo.is-in.can-have-tail.no-forwards, promises: Array(2), message: Object, reverse: true, updatePosition: true} @ http://localhost:8080/src/lib/logger.ts:106
[  854195ms] [LOG] %s [853.634] [CHAT] [BATCH-PROCESSOR-1] [queue] render item time 5.400000000372529 {bubble: div.bubble.channel-post.with-beside-button.hide-name.photo.is-in.can-have-tail.no-forwards, promises: Array(2), message: Object, reverse: true, updatePosition: true} @ http://localhost:8080/src/lib/logger.ts:106
[  854195ms] [LOG] %s [853.634] [CHAT] [BATCH-PROCESSOR-1] [queue] render item time 5.5 {bubble: div.bubble.channel-post.with-beside-button.hide-name.photo.is-in.can-have-tail.no-forwards, promises: Array(2), message: Object, reverse: true, updatePosition: true} @ http://localhost:8080/src/lib/logger.ts:106
[  854195ms] [LOG] %s [853.634] [CHAT] [BATCH-PROCESSOR-1] [queue] render item time 5.7000000001862645 {bubble: div.bubble.channel-post.with-beside-button.hide-name.photo.is-in.can-have-tail.no-forwards, promises: Array(2), message: Object, reverse: true, updatePosition: true} @ http://localhost:8080/src/lib/logger.ts:106
[  854195ms] [LOG] %s [853.634] [CHAT] [BATCH-PROCESSOR-1] [queue] render item time 5.7000000001862645 {bubble: div.bubble.channel-post.with-beside-button.hide-name.photo.is-in.can-have-tail.no-forwards, promises: Array(2), message: Object, reverse: true, updatePosition: true} @ http://localhost:8080/src/lib/logger.ts:106
[  854195ms] [LOG] %s [853.634] [CHAT] [BATCH-PROCESSOR-1] [queue] render item time 5.7999999998137355 {bubble: div.bubble.channel-post.with-beside-button.hide-name.photo.is-in.can-have-tail.no-forwards, promises: Array(2), message: Object, reverse: true, updatePosition: true} @ http://localhost:8080/src/lib/logger.ts:106
[  854196ms] [LOG] %s [853.634] [CHAT] [BATCH-PROCESSOR-1] [queue] render item time 6 {bubble: div.bubble.channel-post.with-beside-button.hide-name.photo.is-in.can-have-tail.no-forwards, promises: Array(2), message: Object, reverse: true, updatePosition: true} @ http://localhost:8080/src/lib/logger.ts:106
[  854196ms] [LOG] %s [853.634] [CHAT] [BATCH-PROCESSOR-1] [queue] render item time 6 {bubble: div.bubble.channel-post.with-beside-button.hide-name.photo.is-in.can-have-tail.no-forwards, promises: Array(2), message: Object, reverse: true, updatePosition: true} @ http://localhost:8080/src/lib/logger.ts:106
[  854196ms] [LOG] %s [853.634] [CHAT] [BATCH-PROCESSOR-1] [queue] render item time 6.2999999998137355 {bubble: div.bubble.channel-post.with-beside-button.hide-name.photo.is-in.can-have-tail.no-forwards, promises: Array(2), message: Object, reverse: true, updatePosition: true} @ http://localhost:8080/src/lib/logger.ts:106
[  854196ms] [LOG] %s [853.635] [CHAT] [BATCH-PROCESSOR-1] [queue] render item time 6.400000000372529 {bubble: div.bubble.channel-post.with-beside-button.hide-name.photo.is-in.can-have-tail.no-forwards, promises: Array(2), message: Object, reverse: true, updatePosition: true} @ http://localhost:8080/src/lib/logger.ts:106
[  854196ms] [LOG] %s [853.635] [CHAT] [BATCH-PROCESSOR-1] [queue] render item time 6.5 {bubble: div.bubble.channel-post.with-beside-button.hide-name.photo.is-in.can-have-tail.no-forwards, promises: Array(2), message: Object, reverse: true, updatePosition: true} @ http://localhost:8080/src/lib/logger.ts:106
[  854196ms] [LOG] %s [853.635] [CHAT] [BATCH-PROCESSOR-1] [queue] render item time 6.599999999627471 {bubble: div.bubble.channel-post.with-beside-button.hide-name.photo.is-in.can-have-tail.no-forwards, promises: Array(2), message: Object, reverse: true, updatePosition: true} @ http://localhost:8080/src/lib/logger.ts:106
[  854196ms] [LOG] %s [853.635] [CHAT] [BATCH-PROCESSOR-1] [queue] render item time 6.7000000001862645 {bubble: div.bubble.channel-post.with-beside-button.hide-name.photo.is-in.can-have-tail.no-forwards, promises: Array(2), message: Object, reverse: true, updatePosition: true} @ http://localhost:8080/src/lib/logger.ts:106
[  854196ms] [LOG] %s [853.635] [CHAT] [BATCH-PROCESSOR-1] [queue] messages rendered @ http://localhost:8080/src/lib/logger.ts:106
[  854197ms] [LOG] %s [853.635] [CHAT] [BATCH-PROCESSOR-1] [queue] changed ends true false @ http://localhost:8080/src/lib/logger.ts:106
[  854197ms] [LOG] %s [853.636] [CHAT] [BATCH-PROCESSOR-1] [queue] media promises to call [Promise, Promise, Promise, Promise, Promise, Promise, Promise, Promise, Promise, Promise, Promise, Promise, Promise, Promise, Promise, Promise, Promise, Promise, Promise, Promise, Promise, Promise, Promise, Promise, Promise, Promise, Promise, Promise, Promise, Promise, Promise, Promise, Promise, Promise, Promise, Promise, Promise, Promise, Promise, Promise, Promise, Promise, Promise] [Object, Object, Object, Object, Object, Object, Object, Object, Object, Object, Object, Object, Object, Object, Object, Object, Object, Object, Object, Object, Object] false @ http://localhost:8080/src/lib/logger.ts:106
[  854198ms] [LOG] %s [853.636] [CHAT] [BATCH-PROCESSOR-1] [queue] media message time 0.900000000372529 0 Promise @ http://localhost:8080/src/lib/logger.ts:106
[  854198ms] [LOG] %s [853.636] [CHAT] [BATCH-PROCESSOR-1] [queue] media message time 0.900000000372529 1 Promise @ http://localhost:8080/src/lib/logger.ts:106
[  854198ms] [LOG] %s [853.637] [CHAT] [BATCH-PROCESSOR-1] [queue] media message time 0.7999999998137355 0 Promise @ http://localhost:8080/src/lib/logger.ts:106
[  854198ms] [LOG] %s [853.637] [CHAT] [BATCH-PROCESSOR-1] [queue] media message time 0.7999999998137355 1 Promise @ http://localhost:8080/src/lib/logger.ts:106
[  854199ms] [LOG] %s [853.637] [CHAT] [BATCH-PROCESSOR-1] [queue] media message time 0.7999999998137355 0 Promise @ http://localhost:8080/src/lib/logger.ts:106
[  854199ms] [LOG] %s [853.637] [CHAT] [BATCH-PROCESSOR-1] [queue] media message time 0.7999999998137355 1 Promise @ http://localhost:8080/src/lib/logger.ts:106
[  854199ms] [LOG] %s [853.637] [CHAT] [BATCH-PROCESSOR-1] [queue] media message time 0.7999999998137355 0 Promise @ http://localhost:8080/src/lib/logger.ts:106
[  854199ms] [LOG] %s [853.637] [CHAT] [BATCH-PROCESSOR-1] [queue] media message time 0.7999999998137355 1 Promise @ http://localhost:8080/src/lib/logger.ts:106
[  854199ms] [LOG] %s [853.638] [CHAT] [BATCH-PROCESSOR-1] [queue] media message time 0.7999999998137355 0 Promise @ http://localhost:8080/src/lib/logger.ts:106
[  854199ms] [LOG] %s [853.638] [CHAT] [BATCH-PROCESSOR-1] [queue] media message time 0.7999999998137355 1 Promise @ http://localhost:8080/src/lib/logger.ts:106
[  854199ms] [LOG] %s [853.638] [CHAT] [BATCH-PROCESSOR-1] [queue] media message time 0.7999999998137355 0 Promise @ http://localhost:8080/src/lib/logger.ts:106
[  854200ms] [LOG] %s [853.638] [CHAT] [BATCH-PROCESSOR-1] [queue] media message time 0.7999999998137355 1 Promise @ http://localhost:8080/src/lib/logger.ts:106
[  854200ms] [LOG] %s [853.638] [CHAT] [BATCH-PROCESSOR-1] [queue] media message time 0.7999999998137355 0 Promise @ http://localhost:8080/src/lib/logger.ts:106
[  854200ms] [LOG] %s [853.638] [CHAT] [BATCH-PROCESSOR-1] [queue] media message time 0.7999999998137355 1 Promise @ http://localhost:8080/src/lib/logger.ts:106
[  854203ms] [LOG] %s [853.641] [CHAT] [BATCH-PROCESSOR-1] [queue] media message time 0.900000000372529 0 Promise @ http://localhost:8080/src/lib/logger.ts:106
[  854203ms] [LOG] %s [853.641] [CHAT] [BATCH-PROCESSOR-1] [queue] media message time 5.900000000372529 1 Promise @ http://localhost:8080/src/lib/logger.ts:106
[  854203ms] [LOG] %s [853.642] [CHAT] [BATCH-PROCESSOR-1] [queue] media message time 0.7999999998137355 0 Promise @ http://localhost:8080/src/lib/logger.ts:106
[  854203ms] [LOG] %s [853.642] [CHAT] [BATCH-PROCESSOR-1] [queue] media message time 5.7999999998137355 1 Promise @ http://localhost:8080/src/lib/logger.ts:106
[  854204ms] [LOG] %s [853.642] [CHAT] [BATCH-PROCESSOR-1] [queue] media message time 0.7999999998137355 0 Promise @ http://localhost:8080/src/lib/logger.ts:106
[  854204ms] [LOG] %s [853.642] [CHAT] [BATCH-PROCESSOR-1] [queue] media message time 5.7999999998137355 1 Promise @ http://localhost:8080/src/lib/logger.ts:106
[  854204ms] [LOG] %s [853.642] [CHAT] [BATCH-PROCESSOR-1] [queue] media message time 0.7999999998137355 0 Promise @ http://localhost:8080/src/lib/logger.ts:106
[  854204ms] [LOG] %s [853.643] [CHAT] [BATCH-PROCESSOR-1] [queue] media message time 5.7999999998137355 1 Promise @ http://localhost:8080/src/lib/logger.ts:106
[  854204ms] [LOG] %s [853.643] [CHAT] [BATCH-PROCESSOR-1] [queue] media message time 0.7999999998137355 0 Promise @ http://localhost:8080/src/lib/logger.ts:106
[  854204ms] [LOG] %s [853.643] [CHAT] [BATCH-PROCESSOR-1] [queue] media message time 5.7999999998137355 1 Promise @ http://localhost:8080/src/lib/logger.ts:106
[  854205ms] [LOG] %s [853.643] [CHAT] [BATCH-PROCESSOR-1] [queue] media message time 0.7999999998137355 0 Promise @ http://localhost:8080/src/lib/logger.ts:106
[  854205ms] [LOG] %s [853.643] [CHAT] [BATCH-PROCESSOR-1] [queue] media message time 5.7999999998137355 1 Promise @ http://localhost:8080/src/lib/logger.ts:106
[  854205ms] [LOG] %s [853.643] [CHAT] [BATCH-PROCESSOR-1] [queue] media message time 0.7999999998137355 0 Promise @ http://localhost:8080/src/lib/logger.ts:106
[  854205ms] [LOG] %s [853.643] [CHAT] [BATCH-PROCESSOR-1] [queue] media message time 5.7999999998137355 1 Promise @ http://localhost:8080/src/lib/logger.ts:106
[  854205ms] [LOG] %s [853.644] [CHAT] [BATCH-PROCESSOR-1] [queue] media message time 0.7999999998137355 0 Promise @ http://localhost:8080/src/lib/logger.ts:106
[  854205ms] [LOG] %s [853.644] [CHAT] [BATCH-PROCESSOR-1] [queue] media message time 5.7999999998137355 1 Promise @ http://localhost:8080/src/lib/logger.ts:106
[  854206ms] [LOG] %s [853.644] [CHAT] [BATCH-PROCESSOR-1] [queue] media message time 0.7999999998137355 0 Promise @ http://localhost:8080/src/lib/logger.ts:106
[  854206ms] [LOG] %s [853.644] [CHAT] [BATCH-PROCESSOR-1] [queue] media message time 5.7999999998137355 1 Promise @ http://localhost:8080/src/lib/logger.ts:106
[  854206ms] [LOG] %s [853.644] [CHAT] [BATCH-PROCESSOR-1] [queue] media message time 0.7999999998137355 0 Promise @ http://localhost:8080/src/lib/logger.ts:106
[  854206ms] [LOG] %s [853.645] [CHAT] [BATCH-PROCESSOR-1] [queue] media message time 5.7999999998137355 1 Promise @ http://localhost:8080/src/lib/logger.ts:106
[  854206ms] [LOG] %s [853.645] [CHAT] [BATCH-PROCESSOR-1] [queue] media message time 0.7999999998137355 0 Promise @ http://localhost:8080/src/lib/logger.ts:106
[  854206ms] [LOG] %s [853.645] [CHAT] [BATCH-PROCESSOR-1] [queue] media message time 5.7999999998137355 1 Promise @ http://localhost:8080/src/lib/logger.ts:106
[  854207ms] [LOG] %s [853.645] [CHAT] [BATCH-PROCESSOR-1] [queue] media message time 0.7999999998137355 0 Promise @ http://localhost:8080/src/lib/logger.ts:106
[  854207ms] [LOG] %s [853.645] [CHAT] [BATCH-PROCESSOR-1] [queue] media message time 5.7999999998137355 1 Promise @ http://localhost:8080/src/lib/logger.ts:106
[  854207ms] [LOG] %s [853.645] [CHAT] [BATCH-PROCESSOR-1] [queue] media message time 0.7999999998137355 0 Promise @ http://localhost:8080/src/lib/logger.ts:106
[  854207ms] [LOG] %s [853.646] [CHAT] [BATCH-PROCESSOR-1] [queue] media message time 5.7999999998137355 1 Promise @ http://localhost:8080/src/lib/logger.ts:106
[  854207ms] [LOG] %s [853.646] [CHAT] [BATCH-PROCESSOR-1] [queue] media message time 0.7999999998137355 0 Promise @ http://localhost:8080/src/lib/logger.ts:106
[  854207ms] [LOG] %s [853.646] [CHAT] [BATCH-PROCESSOR-1] [queue] media message time 5.7999999998137355 1 Promise @ http://localhost:8080/src/lib/logger.ts:106
[  854215ms] [LOG] %s [853.654] [CHAT] [BATCH-PROCESSOR-1] [queue] media promises end @ http://localhost:8080/src/lib/logger.ts:106
[  854216ms] [LOG] %s [853.655] [CHAT] [BATCH-PROCESSOR-1] [queue] queue rendered @ http://localhost:8080/src/lib/logger.ts:106
[  854216ms] [LOG] %s [853.655] [CHAT] [BATCH-PROCESSOR-1] [queue] end @ http://localhost:8080/src/lib/logger.ts:106
[  854216ms] [LOG] %s [853.655] [CHAT--2837385042-chat] [perform-686] performHistoryResult end @ http://localhost:8080/src/lib/logger.ts:106
[  854216ms] [LOG] %s [853.655] [CHAT--2837385042-chat] [perform-489] performHistoryResult end @ http://localhost:8080/src/lib/logger.ts:106
[  854216ms] [WARNING] %s [853.655] [CHAT] [setPeer] promise fulfilled @ http://localhost:8080/src/lib/logger.ts:126
[  854217ms] [LOG] %s [853.656] [PM] [setCorrectIndex] not needed 2 @ http://localhost:8080/src/lib/logger.ts:106
[  854217ms] [WARNING] %s [853.656] [CHAT] [setPeer] mounted chat true JSHandle@node 40.299999999813735 @ http://localhost:8080/src/lib/logger.ts:126
[  854228ms] [LOG] [HEAVY-ANIMATION]: start @ http://localhost:8080/src/hooks/useHeavyAnimationCheck.ts:17
[  854228ms] [LOG] [HEAVY-ANIMATION]: attach promise, length: 1 undefined @ http://localhost:8080/src/hooks/useHeavyAnimationCheck.ts:20
[  854229ms] [LOG] %s [853.667] [PM] [setCorrectIndex] not needed 2 @ http://localhost:8080/src/lib/logger.ts:106
[  854229ms] [LOG] %s [853.667] [PM] [getCurrentIndex] start undefined true @ http://localhost:8080/src/lib/logger.ts:106
[  854233ms] [LOG] %s [853.672] [CHAT] [setPeer] scrolledAllDown: true @ http://localhost:8080/src/lib/logger.ts:106
[  854237ms] [LOG] %s [853.675] [CHAT--2837385042-chat] will readHistory by maxId: 4294981170 @ http://localhost:8080/src/lib/logger.ts:106
[  854237ms] [LOG] %s [853.676] [PM] [getCurrentIndex] result undefined {count: 0, history: Array(0), isEnd: Object, offsetIdOffset: 0, messages: undefined} 0 0 true true @ http://localhost:8080/src/lib/logger.ts:106
[  854237ms] [LOG] %s [853.676] [PM] [setCorrectIndex] not needed 2 @ http://localhost:8080/src/lib/logger.ts:106
[  854240ms] [LOG] %s [853.678] [NOTIFICATIONS] cancel msg_1_-2837385042_4294981170 undefined @ http://localhost:8080/src/lib/logger.ts:106
[  854240ms] [LOG] %s [853.679] [NOTIFICATIONS] cancel msg_1_-2837385042_4294981169 undefined @ http://localhost:8080/src/lib/logger.ts:106
[  854240ms] [LOG] %s [853.679] [NOTIFICATIONS] cancel msg_1_-2837385042_4294981168 undefined @ http://localhost:8080/src/lib/logger.ts:106
[  854240ms] [LOG] %s [853.679] [NOTIFICATIONS] cancel msg_1_-2837385042_4294981167 undefined @ http://localhost:8080/src/lib/logger.ts:106
[  854240ms] [LOG] %s [853.679] [NOTIFICATIONS] cancel msg_1_-2837385042_4294981166 undefined @ http://localhost:8080/src/lib/logger.ts:106
[  854240ms] [LOG] %s [853.679] [NOTIFICATIONS] cancel msg_1_-2837385042_4294981165 undefined @ http://localhost:8080/src/lib/logger.ts:106
[  854240ms] [LOG] %s [853.679] [NOTIFICATIONS] cancel msg_1_-2837385042_4294981164 undefined @ http://localhost:8080/src/lib/logger.ts:106
[  854240ms] [LOG] %s [853.679] [NOTIFICATIONS] cancel msg_1_-2837385042_4294981163 undefined @ http://localhost:8080/src/lib/logger.ts:106
[  854241ms] [LOG] %s [853.679] [NOTIFICATIONS] cancel msg_1_-2837385042_4294981162 undefined @ http://localhost:8080/src/lib/logger.ts:106
[  854241ms] [LOG] %s [853.679] [NOTIFICATIONS] cancel msg_1_-2837385042_4294981161 undefined @ http://localhost:8080/src/lib/logger.ts:106
[  854241ms] [LOG] %s [853.679] [NOTIFICATIONS] cancel msg_1_-2837385042_4294981160 undefined @ http://localhost:8080/src/lib/logger.ts:106
[  854241ms] [LOG] %s [853.679] [NOTIFICATIONS] cancel msg_1_-2837385042_4294981159 undefined @ http://localhost:8080/src/lib/logger.ts:106
[  854241ms] [LOG] %s [853.679] [NOTIFICATIONS] cancel msg_1_-2837385042_4294981158 undefined @ http://localhost:8080/src/lib/logger.ts:106
[  854241ms] [LOG] %s [853.679] [NOTIFICATIONS] cancel msg_1_-2837385042_4294981157 undefined @ http://localhost:8080/src/lib/logger.ts:106
[  854241ms] [LOG] %s [853.679] [NOTIFICATIONS] cancel msg_1_-2837385042_4294981156 undefined @ http://localhost:8080/src/lib/logger.ts:106
[  854241ms] [LOG] %s [853.679] [NOTIFICATIONS] cancel msg_1_-2837385042_4294981155 undefined @ http://localhost:8080/src/lib/logger.ts:106
[  854241ms] [LOG] %s [853.680] [NOTIFICATIONS] cancel msg_1_-2837385042_4294981154 undefined @ http://localhost:8080/src/lib/logger.ts:106
[  854241ms] [LOG] %s [853.680] [NOTIFICATIONS] cancel msg_1_-2837385042_4294981153 undefined @ http://localhost:8080/src/lib/logger.ts:106
[  854241ms] [LOG] %s [853.680] [NOTIFICATIONS] cancel msg_1_-2837385042_4294981152 undefined @ http://localhost:8080/src/lib/logger.ts:106
[  854308ms] [LOG] %s [853.746] [PM] [setCorrectIndex] not needed 2 @ http://localhost:8080/src/lib/logger.ts:106
[  854507ms] [LOG] %s [853.945] [CS] connecting false @ http://localhost:8080/src/lib/logger.ts:106
[  854507ms] [LOG] %s [853.945] [CS] setState false @ http://localhost:8080/src/lib/logger.ts:106
[  854799ms] [LOG] %s [854.238] [CHAT--2837385042-chat] will readHistory by maxId: 4294981190 @ http://localhost:8080/src/lib/logger.ts:106
[  854802ms] [LOG] %s [854.240] [NOTIFICATIONS] cancel msg_1_-2837385042_4294981190 undefined @ http://localhost:8080/src/lib/logger.ts:106
[  854802ms] [LOG] %s [854.240] [NOTIFICATIONS] cancel msg_1_-2837385042_4294981189 undefined @ http://localhost:8080/src/lib/logger.ts:106
[  854802ms] [LOG] %s [854.240] [NOTIFICATIONS] cancel msg_1_-2837385042_4294981188 undefined @ http://localhost:8080/src/lib/logger.ts:106
[  854802ms] [LOG] %s [854.240] [NOTIFICATIONS] cancel msg_1_-2837385042_4294981187 undefined @ http://localhost:8080/src/lib/logger.ts:106
[  854802ms] [LOG] %s [854.240] [NOTIFICATIONS] cancel msg_1_-2837385042_4294981186 undefined @ http://localhost:8080/src/lib/logger.ts:106
[  854802ms] [LOG] %s [854.240] [NOTIFICATIONS] cancel msg_1_-2837385042_4294981185 undefined @ http://localhost:8080/src/lib/logger.ts:106
[  854802ms] [LOG] %s [854.240] [NOTIFICATIONS] cancel msg_1_-2837385042_4294981184 undefined @ http://localhost:8080/src/lib/logger.ts:106
[  854802ms] [LOG] %s [854.241] [NOTIFICATIONS] cancel msg_1_-2837385042_4294981183 undefined @ http://localhost:8080/src/lib/logger.ts:106
[  854802ms] [LOG] %s [854.241] [NOTIFICATIONS] cancel msg_1_-2837385042_4294981182 undefined @ http://localhost:8080/src/lib/logger.ts:106
[  854802ms] [LOG] %s [854.241] [NOTIFICATIONS] cancel msg_1_-2837385042_4294981181 undefined @ http://localhost:8080/src/lib/logger.ts:106
[  854802ms] [LOG] %s [854.241] [NOTIFICATIONS] cancel msg_1_-2837385042_4294981180 undefined @ http://localhost:8080/src/lib/logger.ts:106
[  854802ms] [LOG] %s [854.241] [NOTIFICATIONS] cancel msg_1_-2837385042_4294981179 undefined @ http://localhost:8080/src/lib/logger.ts:106
[  854802ms] [LOG] %s [854.241] [NOTIFICATIONS] cancel msg_1_-2837385042_4294981178 undefined @ http://localhost:8080/src/lib/logger.ts:106
[  854802ms] [LOG] %s [854.241] [NOTIFICATIONS] cancel msg_1_-2837385042_4294981177 undefined @ http://localhost:8080/src/lib/logger.ts:106
[  854802ms] [LOG] %s [854.241] [NOTIFICATIONS] cancel msg_1_-2837385042_4294981176 undefined @ http://localhost:8080/src/lib/logger.ts:106
[  854803ms] [LOG] %s [854.241] [NOTIFICATIONS] cancel msg_1_-2837385042_4294981175 undefined @ http://localhost:8080/src/lib/logger.ts:106
[  854803ms] [LOG] %s [854.241] [NOTIFICATIONS] cancel msg_1_-2837385042_4294981174 undefined @ http://localhost:8080/src/lib/logger.ts:106
[  854803ms] [LOG] %s [854.241] [NOTIFICATIONS] cancel msg_1_-2837385042_4294981173 undefined @ http://localhost:8080/src/lib/logger.ts:106
[  854803ms] [LOG] %s [854.241] [NOTIFICATIONS] cancel msg_1_-2837385042_4294981172 undefined @ http://localhost:8080/src/lib/logger.ts:106
[  854803ms] [LOG] %s [854.241] [NOTIFICATIONS] cancel msg_1_-2837385042_4294981171 undefined @ http://localhost:8080/src/lib/logger.ts:106
[  854847ms] [LOG] [HEAVY-ANIMATION]: promise end, length: 0 619.5 @ http://localhost:8080/src/hooks/useHeavyAnimationCheck.ts:29
[  854848ms] [LOG] [HEAVY-ANIMATION]: end @ http://localhost:8080/src/hooks/useHeavyAnimationCheck.ts:45
[  854915ms] [LOG] %s [854.354] [CS] setState: isShown: false @ http://localhost:8080/src/lib/logger.ts:106
[  854965ms] [LOG] %s [854.404] [PM] [setCorrectIndex] not needed 2 @ http://localhost:8080/src/lib/logger.ts:106
[  857866ms] [LOG] %s [857.304] [CHAT--2096687198-chat] [VIEWPORT-SLICE] will slice top [Object, Object, Object, Object, Object, Object, Object, Object, Object, Object, Object] @ http://localhost:8080/src/lib/logger.ts:106
[  857866ms] [LOG] %s [857.305] [CHAT--2096687198-chat] [VIEWPORT-SLICE] slicing mids [-2837385042_4294981170, -2837385042_4294981171, -2837385042_4294981172, -2837385042_4294981173, -2837385042_4294981174, -2837385042_4294981175, -2837385042_4294981176, -2837385042_4294981177, -2837385042_4294981178, -2837385042_4294981179, -2837385042_4294981180] @ http://localhost:8080/src/lib/logger.ts:106
[  902789ms] [WARNING] %s [902.227] [NOTIFICATIONS] clear @ http://localhost:8080/src/lib/logger.ts:126
